auc1,auc2,gap,center2,tau_r,recovered,recovered_within_window,t_return,functional_time,x_max
0.0,1.0,8,18,1.0,True,True,22.5,27.5,0.18200104307863768
0.0,1.0,8,18,1.489795918367347,True,True,23.75,26.25,0.2519349343134245
0.0,1.0,8,18,1.9795918367346939,True,True,24.950000000000003,25.049999999999997,0.3105891416457283
0.0,1.0,8,18,2.4693877551020407,True,True,26.25,23.75,0.36021930637014193
0.0,1.0,8,18,2.9591836734693877,True,True,27.55,22.45,0.4026969070692221
0.0,1.0,8,18,3.4489795918367347,True,True,28.950000000000003,21.049999999999997,0.43943520112809153
0.0,1.0,8,18,3.9387755102040813,True,True,30.35,19.65,0.47152888854216757
0.0,1.0,8,18,4.428571428571429,True,True,31.75,18.25,0.4998461335765961
0.0,1.0,8,18,4.918367346938775,True,True,33.15,16.85,0.5250147970556169
0.0,1.0,8,18,5.408163265306122,True,True,34.6,15.399999999999999,0.5475396117237453
0.0,1.0,8,18,5.8979591836734695,True,True,36.050000000000004,13.949999999999996,0.5678488153730933
0.0,1.0,8,18,6.387755102040816,True,True,37.45,12.549999999999997,0.5862500430367044
0.0,1.0,8,18,6.877551020408163,True,True,38.900000000000006,11.099999999999994,0.6030027873128087
0.0,1.0,8,18,7.36734693877551,True,True,40.35,9.649999999999999,0.6183325705961544
0.0,1.0,8,18,7.857142857142857,True,True,41.800000000000004,8.199999999999996,0.6324304819724262
0.0,1.0,8,18,8.346938775510203,True,True,43.25,6.75,0.6454270952656792
0.0,1.0,8,18,8.83673469387755,True,True,44.7,5.299999999999997,0.6574546797279326
0.0,1.0,8,18,9.326530612244898,True,True,46.2,3.799999999999997,0.6686235792933684
0.0,1.0,8,18,9.816326530612244,True,True,47.650000000000006,2.3499999999999943,0.6790266426071984
0.0,1.0,8,18,10.306122448979592,True,True,49.1,0.8999999999999986,0.6887425342848115
0.0,1.0,8,18,10.795918367346939,True,False,50.550000000000004,-0.5500000000000043,0.6978383330098776
0.0,1.0,8,18,11.285714285714285,True,False,52.0,-2.0,0.7063718642524063
0.0,1.0,8,18,11.775510204081632,True,False,53.45,-3.450000000000003,0.7143931666974632
0.0,1.0,8,18,12.26530612244898,True,False,54.95,-4.950000000000003,0.7219462467766743
0.0,1.0,8,18,12.755102040816325,True,False,56.400000000000006,-6.400000000000006,0.7290968212379062
0.0,1.0,8,18,13.244897959183673,True,False,57.85,-7.850000000000001,0.7358526404737008
0.0,1.0,8,18,13.73469387755102,True,False,59.300000000000004,-9.300000000000004,0.7422430420985826
0.0,1.0,8,18,14.224489795918368,True,False,60.800000000000004,-10.800000000000004,0.7483148443221312
0.0,1.0,8,18,14.714285714285714,True,False,62.25,-12.25,0.7540878008148566
0.0,1.0,8,18,15.204081632653061,True,False,63.7,-13.700000000000003,0.7595667626651892
0.0,1.0,8,18,15.693877551020408,True,False,65.15,-15.150000000000006,0.7648055127090553
0.0,1.0,8,18,16.183673469387756,True,False,66.65,-16.650000000000006,0.7697927051563797
0.0,1.0,8,18,16.6734693877551,True,False,68.10000000000001,-18.10000000000001,0.7745582756790304
0.0,1.0,8,18,17.163265306122447,True,False,69.55,-19.549999999999997,0.7791183321778571
0.0,1.0,8,18,17.653061224489797,True,False,71.0,-21.0,0.7834768216526893
0.0,1.0,8,18,18.142857142857142,True,False,72.5,-22.5,0.7876623697606311
0.0,1.0,8,18,18.632653061224488,True,False,73.95,-23.950000000000003,0.7916679444055358
0.0,1.0,8,18,19.122448979591837,True,False,75.4,-25.400000000000006,0.7955222800716415
0.0,1.0,8,18,19.612244897959183,True,False,76.9,-26.900000000000006,0.7992196557561233
0.0,1.0,8,18,20.10204081632653,True,False,78.35000000000001,-28.35000000000001,0.8027788366127144
0.0,1.0,8,18,20.591836734693878,True,False,79.80000000000001,-29.80000000000001,0.8062054310410606
0.0,1.0,8,18,21.081632653061224,False,False,,-inf,0.8094997698082437
0.0,1.0,8,18,21.57142857142857,False,False,,-inf,0.812687004080867
0.0,1.0,8,18,22.06122448979592,False,False,,-inf,0.8157473755002322
0.0,1.0,8,18,22.551020408163264,False,False,,-inf,0.818716765576221
0.0,1.0,8,18,23.04081632653061,False,False,,-inf,0.821577488404467
0.0,1.0,8,18,23.53061224489796,False,False,,-inf,0.8243395519526376
0.0,1.0,8,18,24.020408163265305,False,False,,-inf,0.8270215277603892
0.0,1.0,8,18,24.51020408163265,False,False,,-inf,0.8296065018545187
0.0,1.0,8,18,25.0,False,False,,-inf,0.8321151925703543
0.0,1.0,12,22,1.0,True,True,26.5,23.5,0.18200104253735092
0.0,1.0,12,22,1.489795918367347,True,True,27.75,22.25,0.2519349344112801
0.0,1.0,12,22,1.9795918367346939,True,True,28.950000000000003,21.049999999999997,0.31058914056868914
0.0,1.0,12,22,2.4693877551020407,True,True,30.25,19.75,0.3602193052779281
0.0,1.0,12,22,2.9591836734693877,True,True,31.55,18.45,0.40269690707905587
0.0,1.0,12,22,3.4489795918367347,True,True,32.95,17.049999999999997,0.4394351997316366
0.0,1.0,12,22,3.9387755102040813,True,True,34.35,15.649999999999999,0.47152887749145
0.0,1.0,12,22,4.428571428571429,True,True,35.75,14.25,0.49984611608974217
0.0,1.0,12,22,4.918367346938775,True,True,37.15,12.850000000000001,0.5250148118400861
0.0,1.0,12,22,5.408163265306122,True,True,38.6,11.399999999999999,0.5475396137541754
0.0,1.0,12,22,5.8979591836734695,True,True,40.050000000000004,9.949999999999996,0.5678488353053207
0.0,1.0,12,22,6.387755102040816,True,True,41.45,8.549999999999997,0.5862500539363455
0.0,1.0,12,22,6.877551020408163,True,True,42.900000000000006,7.099999999999994,0.603002790930684
0.0,1.0,12,22,7.36734693877551,True,True,44.35,5.649999999999999,0.6183325693771796
0.0,1.0,12,22,7.857142857142857,True,True,45.800000000000004,4.199999999999996,0.6324304678978595
0.0,1.0,12,22,8.346938775510203,True,True,47.25,2.75,0.6454271224176704
0.0,1.0,12,22,8.83673469387755,True,True,48.7,1.2999999999999972,0.6574546715488852
0.0,1.0,12,22,9.326530612244898,True,False,50.2,-0.20000000000000284,0.6686236119116415
0.0,1.0,12,22,9.816326530612244,True,False,51.650000000000006,-1.6500000000000057,0.6790266148471233
0.0,1.0,12,22,10.306122448979592,True,False,53.1,-3.1000000000000014,0.6887424662432118
0.0,1.0,12,22,10.795918367346939,True,False,54.550000000000004,-4.550000000000004,0.6978382782819249
0.0,1.0,12,22,11.285714285714285,True,False,56.0,-6.0,0.7063718406383529
0.0,1.0,12,22,11.775510204081632,True,False,57.45,-7.450000000000003,0.7143931254229875
0.0,1.0,12,22,12.26530612244898,True,False,58.95,-8.950000000000003,0.7219462159683524
0.0,1.0,12,22,12.755102040816325,True,False,60.400000000000006,-10.400000000000006,0.7290968248243263
0.0,1.0,12,22,13.244897959183673,True,False,61.85,-11.850000000000001,0.73585263960438
0.0,1.0,12,22,13.73469387755102,True,False,63.300000000000004,-13.300000000000004,0.7422430710783148
0.0,1.0,12,22,14.224489795918368,True,False,64.8,-14.799999999999997,0.7483148748772106
0.0,1.0,12,22,14.714285714285714,True,False,66.25,-16.25,0.7540878269796619
0.0,1.0,12,22,15.204081632653061,True,False,67.7,-17.700000000000003,0.759566788664981
0.0,1.0,12,22,15.693877551020408,True,False,69.15,-19.150000000000006,0.7648055341568437
0.0,1.0,12,22,16.183673469387756,True,False,70.65,-20.650000000000006,0.7697927455789254
0.0,1.0,12,22,16.6734693877551,True,False,72.10000000000001,-22.10000000000001,0.7745583159216434
0.0,1.0,12,22,17.163265306122447,True,False,73.55,-23.549999999999997,0.7791183790085888
0.0,1.0,12,22,17.653061224489797,True,False,75.0,-25.0,0.7834768744282999
0.0,1.0,12,22,18.142857142857142,True,False,76.5,-26.5,0.7876624214700437
0.0,1.0,12,22,18.632653061224488,True,False,77.95,-27.950000000000003,0.7916679701479729
0.0,1.0,12,22,19.122448979591837,True,False,79.4,-29.400000000000006,0.7955222997688859
0.0,1.0,12,22,19.612244897959183,False,False,,-inf,0.7992196832239551
0.0,1.0,12,22,20.10204081632653,False,False,,-inf,0.8027788550444739
0.0,1.0,12,22,20.591836734693878,False,False,,-inf,0.8062054608675391
0.0,1.0,12,22,21.081632653061224,False,False,,-inf,0.8094998038188529
0.0,1.0,12,22,21.57142857142857,False,False,,-inf,0.8126870318727065
0.0,1.0,12,22,22.06122448979592,False,False,,-inf,0.8157473971660356
0.0,1.0,12,22,22.551020408163264,False,False,,-inf,0.8187168038615695
0.0,1.0,12,22,23.04081632653061,False,False,,-inf,0.8215775092062121
0.0,1.0,12,22,23.53061224489796,False,False,,-inf,0.8243395794207569
0.0,1.0,12,22,24.020408163265305,False,False,,-inf,0.8270215530419742
0.0,1.0,12,22,24.51020408163265,False,False,,-inf,0.8296065259904251
0.0,1.0,12,22,25.0,False,False,,-inf,0.8321152238973822
0.0,1.0,16,26,1.0,True,True,30.5,19.5,0.18200104310455345
0.0,1.0,16,26,1.489795918367347,True,True,31.75,18.25,0.2519349336464512
0.0,1.0,16,26,1.9795918367346939,True,True,32.95,17.049999999999997,0.3105891396372873
0.0,1.0,16,26,2.4693877551020407,True,True,34.25,15.75,0.36021930217236453
0.0,1.0,16,26,2.9591836734693877,True,True,35.550000000000004,14.449999999999996,0.4026969066651655
0.0,1.0,16,26,3.4489795918367347,True,True,36.95,13.049999999999997,0.4394351905797226
0.0,1.0,16,26,3.9387755102040813,True,True,38.35,11.649999999999999,0.47152885594863336
0.0,1.0,16,26,4.428571428571429,True,True,39.75,10.25,0.4998461175435734
0.0,1.0,16,26,4.918367346938775,True,True,41.150000000000006,8.849999999999994,0.5250148567366943
0.0,1.0,16,26,5.408163265306122,True,True,42.6,7.399999999999999,0.5475396284853671
0.0,1.0,16,26,5.8979591836734695,True,True,44.050000000000004,5.949999999999996,0.5678487812762645
0.0,1.0,16,26,6.387755102040816,True,True,45.45,4.549999999999997,0.5862499853504168
0.0,1.0,16,26,6.877551020408163,True,True,46.900000000000006,3.0999999999999943,0.6030027996396792
0.0,1.0,16,26,7.36734693877551,True,True,48.35,1.6499999999999986,0.6183326119901418
0.0,1.0,16,26,7.857142857142857,True,True,49.800000000000004,0.19999999999999574,0.6324305489398144
0.0,1.0,16,26,8.346938775510203,True,False,51.25,-1.25,0.6454271089388233
0.0,1.0,16,26,8.83673469387755,True,False,52.7,-2.700000000000003,0.6574546311758435
0.0,1.0,16,26,9.326530612244898,True,False,54.2,-4.200000000000003,0.6686235709600883
0.0,1.0,16,26,9.816326530612244,True,False,55.650000000000006,-5.650000000000006,0.6790266075107518
0.0,1.0,16,26,10.306122448979592,True,False,57.1,-7.100000000000001,0.6887424674390239
0.0,1.0,16,26,10.795918367346939,True,False,58.550000000000004,-8.550000000000004,0.6978383254503017
0.0,1.0,16,26,11.285714285714285,True,False,60.0,-10.0,0.7063718939067825
0.0,1.0,16,26,11.775510204081632,True,False,61.45,-11.450000000000003,0.714393180379597
0.0,1.0,16,26,12.26530612244898,True,False,62.95,-12.950000000000003,0.721946272538318
0.0,1.0,16,26,12.755102040816325,True,False,64.4,-14.400000000000006,0.7290968706804911
0.0,1.0,16,26,13.244897959183673,True,False,65.85000000000001,-15.850000000000009,0.7358526750760532
0.0,1.0,16,26,13.73469387755102,True,False,67.3,-17.299999999999997,0.742243103532043
0.0,1.0,16,26,14.224489795918368,True,False,68.8,-18.799999999999997,0.7483148885085535
0.0,1.0,16,26,14.714285714285714,True,False,70.25,-20.25,0.7540878415002471
0.0,1.0,16,26,15.204081632653061,True,False,71.7,-21.700000000000003,0.7595667887056138
0.0,1.0,16,26,15.693877551020408,True,False,73.15,-23.150000000000006,0.7648055055861274
0.0,1.0,16,26,16.183673469387756,True,False,74.65,-24.650000000000006,0.7697927085532958
0.0,1.0,16,26,16.6734693877551,True,False,76.10000000000001,-26.10000000000001,0.774558271200249
0.0,1.0,16,26,17.163265306122447,True,False,77.55000000000001,-27.55000000000001,0.7791183380152851
0.0,1.0,16,26,17.653061224489797,True,False,79.0,-29.0,0.783476816698642
0.0,1.0,16,26,18.142857142857142,False,False,,-inf,0.7876623751578944
0.0,1.0,16,26,18.632653061224488,False,False,,-inf,0.7916679137449293
0.0,1.0,16,26,19.122448979591837,False,False,,-inf,0.795522265655548
0.0,1.0,16,26,19.612244897959183,False,False,,-inf,0.7992196424771093
0.0,1.0,16,26,20.10204081632653,False,False,,-inf,0.8027788285485687
0.0,1.0,16,26,20.591836734693878,False,False,,-inf,0.8062054198979578
0.0,1.0,16,26,21.081632653061224,False,False,,-inf,0.8094997591809407
0.0,1.0,16,26,21.57142857142857,False,False,,-inf,0.8126869845478525
0.0,1.0,16,26,22.06122448979592,False,False,,-inf,0.8157473487992478
0.0,1.0,16,26,22.551020408163264,False,False,,-inf,0.8187167608274436
0.0,1.0,16,26,23.04081632653061,False,False,,-inf,0.8215774642756729
0.0,1.0,16,26,23.53061224489796,False,False,,-inf,0.8243395442777555
0.0,1.0,16,26,24.020408163265305,False,False,,-inf,0.8270215081282731
0.0,1.0,16,26,24.51020408163265,False,False,,-inf,0.8296064809313412
0.0,1.0,16,26,25.0,False,False,,-inf,0.832115189229587
0.0,1.0,20,30,1.0,True,True,34.5,15.5,0.18200104287055877
0.0,1.0,20,30,1.489795918367347,True,True,35.75,14.25,0.2519349336436763
0.0,1.0,20,30,1.9795918367346939,True,True,36.95,13.049999999999997,0.3105891399282466
0.0,1.0,20,30,2.4693877551020407,True,True,38.25,11.75,0.36021930468271907
0.0,1.0,20,30,2.9591836734693877,True,True,39.550000000000004,10.449999999999996,0.40269691470757074
0.0,1.0,20,30,3.4489795918367347,True,True,40.95,9.049999999999997,0.4394352069119411
0.0,1.0,20,30,3.9387755102040813,True,True,42.35,7.649999999999999,0.471528848300139
0.0,1.0,20,30,4.428571428571429,True,True,43.75,6.25,0.4998460841498075
0.0,1.0,20,30,4.918367346938775,True,True,45.150000000000006,4.849999999999994,0.52501484162477
0.0,1.0,20,30,5.408163265306122,True,True,46.6,3.3999999999999986,0.5475396683682877
0.0,1.0,20,30,5.8979591836734695,True,True,48.050000000000004,1.9499999999999957,0.5678488308663796
0.0,1.0,20,30,6.387755102040816,True,True,49.45,0.5499999999999972,0.5862500025462969
0.0,1.0,20,30,6.877551020408163,True,False,50.900000000000006,-0.9000000000000057,0.6030027450486116
0.0,1.0,20,30,7.36734693877551,True,False,52.35,-2.3500000000000014,0.6183325287683099
0.0,1.0,20,30,7.857142857142857,True,False,53.800000000000004,-3.8000000000000043,0.6324305659160903
0.0,1.0,20,30,8.346938775510203,True,False,55.25,-5.25,0.6454271670702206
0.0,1.0,20,30,8.83673469387755,True,False,56.7,-6.700000000000003,0.6574547016404189
0.0,1.0,20,30,9.326530612244898,True,False,58.2,-8.200000000000003,0.6686235979095279
0.0,1.0,20,30,9.816326530612244,True,False,59.650000000000006,-9.650000000000006,0.6790266057077129
0.0,1.0,20,30,10.306122448979592,True,False,61.1,-11.100000000000001,0.6887424432938362
0.0,1.0,20,30,10.795918367346939,True,False,62.550000000000004,-12.550000000000004,0.6978382772824597
0.0,1.0,20,30,11.285714285714285,True,False,64.0,-14.0,0.7063718392860487
0.0,1.0,20,30,11.775510204081632,True,False,65.45,-15.450000000000003,0.714393105829356
0.0,1.0,20,30,12.26530612244898,True,False,66.95,-16.950000000000003,0.7219462395200797
0.0,1.0,20,30,12.755102040816325,True,False,68.4,-18.400000000000006,0.7290968404354051
0.0,1.0,20,30,13.244897959183673,True,False,69.85000000000001,-19.85000000000001,0.7358526672103427
0.0,1.0,20,30,13.73469387755102,True,False,71.3,-21.299999999999997,0.7422430785330805
0.0,1.0,20,30,14.224489795918368,True,False,72.8,-22.799999999999997,0.7483148834671666
0.0,1.0,20,30,14.714285714285714,True,False,74.25,-24.25,0.7540878261840167
0.0,1.0,20,30,15.204081632653061,True,False,75.7,-25.700000000000003,0.7595667867570642
0.0,1.0,20,30,15.693877551020408,True,False,77.15,-27.150000000000006,0.764805565769791
0.0,1.0,20,30,16.183673469387756,True,False,78.65,-28.650000000000006,0.7697927545174987
0.0,1.0,20,30,16.6734693877551,False,False,,-inf,0.7745583204008321
0.0,1.0,20,30,17.163265306122447,False,False,,-inf,0.7791183924573749
0.0,1.0,20,30,17.653061224489797,False,False,,-inf,0.78347687151187
0.0,1.0,20,30,18.142857142857142,False,False,,-inf,0.7876624233063191
0.0,1.0,20,30,18.632653061224488,False,False,,-inf,0.7916679683015274
0.0,1.0,20,30,19.122448979591837,False,False,,-inf,0.7955222999327783
0.0,1.0,20,30,19.612244897959183,False,False,,-inf,0.7992196861944708
0.0,1.0,20,30,20.10204081632653,False,False,,-inf,0.8027788713084999
0.0,1.0,20,30,20.591836734693878,False,False,,-inf,0.8062054588878718
0.0,1.0,20,30,21.081632653061224,False,False,,-inf,0.8094998075326948
0.0,1.0,20,30,21.57142857142857,False,False,,-inf,0.8126870323497027
0.0,1.0,20,30,22.06122448979592,False,False,,-inf,0.8157473839667301
0.0,1.0,20,30,22.551020408163264,False,False,,-inf,0.8187167915990522
0.0,1.0,20,30,23.04081632653061,False,False,,-inf,0.8215775086633386
0.0,1.0,20,30,23.53061224489796,False,False,,-inf,0.824339580806211
0.0,1.0,20,30,24.020408163265305,False,False,,-inf,0.827021552508976
0.0,1.0,20,30,24.51020408163265,False,False,,-inf,0.829606519609044
0.0,1.0,20,30,25.0,False,False,,-inf,0.8321152209757184
0.0,1.0,25,35,1.0,True,True,39.5,10.5,0.1820010426132247
0.0,1.0,25,35,1.489795918367347,True,True,40.75,9.25,0.2519349341159502
0.0,1.0,25,35,1.9795918367346939,True,True,41.95,8.049999999999997,0.3105891400762026
0.0,1.0,25,35,2.4693877551020407,True,True,43.25,6.75,0.3602193047849856
0.0,1.0,25,35,2.9591836734693877,True,True,44.550000000000004,5.449999999999996,0.40269690674901865
0.0,1.0,25,35,3.4489795918367347,True,True,45.95,4.049999999999997,0.43943519123509944
0.0,1.0,25,35,3.9387755102040813,True,True,47.35,2.6499999999999986,0.4715288561722785
0.0,1.0,25,35,4.428571428571429,True,True,48.75,1.25,0.49984611075830704
0.0,1.0,25,35,4.918367346938775,True,False,50.150000000000006,-0.15000000000000568,0.5250148385716545
0.0,1.0,25,35,5.408163265306122,True,False,51.6,-1.6000000000000014,0.5475396756131977
0.0,1.0,25,35,5.8979591836734695,True,False,53.050000000000004,-3.0500000000000043,0.5678487559042553
0.0,1.0,25,35,6.387755102040816,True,False,54.45,-4.450000000000003,0.5862499815092758
0.0,1.0,25,35,6.877551020408163,True,False,55.900000000000006,-5.900000000000006,0.6030028009622735
0.0,1.0,25,35,7.36734693877551,True,False,57.35,-7.350000000000001,0.6183326101083649
0.0,1.0,25,35,7.857142857142857,True,False,58.800000000000004,-8.800000000000004,0.6324305465864152
0.0,1.0,25,35,8.346938775510203,True,False,60.25,-10.25,0.645427104812163
0.0,1.0,25,35,8.83673469387755,True,False,61.7,-11.700000000000003,0.6574546385880875
0.0,1.0,25,35,9.326530612244898,True,False,63.2,-13.200000000000003,0.6686235819241931
0.0,1.0,25,35,9.816326530612244,True,False,64.65,-14.650000000000006,0.6790266065760047
0.0,1.0,25,35,10.306122448979592,True,False,66.10000000000001,-16.10000000000001,0.6887424859938212
0.0,1.0,25,35,10.795918367346939,True,False,67.55,-17.549999999999997,0.6978383393267867
0.0,1.0,25,35,11.285714285714285,True,False,69.0,-19.0,0.7063719065715328
0.0,1.0,25,35,11.775510204081632,True,False,70.45,-20.450000000000003,0.7143931807239403
0.0,1.0,25,35,12.26530612244898,True,False,71.95,-21.950000000000003,0.7219462680348622
0.0,1.0,25,35,12.755102040816325,True,False,73.4,-23.400000000000006,0.7290968657926468
0.0,1.0,25,35,13.244897959183673,True,False,74.85000000000001,-24.85000000000001,0.7358526550736667
0.0,1.0,25,35,13.73469387755102,True,False,76.3,-26.299999999999997,0.742243094660042
0.0,1.0,25,35,14.224489795918368,True,False,77.80000000000001,-27.80000000000001,0.7483148420435309
0.0,1.0,25,35,14.714285714285714,True,False,79.25,-29.25,0.7540877905895327
0.0,1.0,25,35,15.204081632653061,False,False,,-inf,0.7595667623844504
0.0,1.0,25,35,15.693877551020408,False,False,,-inf,0.7648055027253035
0.0,1.0,25,35,16.183673469387756,False,False,,-inf,0.7697926999327827
0.0,1.0,25,35,16.6734693877551,False,False,,-inf,0.7745582631552572
0.0,1.0,25,35,17.163265306122447,False,False,,-inf,0.7791183322369772
0.0,1.0,25,35,17.653061224489797,False,False,,-inf,0.7834768157381884
0.0,1.0,25,35,18.142857142857142,False,False,,-inf,0.787662366801435
0.0,1.0,25,35,18.632653061224488,False,False,,-inf,0.7916679161411672
0.0,1.0,25,35,19.122448979591837,False,False,,-inf,0.7955222724181206
0.0,1.0,25,35,19.612244897959183,False,False,,-inf,0.7992196670796806
0.0,1.0,25,35,20.10204081632653,False,False,,-inf,0.8027788360229068
0.0,1.0,25,35,20.591836734693878,False,False,,-inf,0.8062054240723968
0.0,1.0,25,35,21.081632653061224,False,False,,-inf,0.8094997631922998
0.0,1.0,25,35,21.57142857142857,False,False,,-inf,0.8126869927633151
0.0,1.0,25,35,22.06122448979592,False,False,,-inf,0.8157473658008891
0.0,1.0,25,35,22.551020408163264,False,False,,-inf,0.8187167749642273
0.0,1.0,25,35,23.04081632653061,False,False,,-inf,0.8215775059265951
0.0,1.0,25,35,23.53061224489796,False,False,,-inf,0.8243395806808704
0.0,1.0,25,35,24.020408163265305,False,False,,-inf,0.8270215527767163
0.0,1.0,25,35,24.51020408163265,False,False,,-inf,0.8296065221722405
0.0,1.0,25,35,25.0,False,False,,-inf,0.8321152179164747
0.25,1.0,8,18,1.0,True,True,22.5,27.5,0.18226387919618967
0.25,1.0,8,18,1.489795918367347,True,True,23.75,26.25,0.25325829411702827
0.25,1.0,8,18,1.9795918367346939,True,True,24.950000000000003,25.049999999999997,0.3142602340013646
0.25,1.0,8,18,2.4693877551020407,True,True,26.25,23.75,0.3674562254852725
0.25,1.0,8,18,2.9591836734693877,True,True,27.6,22.4,0.41447015551077776
0.25,1.0,8,18,3.4489795918367347,True,True,29.0,21.0,0.4564259193399701
0.25,1.0,8,18,3.9387755102040813,True,True,30.450000000000003,19.549999999999997,0.4941308675857841
0.25,1.0,8,18,4.428571428571429,True,True,31.900000000000002,18.099999999999998,0.5282568023424191
0.25,1.0,8,18,4.918367346938775,True,True,33.4,16.6,0.5592916792200788
0.25,1.0,8,18,5.408163265306122,True,True,34.9,15.100000000000001,0.5876551858050295
0.25,1.0,8,18,5.8979591836734695,True,True,36.4,13.600000000000001,0.6136539844324425
0.25,1.0,8,18,6.387755102040816,True,True,37.9,12.100000000000001,0.6376097929660023
0.25,1.0,8,18,6.877551020408163,True,True,39.45,10.549999999999997,0.6597212919541192
0.25,1.0,8,18,7.36734693877551,True,True,40.95,9.049999999999997,0.6802259912208253
0.25,1.0,8,18,7.857142857142857,True,True,42.5,7.5,0.6992867152177923
0.25,1.0,8,18,8.346938775510203,True,True,44.050000000000004,5.949999999999996,0.7170449440054202
0.25,1.0,8,18,8.83673469387755,True,True,45.550000000000004,4.449999999999996,0.7336334613877551
0.25,1.0,8,18,9.326530612244898,True,True,47.1,2.8999999999999986,0.7491661212478768
0.25,1.0,8,18,9.816326530612244,True,True,48.650000000000006,1.3499999999999943,0.7637416812243131
0.25,1.0,8,18,10.306122448979592,True,False,50.2,-0.20000000000000284,0.7774460374629527
0.25,1.0,8,18,10.795918367346939,True,False,51.75,-1.75,0.7903542091334415
0.25,1.0,8,18,11.285714285714285,True,False,53.300000000000004,-3.3000000000000043,0.8025383762926569
0.25,1.0,8,18,11.775510204081632,True,False,54.900000000000006,-4.900000000000006,0.814071640465664
0.25,1.0,8,18,12.26530612244898,True,False,56.45,-6.450000000000003,0.8249874999635857
0.25,1.0,8,18,12.755102040816325,True,False,58.0,-8.0,0.8353317479224285
0.25,1.0,8,18,13.244897959183673,True,False,59.550000000000004,-9.550000000000004,0.8451579656362219
0.25,1.0,8,18,13.73469387755102,True,False,61.1,-11.100000000000001,0.8545160904016934
0.25,1.0,8,18,14.224489795918368,True,False,62.650000000000006,-12.650000000000006,0.8634143115010775
0.25,1.0,8,18,14.714285714285714,True,False,64.25,-14.25,0.8719025032187838
0.25,1.0,8,18,15.204081632653061,True,False,65.8,-15.799999999999997,0.8800118275627767
0.25,1.0,8,18,15.693877551020408,True,False,67.35000000000001,-17.35000000000001,0.8877427756590626
0.25,1.0,8,18,16.183673469387756,True,False,68.95,-18.950000000000003,0.8951651475506066
0.25,1.0,8,18,16.6734693877551,True,False,70.5,-20.5,0.9022523633846654
0.25,1.0,8,18,17.163265306122447,True,False,72.05,-22.049999999999997,0.9090607469335048
0.25,1.0,8,18,17.653061224489797,True,False,73.65,-23.650000000000006,0.9155811521254527
0.25,1.0,8,18,18.142857142857142,True,False,75.2,-25.200000000000003,0.9218530953842557
0.25,1.0,8,18,18.632653061224488,True,False,76.75,-26.75,0.9278708920244116
0.25,1.0,8,18,19.122448979591837,True,False,78.35000000000001,-28.35000000000001,0.9336710864257105
0.25,1.0,8,18,19.612244897959183,True,False,79.9,-29.900000000000006,0.9392401910870332
0.25,1.0,8,18,20.10204081632653,False,False,,-inf,0.9446232959317434
0.25,1.0,8,18,20.591836734693878,False,False,,-inf,0.9497940467406036
0.25,1.0,8,18,21.081632653061224,False,False,,-inf,0.9548018962397522
0.25,1.0,8,18,21.57142857142857,False,False,,-inf,0.9596240509093593
0.25,1.0,8,18,22.06122448979592,False,False,,-inf,0.964285680131167
0.25,1.0,8,18,22.551020408163264,False,False,,-inf,0.9687959035872045
0.25,1.0,8,18,23.04081632653061,False,False,,-inf,0.9731441408526186
0.25,1.0,8,18,23.53061224489796,False,False,,-inf,0.9773723807080561
0.25,1.0,8,18,24.020408163265305,False,False,,-inf,0.9814556014944601
0.25,1.0,8,18,24.51020408163265,False,False,,-inf,0.9854080987198077
0.25,1.0,8,18,25.0,False,False,,-inf,0.9892517147393212
0.25,1.0,12,22,1.0,True,True,26.5,23.5,0.18200589408277798
0.25,1.0,12,22,1.489795918367347,True,True,27.75,22.25,0.25202527648079437
0.25,1.0,12,22,1.9795918367346939,True,True,28.950000000000003,21.049999999999997,0.3110675698290802
0.25,1.0,12,22,2.4693877551020407,True,True,30.25,19.75,0.36163516598684103
0.25,1.0,12,22,2.9591836734693877,True,True,31.6,18.4,0.4057110202042316
0.25,1.0,12,22,3.4489795918367347,True,True,32.95,17.049999999999997,0.44471163934962965
0.25,1.0,12,22,3.9387755102040813,True,True,34.4,15.600000000000001,0.47966220053101377
0.25,1.0,12,22,4.428571428571429,True,True,35.800000000000004,14.199999999999996,0.5112859048277173
0.25,1.0,12,22,4.918367346938775,True,True,37.25,12.75,0.5401154059964127
0.25,1.0,12,22,5.408163265306122,True,True,38.75,11.25,0.5665665996479929
0.25,1.0,12,22,5.8979591836734695,True,True,40.2,9.799999999999997,0.5909755175293813
0.25,1.0,12,22,6.387755102040816,True,True,41.7,8.299999999999997,0.6135611451061942
0.25,1.0,12,22,6.877551020408163,True,True,43.2,6.799999999999997,0.6345632165631446
0.25,1.0,12,22,7.36734693877551,True,True,44.7,5.299999999999997,0.6541507038177473
0.25,1.0,12,22,7.857142857142857,True,True,46.25,3.75,0.6724589305482722
0.25,1.0,12,22,8.346938775510203,True,True,47.75,2.25,0.6896182099678374
0.25,1.0,12,22,8.83673469387755,True,True,49.25,0.75,0.7057391275799828
0.25,1.0,12,22,9.326530612244898,True,False,50.800000000000004,-0.8000000000000043,0.7209162856280309
0.25,1.0,12,22,9.816326530612244,True,False,52.35,-2.3500000000000014,0.7352314361016419
0.25,1.0,12,22,10.306122448979592,True,False,53.85,-3.8500000000000014,0.7487560595975011
0.25,1.0,12,22,10.795918367346939,True,False,55.400000000000006,-5.400000000000006,0.7615528949615742
0.25,1.0,12,22,11.285714285714285,True,False,56.95,-6.950000000000003,0.773682050478608
0.25,1.0,12,22,11.775510204081632,True,False,58.5,-8.5,0.7852136051026104
0.25,1.0,12,22,12.26530612244898,True,False,60.050000000000004,-10.050000000000004,0.7961688919884009
0.25,1.0,12,22,12.755102040816325,True,False,61.6,-11.600000000000001,0.8065869186132886
0.25,1.0,12,22,13.244897959183673,True,False,63.150000000000006,-13.150000000000006,0.8165264863125204
0.25,1.0,12,22,13.73469387755102,True,False,64.7,-14.700000000000003,0.8260133554253778
0.25,1.0,12,22,14.224489795918368,True,False,66.25,-16.25,0.8350603205675006
0.25,1.0,12,22,14.714285714285714,True,False,67.8,-17.799999999999997,0.8437317657943577
0.25,1.0,12,22,15.204081632653061,True,False,69.35000000000001,-19.35000000000001,0.8520213262046683
0.25,1.0,12,22,15.693877551020408,True,False,70.9,-20.900000000000006,0.8599654786194814
0.25,1.0,12,22,16.183673469387756,True,False,72.45,-22.450000000000003,0.8675894697492075
0.25,1.0,12,22,16.6734693877551,True,False,74.0,-24.0,0.8748986617681953
0.25,1.0,12,22,17.163265306122447,True,False,75.55,-25.549999999999997,0.8819334681167207
0.25,1.0,12,22,17.653061224489797,True,False,77.15,-27.150000000000006,0.8886848212182955
0.25,1.0,12,22,18.142857142857142,True,False,78.7,-28.700000000000003,0.8951946078851496
0.25,1.0,12,22,18.632653061224488,False,False,,-inf,0.9014531518659873
0.25,1.0,12,22,19.122448979591837,False,False,,-inf,0.9074922445293883
0.25,1.0,12,22,19.612244897959183,False,False,,-inf,0.9133131158023176
0.25,1.0,12,22,20.10204081632653,False,False,,-inf,0.9189279402163496
0.25,1.0,12,22,20.591836734693878,False,False,,-inf,0.9243582400206182
0.25,1.0,12,22,21.081632653061224,False,False,,-inf,0.9295889275076382
0.25,1.0,12,22,21.57142857142857,False,False,,-inf,0.93466893271817
0.25,1.0,12,22,22.06122448979592,False,False,,-inf,0.9395689725004482
0.25,1.0,12,22,22.551020408163264,False,False,,-inf,0.9443147580790769
0.25,1.0,12,22,23.04081632653061,False,False,,-inf,0.9489166238695443
0.25,1.0,12,22,23.53061224489796,False,False,,-inf,0.9533635047069605
0.25,1.0,12,22,24.020408163265305,False,False,,-inf,0.9576882557991265
0.25,1.0,12,22,24.51020408163265,False,False,,-inf,0.9618790891879945
0.25,1.0,12,22,25.0,False,False,,-inf,0.9659355784200366
0.25,1.0,16,26,1.0,True,True,30.5,19.5,0.18200113203974752
0.25,1.0,16,26,1.489795918367347,True,True,31.75,18.25,0.25194109762415473
0.25,1.0,16,26,1.9795918367346939,True,True,32.95,17.049999999999997,0.3106525668851582
0.25,1.0,16,26,2.4693877551020407,True,True,34.25,15.75,0.3604979433721825
0.25,1.0,16,26,2.9591836734693877,True,True,35.550000000000004,14.449999999999996,0.40347693938992446
0.25,1.0,16,26,3.4489795918367347,True,True,36.95,13.049999999999997,0.44108334668261706
0.25,1.0,16,26,3.9387755102040813,True,True,38.35,11.649999999999999,0.47447480090940264
0.25,1.0,16,26,4.428571428571429,True,True,39.75,10.25,0.5044653690559586
0.25,1.0,16,26,4.918367346938775,True,True,41.2,8.799999999999997,0.5316913997105224
0.25,1.0,16,26,5.408163265306122,True,True,42.650000000000006,7.349999999999994,0.5566071669836397
0.25,1.0,16,26,5.8979591836734695,True,True,44.150000000000006,5.849999999999994,0.5795446245587988
0.25,1.0,16,26,6.387755102040816,True,True,45.6,4.399999999999999,0.6008171605835176
0.25,1.0,16,26,6.877551020408163,True,True,47.1,2.8999999999999986,0.6205958332995757
0.25,1.0,16,26,7.36734693877551,True,True,48.550000000000004,1.4499999999999957,0.6390871585677468
0.25,1.0,16,26,7.857142857142857,True,False,50.050000000000004,-0.05000000000000426,0.6564294870536929
0.25,1.0,16,26,8.346938775510203,True,False,51.550000000000004,-1.5500000000000043,0.6727312024924292
0.25,1.0,16,26,8.83673469387755,True,False,53.1,-3.1000000000000014,0.6880956919004837
0.25,1.0,16,26,9.326530612244898,True,False,54.6,-4.600000000000001,0.7026094590897053
0.25,1.0,16,26,9.816326530612244,True,False,56.1,-6.100000000000001,0.7163460576427102
0.25,1.0,16,26,10.306122448979592,True,False,57.650000000000006,-7.650000000000006,0.7293689659455744
0.25,1.0,16,26,10.795918367346939,True,False,59.150000000000006,-9.150000000000006,0.7417455357995013
0.25,1.0,16,26,11.285714285714285,True,False,60.650000000000006,-10.650000000000006,0.7535263305227894
0.25,1.0,16,26,11.775510204081632,True,False,62.2,-12.200000000000003,0.7647429311363376
0.25,1.0,16,26,12.26530612244898,True,False,63.75,-13.75,0.7754326641659538
0.25,1.0,16,26,12.755102040816325,True,False,65.25,-15.25,0.7856504328380545
0.25,1.0,16,26,13.244897959183673,True,False,66.8,-16.799999999999997,0.7954239338706424
0.25,1.0,16,26,13.73469387755102,True,False,68.35000000000001,-18.35000000000001,0.8047638421051622
0.25,1.0,16,26,14.224489795918368,True,False,69.9,-19.900000000000006,0.8137263650274622
0.25,1.0,16,26,14.714285714285714,True,False,71.45,-21.450000000000003,0.8223166095759116
0.25,1.0,16,26,15.204081632653061,True,False,73.0,-23.0,0.8305558028264992
0.25,1.0,16,26,15.693877551020408,True,False,74.5,-24.5,0.8384844456212995
0.25,1.0,16,26,16.183673469387756,True,False,76.05,-26.049999999999997,0.8460897132209172
0.25,1.0,16,26,16.6734693877551,True,False,77.60000000000001,-27.60000000000001,0.853429973576256
0.25,1.0,16,26,17.163265306122447,True,False,79.15,-29.150000000000006,0.8604760223898662
0.25,1.0,16,26,17.653061224489797,False,False,,-inf,0.8672896370028657
0.25,1.0,16,26,18.142857142857142,False,False,,-inf,0.8738397647574125
0.25,1.0,16,26,18.632653061224488,False,False,,-inf,0.8801790305703034
0.25,1.0,16,26,19.122448979591837,False,False,,-inf,0.886286824808556
0.25,1.0,16,26,19.612244897959183,False,False,,-inf,0.892196814273168
0.25,1.0,16,26,20.10204081632653,False,False,,-inf,0.8979082832275979
0.25,1.0,16,26,20.591836734693878,False,False,,-inf,0.9034278636145491
0.25,1.0,16,26,21.081632653061224,False,False,,-inf,0.9087826658627748
0.25,1.0,16,26,21.57142857142857,False,False,,-inf,0.9139539114201343
0.25,1.0,16,26,22.06122448979592,False,False,,-inf,0.9189783556364268
0.25,1.0,16,26,22.551020408163264,False,False,,-inf,0.923844262795585
0.25,1.0,16,26,23.04081632653061,False,False,,-inf,0.9285551359462241
0.25,1.0,16,26,23.53061224489796,False,False,,-inf,0.9331436693416783
0.25,1.0,16,26,24.020408163265305,False,False,,-inf,0.9375873726794555
0.25,1.0,16,26,24.51020408163265,False,False,,-inf,0.9419013257209883
0.25,1.0,16,26,25.0,False,False,,-inf,0.9461044519831853
0.25,1.0,20,30,1.0,True,True,34.5,15.5,0.18200104484777865
0.25,1.0,20,30,1.489795918367347,True,True,35.75,14.25,0.25193535453879307
0.25,1.0,20,30,1.9795918367346939,True,True,36.95,13.049999999999997,0.3105975493138994
0.25,1.0,20,30,2.4693877551020407,True,True,38.25,11.75,0.36027445610071435
0.25,1.0,20,30,2.9591836734693877,True,True,39.550000000000004,10.449999999999996,0.40289877564812204
0.25,1.0,20,30,3.4489795918367347,True,True,40.95,9.049999999999997,0.4399519989804457
0.25,1.0,20,30,3.9387755102040813,True,True,42.35,7.649999999999999,0.4725958894886641
0.25,1.0,20,30,4.428571428571429,True,True,43.75,6.25,0.501708420826158
0.25,1.0,20,30,4.918367346938775,True,True,45.2,4.799999999999997,0.5279603654668694
0.25,1.0,20,30,5.408163265306122,True,True,46.650000000000006,3.3499999999999943,0.5518610253919791
0.25,1.0,20,30,5.8979591836734695,True,True,48.1,1.8999999999999986,0.573784801647526
0.25,1.0,20,30,6.387755102040816,True,True,49.550000000000004,0.44999999999999574,0.5940150682788399
0.25,1.0,20,30,6.877551020408163,True,False,51.0,-1.0,0.6128281220285661
0.25,1.0,20,30,7.36734693877551,True,False,52.5,-2.5,0.6303840645992549
0.25,1.0,20,30,7.857142857142857,True,False,53.95,-3.950000000000003,0.6468336958100341
0.25,1.0,20,30,8.346938775510203,True,False,55.45,-5.450000000000003,0.6623066670562747
0.25,1.0,20,30,8.83673469387755,True,False,56.95,-6.950000000000003,0.6769079782138685
0.25,1.0,20,30,9.326530612244898,True,False,58.45,-8.450000000000003,0.6907236984175915
0.25,1.0,20,30,9.816326530612244,True,False,59.95,-9.950000000000003,0.7038256707726016
0.25,1.0,20,30,10.306122448979592,True,False,61.45,-11.450000000000003,0.7162744076254234
0.25,1.0,20,30,10.795918367346939,True,False,62.95,-12.950000000000003,0.7281217063375104
0.25,1.0,20,30,11.285714285714285,True,False,64.5,-14.5,0.7394122089741739
0.25,1.0,20,30,11.775510204081632,True,False,66.0,-16.0,0.7501927873083317
0.25,1.0,20,30,12.26530612244898,True,False,67.5,-17.5,0.760516040452675
0.25,1.0,20,30,12.755102040816325,True,False,69.05,-19.049999999999997,0.770388721159884
0.25,1.0,20,30,13.244897959183673,True,False,70.55,-20.549999999999997,0.7798394851104057
0.25,1.0,20,30,13.73469387755102,True,False,72.10000000000001,-22.10000000000001,0.7889312449064718
0.25,1.0,20,30,14.224489795918368,True,False,73.60000000000001,-23.60000000000001,0.797647088784705
0.25,1.0,20,30,14.714285714285714,True,False,75.15,-25.150000000000006,0.8060278705365372
0.25,1.0,20,30,15.204081632653061,True,False,76.7,-26.700000000000003,0.8140965707496738
0.25,1.0,20,30,15.693877551020408,True,False,78.25,-28.25,0.8218532901257222
0.25,1.0,20,30,16.183673469387756,True,False,79.75,-29.75,0.8293456066666048
0.25,1.0,20,30,16.6734693877551,False,False,,-inf,0.8365513552354121
0.25,1.0,20,30,17.163265306122447,False,False,,-inf,0.8435264776450959
0.25,1.0,20,30,17.653061224489797,False,False,,-inf,0.8502425352611466
0.25,1.0,20,30,18.142857142857142,False,False,,-inf,0.8567507134664815
0.25,1.0,20,30,18.632653061224488,False,False,,-inf,0.8630290386337637
0.25,1.0,20,30,19.122448979591837,False,False,,-inf,0.869113137113094
0.25,1.0,20,30,19.612244897959183,False,False,,-inf,0.874998217767263
0.25,1.0,20,30,20.10204081632653,False,False,,-inf,0.8806953196490473
0.25,1.0,20,30,20.591836734693878,False,False,,-inf,0.8862254720665292
0.25,1.0,20,30,21.081632653061224,False,False,,-inf,0.8915723592172556
0.25,1.0,20,30,21.57142857142857,False,False,,-inf,0.8967766209788157
0.25,1.0,20,30,22.06122448979592,False,False,,-inf,0.9018183145785286
0.25,1.0,20,30,22.551020408163264,False,False,,-inf,0.9067092408485693
0.25,1.0,20,30,23.04081632653061,False,False,,-inf,0.9114728331446678
0.25,1.0,20,30,23.53061224489796,False,False,,-inf,0.916090867682936
0.25,1.0,20,30,24.020408163265305,False,False,,-inf,0.9205835029959415
0.25,1.0,20,30,24.51020408163265,False,False,,-inf,0.9249592817502216
0.25,1.0,20,30,25.0,False,False,,-inf,0.9292073122824334
0.25,1.0,25,35,1.0,True,True,39.5,10.5,0.1820010426531114
0.25,1.0,25,35,1.489795918367347,True,True,40.75,9.25,0.25193494933446037
0.25,1.0,25,35,1.9795918367346939,True,True,41.95,8.049999999999997,0.3105898123337621
0.25,1.0,25,35,2.4693877551020407,True,True,43.25,6.75,0.36022658320763584
0.25,1.0,25,35,2.9591836734693877,True,True,44.550000000000004,5.449999999999996,0.4027341685521754
0.25,1.0,25,35,3.4489795918367347,True,True,45.95,4.049999999999997,0.4395564563885971
0.25,1.0,25,35,3.9387755102040813,True,True,47.35,2.6499999999999986,0.4718286854742801
0.25,1.0,25,35,4.428571428571429,True,True,48.75,1.25,0.5004482493671091
0.25,1.0,25,35,4.918367346938775,True,False,50.150000000000006,-0.15000000000000568,0.5260805763968999
0.25,1.0,25,35,5.408163265306122,True,False,51.6,-1.6000000000000014,0.549246535015232
0.25,1.0,25,35,5.8979591836734695,True,False,53.050000000000004,-3.0500000000000043,0.5703915884263425
0.25,1.0,25,35,6.387755102040816,True,False,54.5,-4.5,0.589794397004153
0.25,1.0,25,35,6.877551020408163,True,False,55.95,-5.950000000000003,0.6077518876542208
0.25,1.0,25,35,7.36734693877551,True,False,57.45,-7.450000000000003,0.6244370386075672
0.25,1.0,25,35,7.857142857142857,True,False,58.900000000000006,-8.900000000000006,0.6400325160423932
0.25,1.0,25,35,8.346938775510203,True,False,60.35,-10.350000000000001,0.6546860477403942
0.25,1.0,25,35,8.83673469387755,True,False,61.85,-11.850000000000001,0.6684901804838224
0.25,1.0,25,35,9.326530612244898,True,False,63.35,-13.350000000000001,0.6815380525687433
0.25,1.0,25,35,9.816326530612244,True,False,64.85000000000001,-14.850000000000009,0.6939065948242956
0.25,1.0,25,35,10.306122448979592,True,False,66.3,-16.299999999999997,0.7056598937260774
0.25,1.0,25,35,10.795918367346939,True,False,67.8,-17.799999999999997,0.716870905898234
0.25,1.0,25,35,11.285714285714285,True,False,69.3,-19.299999999999997,0.7275692617950921
0.25,1.0,25,35,11.775510204081632,True,False,70.8,-20.799999999999997,0.7377931640268385
0.25,1.0,25,35,12.26530612244898,True,False,72.3,-22.299999999999997,0.7475756345318537
0.25,1.0,25,35,12.755102040816325,True,False,73.85000000000001,-23.85000000000001,0.75697052639712
0.25,1.0,25,35,13.244897959183673,True,False,75.35000000000001,-25.35000000000001,0.7659916370510937
0.25,1.0,25,35,13.73469387755102,True,False,76.85000000000001,-26.85000000000001,0.7746501788492378
0.25,1.0,25,35,14.224489795918368,True,False,78.4,-28.400000000000006,0.7830003396446834
0.25,1.0,25,35,14.714285714285714,True,False,79.9,-29.900000000000006,0.7910358596963445
0.25,1.0,25,35,15.204081632653061,False,False,,-inf,0.7987811286378499
0.25,1.0,25,35,15.693877551020408,False,False,,-inf,0.8062642058943366
0.25,1.0,25,35,16.183673469387756,False,False,,-inf,0.8134775471416874
0.25,1.0,25,35,16.6734693877551,False,False,,-inf,0.8204658047673368
0.25,1.0,25,35,17.163265306122447,False,False,,-inf,0.8272075747058919
0.25,1.0,25,35,17.653061224489797,False,False,,-inf,0.8337488487239668
0.25,1.0,25,35,18.142857142857142,False,False,,-inf,0.8400691608057311
0.25,1.0,25,35,18.632653061224488,False,False,,-inf,0.8462039442129502
0.25,1.0,25,35,19.122448979591837,False,False,,-inf,0.8521454553016234
0.25,1.0,25,35,19.612244897959183,False,False,,-inf,0.8579084213568003
0.25,1.0,25,35,20.10204081632653,False,False,,-inf,0.8635074798064248
0.25,1.0,25,35,20.591836734693878,False,False,,-inf,0.8689287011440404
0.25,1.0,25,35,21.081632653061224,False,False,,-inf,0.8742166961774582
0.25,1.0,25,35,21.57142857142857,False,False,,-inf,0.879342171545769
0.25,1.0,25,35,22.06122448979592,False,False,,-inf,0.8843270636348725
0.25,1.0,25,35,22.551020408163264,False,False,,-inf,0.8891825976871869
0.25,1.0,25,35,23.04081632653061,False,False,,-inf,0.8938959210226106
0.25,1.0,25,35,23.53061224489796,False,False,,-inf,0.8984939586844368
0.25,1.0,25,35,24.020408163265305,False,False,,-inf,0.9029710641550242
0.25,1.0,25,35,24.51020408163265,False,False,,-inf,0.9073228607165584
0.25,1.0,25,35,25.0,False,False,,-inf,0.9115752281104711
0.5,1.0,8,18,1.0,True,True,22.5,27.5,0.18252671606995868
0.5,1.0,8,18,1.489795918367347,True,True,23.75,26.25,0.2546124921132258
0.5,1.0,8,18,1.9795918367346939,True,True,24.950000000000003,25.049999999999997,0.31798408429453107
0.5,1.0,8,18,2.4693877551020407,True,True,26.3,23.7,0.3748450034513909
0.5,1.0,8,18,2.9591836734693877,True,True,27.650000000000002,22.349999999999998,0.42653410668812736
0.5,1.0,8,18,3.4489795918367347,True,True,29.1,20.9,0.47382333408520694
0.5,1.0,8,18,3.9387755102040813,True,True,30.6,19.4,0.5172991665975171
0.5,1.0,8,18,4.428571428571429,True,True,32.1,17.9,0.5573756744930768
0.5,1.0,8,18,4.918367346938775,True,True,33.65,16.35,0.5944136992970656
0.5,1.0,8,18,5.408163265306122,True,True,35.2,14.799999999999997,0.6286852693958659
0.5,1.0,8,18,5.8979591836734695,True,True,36.75,13.25,0.6605131315536928
0.5,1.0,8,18,6.387755102040816,True,True,38.35,11.649999999999999,0.6900875355652681
0.5,1.0,8,18,6.877551020408163,True,True,39.900000000000006,10.099999999999994,0.7176391769484303
0.5,1.0,8,18,7.36734693877551,True,True,41.5,8.5,0.7433787754682873
0.5,1.0,8,18,7.857142857142857,True,True,43.1,6.899999999999999,0.7674507411340904
0.5,1.0,8,18,8.346938775510203,True,True,44.75,5.25,0.7900081888304171
0.5,1.0,8,18,8.83673469387755,True,True,46.35,3.6499999999999986,0.8111861209942093
0.5,1.0,8,18,9.326530612244898,True,True,47.95,2.049999999999997,0.831104285273439
0.5,1.0,8,18,9.816326530612244,True,True,49.6,0.3999999999999986,0.849868483188837
0.5,1.0,8,18,10.306122448979592,True,False,51.25,-1.25,0.8675728434980352
0.5,1.0,8,18,10.795918367346939,True,False,52.85,-2.8500000000000014,0.8843189537258043
0.5,1.0,8,18,11.285714285714285,True,False,54.5,-4.5,0.9001738979048831
0.5,1.0,8,18,11.775510204081632,True,False,56.150000000000006,-6.150000000000006,0.9151982193021153
0.5,1.0,8,18,12.26530612244898,True,False,57.75,-7.75,0.9294517491001354
0.5,1.0,8,18,12.755102040816325,True,False,59.400000000000006,-9.400000000000006,0.9430070738188658
0.5,1.0,8,18,13.244897959183673,True,False,61.050000000000004,-11.050000000000004,0.9559165343327489
0.5,1.0,8,18,13.73469387755102,True,False,62.7,-12.700000000000003,0.9682038003277189
0.5,1.0,8,18,14.224489795918368,True,False,64.35000000000001,-14.350000000000009,0.9799303441168291
0.5,1.0,8,18,14.714285714285714,True,False,66.0,-16.0,0.9911366552386311
0.5,1.0,8,18,15.204081632653061,True,False,67.65,-17.650000000000006,1.0018309575628925
0.5,1.0,8,18,15.693877551020408,True,False,69.3,-19.299999999999997,1.0120902727996812
0.5,1.0,8,18,16.183673469387756,True,False,70.95,-20.950000000000003,1.0219000440240498
0.5,1.0,8,18,16.6734693877551,True,False,72.60000000000001,-22.60000000000001,1.0313151754138112
0.5,1.0,8,18,17.163265306122447,True,False,74.25,-24.25,1.0403454248219717
0.5,1.0,8,18,17.653061224489797,True,False,75.9,-25.900000000000006,1.0490204764541935
0.5,1.0,8,18,18.142857142857142,True,False,77.55000000000001,-27.55000000000001,1.0573593443615585
0.5,1.0,8,18,18.632653061224488,True,False,79.2,-29.200000000000003,1.0653821328042012
0.5,1.0,8,18,19.122448979591837,False,False,,-inf,1.07310391266736
0.5,1.0,8,18,19.612244897959183,False,False,,-inf,1.0805486417486485
0.5,1.0,8,18,20.10204081632653,False,False,,-inf,1.0877167399077514
0.5,1.0,8,18,20.591836734693878,False,False,,-inf,1.094647019403008
0.5,1.0,8,18,21.081632653061224,False,False,,-inf,1.1013179587036548
0.5,1.0,8,18,21.57142857142857,False,False,,-inf,1.1077858418505728
0.5,1.0,8,18,22.06122448979592,False,False,,-inf,1.114022527486427
0.5,1.0,8,18,22.551020408163264,False,False,,-inf,1.1200590034233917
0.5,1.0,8,18,23.04081632653061,False,False,,-inf,1.125904960583679
0.5,1.0,8,18,23.53061224489796,False,False,,-inf,1.1315506505318162
0.5,1.0,8,18,24.020408163265305,False,False,,-inf,1.1370409218923754
0.5,1.0,8,18,24.51020408163265,False,False,,-inf,1.1423520269324776
0.5,1.0,8,18,25.0,False,False,,-inf,1.1474966885984255
0.5,1.0,12,22,1.0,True,True,26.5,23.5,0.18201074479139087
0.5,1.0,12,22,1.489795918367347,True,True,27.75,22.25,0.2521156202819672
0.5,1.0,12,22,1.9795918367346939,True,True,28.950000000000003,21.049999999999997,0.3115459982897142
0.5,1.0,12,22,2.4693877551020407,True,True,30.25,19.75,0.36307172944000815
0.5,1.0,12,22,2.9591836734693877,True,True,31.6,18.4,0.4087560505851043
0.5,1.0,12,22,3.4489795918367347,True,True,33.0,17.0,0.45004465021672535
0.5,1.0,12,22,3.9387755102040813,True,True,34.4,15.600000000000001,0.48786351401437417
0.5,1.0,12,22,4.428571428571429,True,True,35.9,14.100000000000001,0.5228340590208465
0.5,1.0,12,22,4.918367346938775,True,True,37.4,12.600000000000001,0.5553743704151968
0.5,1.0,12,22,5.408163265306122,True,True,38.900000000000006,11.099999999999994,0.5858114052508504
0.5,1.0,12,22,5.8979591836734695,True,True,40.400000000000006,9.599999999999994,0.6143494119021425
0.5,1.0,12,22,6.387755102040816,True,True,41.95,8.049999999999997,0.6412065884769824
0.5,1.0,12,22,6.877551020408163,True,True,43.5,6.5,0.6665051557383478
0.5,1.0,12,22,7.36734693877551,True,True,45.050000000000004,4.949999999999996,0.690382432119414
0.5,1.0,12,22,7.857142857142857,True,True,46.650000000000006,3.3499999999999943,0.7129556056433223
0.5,1.0,12,22,8.346938775510203,True,True,48.2,1.7999999999999972,0.7343255687759064
0.5,1.0,12,22,8.83673469387755,True,True,49.800000000000004,0.19999999999999574,0.7545820109041254
0.5,1.0,12,22,9.326530612244898,True,False,51.400000000000006,-1.4000000000000057,0.7738041261747207
0.5,1.0,12,22,9.816326530612244,True,False,53.0,-3.0,0.7920637827133905
0.5,1.0,12,22,10.306122448979592,True,False,54.6,-4.600000000000001,0.8094255168973087
0.5,1.0,12,22,10.795918367346939,True,False,56.2,-6.200000000000003,0.8259642673196934
0.5,1.0,12,22,11.285714285714285,True,False,57.800000000000004,-7.800000000000004,0.8417360624091289
0.5,1.0,12,22,11.775510204081632,True,False,59.400000000000006,-9.400000000000006,0.8567738649719807
0.5,1.0,12,22,12.26530612244898,True,False,61.050000000000004,-11.050000000000004,0.8711239510568504
0.5,1.0,12,22,12.755102040816325,True,False,62.650000000000006,-12.650000000000006,0.884867350652595
0.5,1.0,12,22,13.244897959183673,True,False,64.3,-14.299999999999997,0.8980012553330186
0.5,1.0,12,22,13.73469387755102,True,False,65.9,-15.900000000000006,0.9105759696167957
0.5,1.0,12,22,14.224489795918368,True,False,67.55,-17.549999999999997,0.9226413087652205
0.5,1.0,12,22,14.714285714285714,True,False,69.2,-19.200000000000003,0.9341934523019386
0.5,1.0,12,22,15.204081632653061,True,False,70.8,-20.799999999999997,0.9453096658760757
0.5,1.0,12,22,15.693877551020408,True,False,72.45,-22.450000000000003,0.9559685091821546
0.5,1.0,12,22,16.183673469387756,True,False,74.10000000000001,-24.10000000000001,0.9662329031264865
0.5,1.0,12,22,16.6734693877551,True,False,75.75,-25.75,0.9760949061806106
0.5,1.0,12,22,17.163265306122447,True,False,77.35000000000001,-27.35000000000001,0.9856038918088881
0.5,1.0,12,22,17.653061224489797,True,False,79.0,-29.0,0.9947514444123363
0.5,1.0,12,22,18.142857142857142,False,False,,-inf,1.003587560435668
0.5,1.0,12,22,18.632653061224488,False,False,,-inf,1.0120917011660486
0.5,1.0,12,22,19.122448979591837,False,False,,-inf,1.0203260067926283
0.5,1.0,12,22,19.612244897959183,False,False,,-inf,1.0282597016840955
0.5,1.0,12,22,20.10204081632653,False,False,,-inf,1.035941972736764
0.5,1.0,12,22,20.591836734693878,False,False,,-inf,1.0433646067879054
0.5,1.0,12,22,21.081632653061224,False,False,,-inf,1.0505425665999062
0.5,1.0,12,22,21.57142857142857,False,False,,-inf,1.0575037876667808
0.5,1.0,12,22,22.06122448979592,False,False,,-inf,1.064231393293307
0.5,1.0,12,22,22.551020408163264,False,False,,-inf,1.0707643893091445
0.5,1.0,12,22,23.04081632653061,False,False,,-inf,1.0770949955047229
0.5,1.0,12,22,23.53061224489796,False,False,,-inf,1.0832230356291461
0.5,1.0,12,22,24.020408163265305,False,False,,-inf,1.0891924054957087
0.5,1.0,12,22,24.51020408163265,False,False,,-inf,1.0949765387737187
0.5,1.0,12,22,25.0,False,False,,-inf,1.1005871506114726
0.5,1.0,16,26,1.0,True,True,30.5,19.5,0.18200122024394225
0.5,1.0,16,26,1.489795918367347,True,True,31.75,18.25,0.25194726218707886
0.5,1.0,16,26,1.9795918367346939,True,True,32.95,17.049999999999997,0.3107159935017655
0.5,1.0,16,26,2.4693877551020407,True,True,34.25,15.75,0.360776586684249
0.5,1.0,16,26,2.9591836734693877,True,True,35.550000000000004,14.449999999999996,0.4042569864305406
0.5,1.0,16,26,3.4489795918367347,True,True,36.95,13.049999999999997,0.44273149238177495
0.5,1.0,16,26,3.9387755102040813,True,True,38.35,11.649999999999999,0.4774207328502128
0.5,1.0,16,26,4.428571428571429,True,True,39.800000000000004,10.199999999999996,0.5091129273008425
0.5,1.0,16,26,4.918367346938775,True,True,41.25,8.75,0.5384022104985502
0.5,1.0,16,26,5.408163265306122,True,True,42.75,7.25,0.5656946852361407
0.5,1.0,16,26,5.8979591836734695,True,True,44.25,5.75,0.5913255127219372
0.5,1.0,16,26,6.387755102040816,True,True,45.75,4.25,0.61546900826071
0.5,1.0,16,26,6.877551020408163,True,True,47.25,2.75,0.6383033638693317
0.5,1.0,16,26,7.36734693877551,True,True,48.800000000000004,1.1999999999999957,0.659984709584638
0.5,1.0,16,26,7.857142857142857,True,False,50.300000000000004,-0.30000000000000426,0.6805974558383958
0.5,1.0,16,26,8.346938775510203,True,False,51.85,-1.8500000000000014,0.7002282411206283
0.5,1.0,16,26,8.83673469387755,True,False,53.400000000000006,-3.4000000000000057,0.7189513946453145
0.5,1.0,16,26,9.326530612244898,True,False,55.0,-5.0,0.7368378288642213
0.5,1.0,16,26,9.816326530612244,True,False,56.550000000000004,-6.550000000000004,0.7539493200610736
0.5,1.0,16,26,10.306122448979592,True,False,58.150000000000006,-8.150000000000006,0.7703233573478493
0.5,1.0,16,26,10.795918367346939,True,False,59.7,-9.700000000000003,0.7860024687279471
0.5,1.0,16,26,11.285714285714285,True,False,61.300000000000004,-11.300000000000004,0.8010248603351421
0.5,1.0,16,26,11.775510204081632,True,False,62.900000000000006,-12.900000000000006,0.8154652939880059
0.5,1.0,16,26,12.26530612244898,True,False,64.5,-14.5,0.8293190918231682
0.5,1.0,16,26,12.755102040816325,True,False,66.10000000000001,-16.10000000000001,0.8426192415979747
0.5,1.0,16,26,13.244897959183673,True,False,67.7,-17.700000000000003,0.8554330175945677
0.5,1.0,16,26,13.73469387755102,True,False,69.3,-19.299999999999997,0.8677432785508737
0.5,1.0,16,26,14.224489795918368,True,False,70.9,-20.900000000000006,0.8796069010612466
0.5,1.0,16,26,14.714285714285714,True,False,72.55,-22.549999999999997,0.8910322544095837
0.5,1.0,16,26,15.204081632653061,True,False,74.15,-24.150000000000006,0.9020453345439805
0.5,1.0,16,26,15.693877551020408,True,False,75.75,-25.75,0.9126727387180925
0.5,1.0,16,26,16.183673469387756,True,False,77.4,-27.400000000000006,0.922924233151743
0.5,1.0,16,26,16.6734693877551,True,False,79.0,-29.0,0.9328290624361765
0.5,1.0,16,26,17.163265306122447,False,False,,-inf,0.9423960606670501
0.5,1.0,16,26,17.653061224489797,False,False,,-inf,0.9516442582016151
0.5,1.0,16,26,18.142857142857142,False,False,,-inf,0.9605940195031826
0.5,1.0,16,26,18.632653061224488,False,False,,-inf,0.9692433991361709
0.5,1.0,16,26,19.122448979591837,False,False,,-inf,0.9776347050055968
0.5,1.0,16,26,19.612244897959183,False,False,,-inf,0.9857449370299319
0.5,1.0,16,26,20.10204081632653,False,False,,-inf,0.9936206680782838
0.5,1.0,16,26,20.591836734693878,False,False,,-inf,1.0012490133065155
0.5,1.0,16,26,21.081632653061224,False,False,,-inf,1.008642700636192
0.5,1.0,16,26,21.57142857142857,False,False,,-inf,1.0158318819496757
0.5,1.0,16,26,22.06122448979592,False,False,,-inf,1.0227977146129459
0.5,1.0,16,26,22.551020408163264,False,False,,-inf,1.029569248117982
0.5,1.0,16,26,23.04081632653061,False,False,,-inf,1.0361522336273894
0.5,1.0,16,26,23.53061224489796,False,False,,-inf,1.042539301713051
0.5,1.0,16,26,24.020408163265305,False,False,,-inf,1.0487603970682486
0.5,1.0,16,26,24.51020408163265,False,False,,-inf,1.0548118660383219
0.5,1.0,16,26,25.0,False,False,,-inf,1.0606905230246189
0.5,1.0,20,30,1.0,True,True,34.5,15.5,0.1820010464684433
0.5,1.0,20,30,1.489795918367347,True,True,35.75,14.25,0.25193577562809827
0.5,1.0,20,30,1.9795918367346939,True,True,36.95,13.049999999999997,0.31060595909478195
0.5,1.0,20,30,2.4693877551020407,True,True,38.25,11.75,0.36032960974563505
0.5,1.0,20,30,2.9591836734693877,True,True,39.550000000000004,10.449999999999996,0.40310064220026226
0.5,1.0,20,30,3.4489795918367347,True,True,40.95,9.049999999999997,0.4404687826286797
0.5,1.0,20,30,3.9387755102040813,True,True,42.35,7.649999999999999,0.4736629222293666
0.5,1.0,20,30,4.428571428571429,True,True,43.75,6.25,0.5035847462692393
0.5,1.0,20,30,4.918367346938775,True,True,45.2,4.799999999999997,0.5309317030019154
0.5,1.0,20,30,5.408163265306122,True,True,46.650000000000006,3.3499999999999943,0.5561948701153319
0.5,1.0,20,30,5.8979591836734695,True,True,48.150000000000006,1.8499999999999943,0.5797208077242829
0.5,1.0,20,30,6.387755102040816,True,True,49.6,0.3999999999999986,0.6018292918188142
0.5,1.0,20,30,6.877551020408163,True,False,51.1,-1.1000000000000014,0.6226851563860787
0.5,1.0,20,30,7.36734693877551,True,False,52.6,-2.6000000000000014,0.6424600459618994
0.5,1.0,20,30,7.857142857142857,True,False,54.1,-4.100000000000001,0.6612899448867606
0.5,1.0,20,30,8.346938775510203,True,False,55.650000000000006,-5.650000000000006,0.6792623996014591
0.5,1.0,20,30,8.83673469387755,True,False,57.150000000000006,-7.150000000000006,0.696450463921895
0.5,1.0,20,30,9.326530612244898,True,False,58.7,-8.700000000000003,0.7129304999814825
0.5,1.0,20,30,9.816326530612244,True,False,60.25,-10.25,0.728749404850235
0.5,1.0,20,30,10.306122448979592,True,False,61.800000000000004,-11.800000000000004,0.7439479217096631
0.5,1.0,20,30,10.795918367346939,True,False,63.35,-13.350000000000001,0.7585623571331972
0.5,1.0,20,30,11.285714285714285,True,False,64.95,-14.950000000000003,0.7726246769808328
0.5,1.0,20,30,11.775510204081632,True,False,66.5,-16.5,0.7862017080224509
0.5,1.0,20,30,12.26530612244898,True,False,68.10000000000001,-18.10000000000001,0.7992822858592488
0.5,1.0,20,30,12.755102040816325,True,False,69.65,-19.650000000000006,0.8118938572229933
0.5,1.0,20,30,13.244897959183673,True,False,71.25,-21.25,0.8240946006400038
0.5,1.0,20,30,13.73469387755102,True,False,72.85000000000001,-22.85000000000001,0.8358626629520333
0.5,1.0,20,30,14.224489795918368,True,False,74.4,-24.400000000000006,0.8472515455146894
0.5,1.0,20,30,14.714285714285714,True,False,76.0,-26.0,0.8582587095787665
0.5,1.0,20,30,15.204081632653061,True,False,77.60000000000001,-27.60000000000001,0.8689125703673691
0.5,1.0,20,30,15.693877551020408,True,False,79.2,-29.200000000000003,0.8792255055764702
0.5,1.0,20,30,16.183673469387756,False,False,,-inf,0.8892145783276179
0.5,1.0,20,30,16.6734693877551,False,False,,-inf,0.8988911072276866
0.5,1.0,20,30,17.163265306122447,False,False,,-inf,0.9082763291519033
0.5,1.0,20,30,17.653061224489797,False,False,,-inf,0.9173678115373466
0.5,1.0,20,30,18.142857142857142,False,False,,-inf,0.9262028216555208
0.5,1.0,20,30,18.632653061224488,False,False,,-inf,0.9347588244317199
0.5,1.0,20,30,19.122448979591837,False,False,,-inf,0.9430868783966163
0.5,1.0,20,30,19.612244897959183,False,False,,-inf,0.9511630972471615
0.5,1.0,20,30,20.10204081632653,False,False,,-inf,0.9590111428747455
0.5,1.0,20,30,20.591836734693878,False,False,,-inf,0.9666472688404083
0.5,1.0,20,30,21.081632653061224,False,False,,-inf,0.9740583996163921
0.5,1.0,20,30,21.57142857142857,False,False,,-inf,0.9812813378339363
0.5,1.0,20,30,22.06122448979592,False,False,,-inf,0.9883052626091418
0.5,1.0,20,30,22.551020408163264,False,False,,-inf,0.9951302287614131
0.5,1.0,20,30,23.04081632653061,False,False,,-inf,1.0017950522259331
0.5,1.0,20,30,23.53061224489796,False,False,,-inf,1.0082776915547698
0.5,1.0,20,30,24.020408163265305,False,False,,-inf,1.0145835986803722
0.5,1.0,20,30,24.51020408163265,False,False,,-inf,1.02074769325931
0.5,1.0,20,30,25.0,False,False,,-inf,1.0267495768426738
0.5,1.0,25,35,1.0,True,True,39.5,10.5,0.18200104263187228
0.5,1.0,25,35,1.489795918367347,True,True,40.75,9.25,0.2519349637516947
0.5,1.0,25,35,1.9795918367346939,True,True,41.95,8.049999999999997,0.31059048593623423
0.5,1.0,25,35,2.4693877551020407,True,True,43.25,6.75,0.36023386674431807
0.5,1.0,25,35,2.9591836734693877,True,True,44.550000000000004,5.449999999999996,0.4027714297970185
0.5,1.0,25,35,3.4489795918367347,True,True,45.95,4.049999999999997,0.4396777156631656
0.5,1.0,25,35,3.9387755102040813,True,True,47.35,2.6499999999999986,0.47212850556073366
0.5,1.0,25,35,4.428571428571429,True,True,48.75,1.25,0.5010504341539848
0.5,1.0,25,35,4.918367346938775,True,False,50.2,-0.20000000000000284,0.5271463775255383
0.5,1.0,25,35,5.408163265306122,True,False,51.6,-1.6000000000000014,0.5509658507826227
0.5,1.0,25,35,5.8979591836734695,True,False,53.1,-3.1000000000000014,0.5729345022995396
0.5,1.0,25,35,6.387755102040816,True,False,54.550000000000004,-4.550000000000004,0.5933454074778203
0.5,1.0,25,35,6.877551020408163,True,False,56.0,-6.0,0.612500978415869
0.5,1.0,25,35,7.36734693877551,True,False,57.5,-7.5,0.6305600503701216
0.5,1.0,25,35,7.857142857142857,True,False,59.0,-9.0,0.6476783733647532
0.5,1.0,25,35,8.346938775510203,True,False,60.5,-10.5,0.6639801517071224
0.5,1.0,25,35,8.83673469387755,True,False,62.0,-12.0,0.6795616374699402
0.5,1.0,25,35,9.326530612244898,True,False,63.5,-13.5,0.6944976700733089
0.5,1.0,25,35,9.816326530612244,True,False,65.0,-15.0,0.7088476144971382
0.5,1.0,25,35,10.306122448979592,True,False,66.55,-16.549999999999997,0.7226590695694046
0.5,1.0,25,35,10.795918367346939,True,False,68.05,-18.049999999999997,0.735970780272854
0.5,1.0,25,35,11.285714285714285,True,False,69.60000000000001,-19.60000000000001,0.7488334847389155
0.5,1.0,25,35,11.775510204081632,True,False,71.15,-21.150000000000006,0.7612732565454696
0.5,1.0,25,35,12.26530612244898,True,False,72.7,-22.700000000000003,0.7732985124804932
0.5,1.0,25,35,12.755102040816325,True,False,74.25,-24.25,0.7849470567059034
0.5,1.0,25,35,13.244897959183673,True,False,75.8,-25.799999999999997,0.796245014318177
0.5,1.0,25,35,13.73469387755102,True,False,77.4,-27.400000000000006,0.807182495001758
0.5,1.0,25,35,14.224489795918368,True,False,78.95,-28.950000000000003,0.8178193847735185
0.5,1.0,25,35,14.714285714285714,False,False,,-inf,0.828127200550842
0.5,1.0,25,35,15.204081632653061,False,False,,-inf,0.8381522128589963
0.5,1.0,25,35,15.693877551020408,False,False,,-inf,0.8478820101373796
0.5,1.0,25,35,16.183673469387756,False,False,,-inf,0.8573510312391994
0.5,1.0,25,35,16.6734693877551,False,False,,-inf,0.8665464472521316
0.5,1.0,25,35,17.163265306122447,False,False,,-inf,0.8755071452929629
0.5,1.0,25,35,17.653061224489797,False,False,,-inf,0.884206290072698
0.5,1.0,25,35,18.142857142857142,False,False,,-inf,0.892699584780799
0.5,1.0,25,35,18.632653061224488,False,False,,-inf,0.9009520722184826
0.5,1.0,25,35,19.122448979591837,False,False,,-inf,0.908998540238592
0.5,1.0,25,35,19.612244897959183,False,False,,-inf,0.9168381783696469
0.5,1.0,25,35,20.10204081632653,False,False,,-inf,0.9244663432723057
0.5,1.0,25,35,20.591836734693878,False,False,,-inf,0.9319235348719167
0.5,1.0,25,35,21.081632653061224,False,False,,-inf,0.9391823807931793
0.5,1.0,25,35,21.57142857142857,False,False,,-inf,0.9462616776065224
0.5,1.0,25,35,22.06122448979592,False,False,,-inf,0.9531792885402193
0.5,1.0,25,35,22.551020408163264,False,False,,-inf,0.9599193214563038
0.5,1.0,25,35,23.04081632653061,False,False,,-inf,0.9665011265065521
0.5,1.0,25,35,23.53061224489796,False,False,,-inf,0.9729353634681964
0.5,1.0,25,35,24.020408163265305,False,False,,-inf,0.9792099339734377
0.5,1.0,25,35,24.51020408163265,False,False,,-inf,0.9853390957790787
0.5,1.0,25,35,25.0,False,False,,-inf,0.9913385985898026
0.75,1.0,8,18,1.0,True,True,22.5,27.5,0.18278955243965703
0.75,1.0,8,18,1.489795918367347,True,True,23.75,26.25,0.25598094305777364
0.75,1.0,8,18,1.9795918367346939,True,True,25.0,25.0,0.3217793270316562
0.75,1.0,8,18,2.4693877551020407,True,True,26.3,23.7,0.38239897639798376
0.75,1.0,8,18,2.9591836734693877,True,True,27.700000000000003,22.299999999999997,0.43888674790219173
0.75,1.0,8,18,3.4489795918367347,True,True,29.200000000000003,20.799999999999997,0.49168463727133
0.75,1.0,8,18,3.9387755102040813,True,True,30.700000000000003,19.299999999999997,0.5410541266578895
0.75,1.0,8,18,4.428571428571429,True,True,32.25,17.75,0.5872352182000821
0.75,1.0,8,18,4.918367346938775,True,True,33.85,16.15,0.6303763994027437
0.75,1.0,8,18,5.408163265306122,True,True,35.45,14.549999999999997,0.6707199204011449
0.75,1.0,8,18,5.8979591836734695,True,True,37.050000000000004,12.949999999999996,0.708429719186627
0.75,1.0,8,18,6.387755102040816,True,True,38.7,11.299999999999997,0.7437139324852058
0.75,1.0,8,18,6.877551020408163,True,True,40.35,9.649999999999999,0.7767889679337447
0.75,1.0,8,18,7.36734693877551,True,True,42.050000000000004,7.949999999999996,0.8078053727724288
0.75,1.0,8,18,7.857142857142857,True,True,43.7,6.299999999999997,0.8369309487316159
0.75,1.0,8,18,8.346938775510203,True,True,45.400000000000006,4.599999999999994,0.8643195007591388
0.75,1.0,8,18,8.83673469387755,True,True,47.050000000000004,2.9499999999999957,0.8901105541054963
0.75,1.0,8,18,9.326530612244898,True,True,48.75,1.25,0.9144306014952983
0.75,1.0,8,18,9.816326530612244,True,False,50.45,-0.45000000000000284,0.9373943410609433
0.75,1.0,8,18,10.306122448979592,True,False,52.150000000000006,-2.1500000000000057,0.9591207333333419
0.75,1.0,8,18,10.795918367346939,True,False,53.85,-3.8500000000000014,0.9796994095622437
0.75,1.0,8,18,11.285714285714285,True,False,55.550000000000004,-5.550000000000004,0.9992071904419914
0.75,1.0,8,18,11.775510204081632,True,False,57.25,-7.25,1.0177202345726384
0.75,1.0,8,18,12.26530612244898,True,False,59.0,-9.0,1.0353136282809927
0.75,1.0,8,18,12.755102040816325,True,False,60.7,-10.700000000000003,1.0520794516064231
0.75,1.0,8,18,13.244897959183673,True,False,62.400000000000006,-12.400000000000006,1.0680416083533304
0.75,1.0,8,18,13.73469387755102,True,False,64.10000000000001,-14.100000000000009,1.0832531007083106
0.75,1.0,8,18,14.224489795918368,True,False,65.85000000000001,-15.850000000000009,1.0978070223390708
0.75,1.0,8,18,14.714285714285714,True,False,67.55,-17.549999999999997,1.11170053086766
0.75,1.0,8,18,15.204081632653061,True,False,69.3,-19.299999999999997,1.1249945315433185
0.75,1.0,8,18,15.693877551020408,True,False,71.0,-21.0,1.1377357469470002
0.75,1.0,8,18,16.183673469387756,True,False,72.75,-22.75,1.1499291321751948
0.75,1.0,8,18,16.6734693877551,True,False,74.45,-24.450000000000003,1.1616552935729751
0.75,1.0,8,18,17.163265306122447,True,False,76.2,-26.200000000000003,1.17288900752548
0.75,1.0,8,18,17.653061224489797,True,False,77.9,-27.900000000000006,1.1837096385999244
0.75,1.0,8,18,18.142857142857142,True,False,79.65,-29.650000000000006,1.1940934836525918
0.75,1.0,8,18,18.632653061224488,False,False,,-inf,1.204110230705208
0.75,1.0,8,18,19.122448979591837,False,False,,-inf,1.2137348478873362
0.75,1.0,8,18,19.612244897959183,False,False,,-inf,1.2230374364756216
0.75,1.0,8,18,20.10204081632653,False,False,,-inf,1.2319856060766357
0.75,1.0,8,18,20.591836734693878,False,False,,-inf,1.240645378636182
0.75,1.0,8,18,21.081632653061224,False,False,,-inf,1.248992331057683
0.75,1.0,8,18,21.57142857142857,False,False,,-inf,1.257066862827164
0.75,1.0,8,18,22.06122448979592,False,False,,-inf,1.2648741266496568
0.75,1.0,8,18,22.551020408163264,False,False,,-inf,1.2724169566232415
0.75,1.0,8,18,23.04081632653061,False,False,,-inf,1.2797377877526597
0.75,1.0,8,18,23.53061224489796,False,False,,-inf,1.2868118540890998
0.75,1.0,8,18,24.020408163265305,False,False,,-inf,1.2936764624542407
0.75,1.0,8,18,24.51020408163265,False,False,,-inf,1.3003328802751466
0.75,1.0,8,18,25.0,False,False,,-inf,1.306775585548713
0.75,1.0,12,22,1.0,True,True,26.5,23.5,0.18201559628532393
0.75,1.0,12,22,1.489795918367347,True,True,27.75,22.25,0.2522059621356957
0.75,1.0,12,22,1.9795918367346939,True,True,28.950000000000003,21.049999999999997,0.31203159958821747
0.75,1.0,12,22,2.4693877551020407,True,True,30.25,19.75,0.36450829736848084
0.75,1.0,12,22,2.9591836734693877,True,True,31.6,18.4,0.4118215173849182
0.75,1.0,12,22,3.4489795918367347,True,True,33.0,17.0,0.4554024547186086
0.75,1.0,12,22,3.9387755102040813,True,True,34.45,15.549999999999997,0.49612267823184264
0.75,1.0,12,22,4.428571428571429,True,True,35.95,14.049999999999997,0.5344931086097114
0.75,1.0,12,22,4.918367346938775,True,True,37.5,12.5,0.5707943797344213
0.75,1.0,12,22,5.408163265306122,True,True,39.0,11.0,0.6052645883720112
0.75,1.0,12,22,5.8979591836734695,True,True,40.6,9.399999999999999,0.6380104610441306
0.75,1.0,12,22,6.387755102040816,True,True,42.150000000000006,7.849999999999994,0.6691553875637996
0.75,1.0,12,22,6.877551020408163,True,True,43.75,6.25,0.6987988966473385
0.75,1.0,12,22,7.36734693877551,True,True,45.400000000000006,4.599999999999994,0.7270274146168755
0.75,1.0,12,22,7.857142857142857,True,True,47.0,3.0,0.7539191199642591
0.75,1.0,12,22,8.346938775510203,True,True,48.650000000000006,1.3499999999999943,0.7795470612457064
0.75,1.0,12,22,8.83673469387755,True,False,50.300000000000004,-0.30000000000000426,0.8039800250700813
0.75,1.0,12,22,9.326530612244898,True,False,51.95,-1.9500000000000028,0.8272833050635054
0.75,1.0,12,22,9.816326530612244,True,False,53.6,-3.6000000000000014,0.849518695889382
0.75,1.0,12,22,10.306122448979592,True,False,55.25,-5.25,0.870754431999722
0.75,1.0,12,22,10.795918367346939,True,False,56.95,-6.950000000000003,0.8910660981030237
0.75,1.0,12,22,11.285714285714285,True,False,58.6,-8.600000000000001,0.9104784376183678
0.75,1.0,12,22,11.775510204081632,True,False,60.300000000000004,-10.300000000000004,0.9290428262732259
0.75,1.0,12,22,12.26530612244898,True,False,62.0,-12.0,0.9468477239325601
0.75,1.0,12,22,12.755102040816325,True,False,63.650000000000006,-13.650000000000006,0.9638920496838178
0.75,1.0,12,22,13.244897959183673,True,False,65.35000000000001,-15.350000000000009,0.9802382975337858
0.75,1.0,12,22,13.73469387755102,True,False,67.05,-17.049999999999997,0.9959329618805411
0.75,1.0,12,22,14.224489795918368,True,False,68.75,-18.75,1.0109848376823742
0.75,1.0,12,22,14.714285714285714,True,False,70.45,-20.450000000000003,1.0254752842642565
0.75,1.0,12,22,15.204081632653061,True,False,72.15,-22.150000000000006,1.0393820986020925
0.75,1.0,12,22,15.693877551020408,True,False,73.85000000000001,-23.85000000000001,1.0527892900878064
0.75,1.0,12,22,16.183673469387756,True,False,75.55,-25.549999999999997,1.0656733956553848
0.75,1.0,12,22,16.6734693877551,True,False,77.30000000000001,-27.30000000000001,1.0781099918268804
0.75,1.0,12,22,17.163265306122447,True,False,79.0,-29.0,1.0900736452401802
0.75,1.0,12,22,17.653061224489797,False,False,,-inf,1.1016413796984865
0.75,1.0,12,22,18.142857142857142,False,False,,-inf,1.1127817450840807
0.75,1.0,12,22,18.632653061224488,False,False,,-inf,1.1235609896118148
0.75,1.0,12,22,19.122448979591837,False,False,,-inf,1.1339625526386612
0.75,1.0,12,22,19.612244897959183,False,False,,-inf,1.1440241045007946
0.75,1.0,12,22,20.10204081632653,False,False,,-inf,1.1537590059931637
0.75,1.0,12,22,20.591836734693878,False,False,,-inf,1.16316671117227
0.75,1.0,12,22,21.081632653061224,False,False,,-inf,1.1722983636788442
0.75,1.0,12,22,21.57142857142857,False,False,,-inf,1.1811283857774535
0.75,1.0,12,22,22.06122448979592,False,False,,-inf,1.1896927321961772
0.75,1.0,12,22,22.551020408163264,False,False,,-inf,1.1980017572527981
0.75,1.0,12,22,23.04081632653061,False,False,,-inf,1.2060484523305837
0.75,1.0,12,22,23.53061224489796,False,False,,-inf,1.2138752468302443
0.75,1.0,12,22,24.020408163265305,False,False,,-inf,1.221469293787234
0.75,1.0,12,22,24.51020408163265,False,False,,-inf,1.2288338437085493
0.75,1.0,12,22,25.0,False,False,,-inf,1.2360113127434416
0.75,1.0,16,26,1.0,True,True,30.5,19.5,0.18200130915019933
0.75,1.0,16,26,1.489795918367347,True,True,31.75,18.25,0.2519534249277473
0.75,1.0,16,26,1.9795918367346939,True,True,32.95,17.049999999999997,0.3107794219972003
0.75,1.0,16,26,2.4693877551020407,True,True,34.25,15.75,0.3610552273889694
0.75,1.0,16,26,2.9591836734693877,True,True,35.6,14.399999999999999,0.4050370032491903
0.75,1.0,16,26,3.4489795918367347,True,True,36.95,13.049999999999997,0.4443953069000692
0.75,1.0,16,26,3.9387755102040813,True,True,38.400000000000006,11.599999999999994,0.4803666805182979
0.75,1.0,16,26,4.428571428571429,True,True,39.85,10.149999999999999,0.5137605068934643
0.75,1.0,16,26,4.918367346938775,True,True,41.300000000000004,8.699999999999996,0.545133602640533
0.75,1.0,16,26,5.408163265306122,True,True,42.800000000000004,7.199999999999996,0.5748589246736449
0.75,1.0,16,26,5.8979591836734695,True,True,44.300000000000004,5.699999999999996,0.603159563145856
0.75,1.0,16,26,6.387755102040816,True,True,45.85,4.149999999999999,0.6302054343342921
0.75,1.0,16,26,6.877551020408163,True,True,47.400000000000006,2.5999999999999943,0.6561372194071712
0.75,1.0,16,26,7.36734693877551,True,True,48.95,1.0499999999999972,0.6810255870382806
0.75,1.0,16,26,7.857142857142857,True,False,50.550000000000004,-0.5500000000000043,0.7049344534322107
0.75,1.0,16,26,8.346938775510203,True,False,52.150000000000006,-2.1500000000000057,0.7279245368559698
0.75,1.0,16,26,8.83673469387755,True,False,53.75,-3.75,0.7500508066404752
0.75,1.0,16,26,9.326530612244898,True,False,55.35,-5.350000000000001,0.7713422709579767
0.75,1.0,16,26,9.816326530612244,True,False,57.0,-7.0,0.7918334245701227
0.75,1.0,16,26,10.306122448979592,True,False,58.6,-8.600000000000001,0.8115563784123725
0.75,1.0,16,26,10.795918367346939,True,False,60.25,-10.25,0.8305794683492089
0.75,1.0,16,26,11.285714285714285,True,False,61.900000000000006,-11.900000000000006,0.8489016677732896
0.75,1.0,16,26,11.775510204081632,True,False,63.550000000000004,-13.550000000000004,0.8665472853741771
0.75,1.0,16,26,12.26530612244898,True,False,65.2,-15.200000000000003,0.8835913326841143
0.75,1.0,16,26,12.755102040816325,True,False,66.85000000000001,-16.85000000000001,0.900011180338209
0.75,1.0,16,26,13.244897959183673,True,False,68.55,-18.549999999999997,0.9158660363312675
0.75,1.0,16,26,13.73469387755102,True,False,70.2,-20.200000000000003,0.9311671354812278
0.75,1.0,16,26,14.224489795918368,True,False,71.9,-21.900000000000006,0.9459419258588118
0.75,1.0,16,26,14.714285714285714,True,False,73.55,-23.549999999999997,0.9602197117861004
0.75,1.0,16,26,15.204081632653061,True,False,75.25,-25.25,0.9740138878657437
0.75,1.0,16,26,15.693877551020408,True,False,76.95,-26.950000000000003,0.9873549557697583
0.75,1.0,16,26,16.183673469387756,True,False,78.60000000000001,-28.60000000000001,1.0002574422953965
0.75,1.0,16,26,16.6734693877551,False,False,,-inf,1.0127396461767613
0.75,1.0,16,26,17.163265306122447,False,False,,-inf,1.024830340494871
0.75,1.0,16,26,17.653061224489797,False,False,,-inf,1.0365244275543704
0.75,1.0,16,26,18.142857142857142,False,False,,-inf,1.0478749975898105
0.75,1.0,16,26,18.632653061224488,False,False,,-inf,1.0588568350728225
0.75,1.0,16,26,19.122448979591837,False,False,,-inf,1.0695189421815763
0.75,1.0,16,26,19.612244897959183,False,False,,-inf,1.0798558221150512
0.75,1.0,16,26,20.10204081632653,False,False,,-inf,1.089877060163329
0.75,1.0,16,26,20.591836734693878,False,False,,-inf,1.0996232933105283
0.75,1.0,16,26,21.081632653061224,False,False,,-inf,1.109073162420867
0.75,1.0,16,26,21.57142857142857,False,False,,-inf,1.1182571256613456
0.75,1.0,16,26,22.06122448979592,False,False,,-inf,1.1271889449652566
0.75,1.0,16,26,22.551020408163264,False,False,,-inf,1.135859443822303
0.75,1.0,16,26,23.04081632653061,False,False,,-inf,1.1443006528407382
0.75,1.0,16,26,23.53061224489796,False,False,,-inf,1.152514839106721
0.75,1.0,16,26,24.020408163265305,False,False,,-inf,1.1604977001828651
0.75,1.0,16,26,24.51020408163265,False,False,,-inf,1.1682769504945973
0.75,1.0,16,26,25.0,False,False,,-inf,1.175856189439542
0.75,1.0,20,30,1.0,True,True,34.5,15.5,0.18200104809236445
0.75,1.0,20,30,1.489795918367347,True,True,35.75,14.25,0.2519361951800712
0.75,1.0,20,30,1.9795918367346939,True,True,36.95,13.049999999999997,0.3106143665671891
0.75,1.0,20,30,2.4693877551020407,True,True,38.25,11.75,0.3603847602305699
0.75,1.0,20,30,2.9591836734693877,True,True,39.550000000000004,10.449999999999996,0.40330252406390277
0.75,1.0,20,30,3.4489795918367347,True,True,40.95,9.049999999999997,0.4409855821585734
0.75,1.0,20,30,3.9387755102040813,True,True,42.35,7.649999999999999,0.47472997040667486
0.75,1.0,20,30,4.428571428571429,True,True,43.800000000000004,6.199999999999996,0.5054682422076366
0.75,1.0,20,30,4.918367346938775,True,True,45.25,4.75,0.533907325851954
0.75,1.0,20,30,5.408163265306122,True,True,46.7,3.299999999999997,0.5605287066026832
0.75,1.0,20,30,5.8979591836734695,True,True,48.2,1.7999999999999972,0.5856941726251741
0.75,1.0,20,30,6.387755102040816,True,True,49.7,0.29999999999999716,0.6096434877729175
0.75,1.0,20,30,6.877551020408163,True,False,51.2,-1.2000000000000028,0.6325821103800651
0.75,1.0,20,30,7.36734693877551,True,False,52.7,-2.700000000000003,0.6546122008572627
0.75,1.0,20,30,7.857142857142857,True,False,54.25,-4.25,0.6758318781495342
0.75,1.0,20,30,8.346938775510203,True,False,55.800000000000004,-5.800000000000004,0.6963113994918522
0.75,1.0,20,30,8.83673469387755,True,False,57.400000000000006,-7.400000000000006,0.7161022796310886
0.75,1.0,20,30,9.326530612244898,True,False,58.95,-8.950000000000003,0.7352436508152358
0.75,1.0,20,30,9.816326530612244,True,False,60.550000000000004,-10.550000000000004,0.7537968437027256
0.75,1.0,20,30,10.306122448979592,True,False,62.150000000000006,-12.150000000000006,0.7717618801012112
0.75,1.0,20,30,10.795918367346939,True,False,63.75,-13.75,0.7891592481458727
0.75,1.0,20,30,11.285714285714285,True,False,65.35000000000001,-15.350000000000009,0.806029459230311
0.75,1.0,20,30,11.775510204081632,True,False,67.0,-17.0,0.8223933727237429
0.75,1.0,20,30,12.26530612244898,True,False,68.60000000000001,-18.60000000000001,0.8382439483264407
0.75,1.0,20,30,12.755102040816325,True,False,70.25,-20.25,0.853643195311308
0.75,1.0,20,30,13.244897959183673,True,False,71.9,-21.900000000000006,0.8685658954346613
0.75,1.0,20,30,13.73469387755102,True,False,73.55,-23.549999999999997,0.8830572863600482
0.75,1.0,20,30,14.224489795918368,True,False,75.2,-25.200000000000003,0.8971147584513056
0.75,1.0,20,30,14.714285714285714,True,False,76.85000000000001,-26.85000000000001,0.910767661868639
0.75,1.0,20,30,15.204081632653061,True,False,78.5,-28.5,0.9240175302518423
0.75,1.0,20,30,15.693877551020408,False,False,,-inf,0.9368954798713218
0.75,1.0,20,30,16.183673469387756,False,False,,-inf,0.9493912285265982
0.75,1.0,20,30,16.6734693877551,False,False,,-inf,0.9615517767667587
0.75,1.0,20,30,17.163265306122447,False,False,,-inf,0.9733500347940888
0.75,1.0,20,30,17.653061224489797,False,False,,-inf,0.9848399532790516
0.75,1.0,20,30,18.142857142857142,False,False,,-inf,0.9960007642754218
0.75,1.0,20,30,18.632653061224488,False,False,,-inf,1.0068552692893271
0.75,1.0,20,30,19.122448979591837,False,False,,-inf,1.0174252434134137
0.75,1.0,20,30,19.612244897959183,False,False,,-inf,1.027696094116459
0.75,1.0,20,30,20.10204081632653,False,False,,-inf,1.0377080256165496
0.75,1.0,20,30,20.591836734693878,False,False,,-inf,1.047452430707423
0.75,1.0,20,30,21.081632653061224,False,False,,-inf,1.0569295767468918
0.75,1.0,20,30,21.57142857142857,False,False,,-inf,1.0661826487182968
0.75,1.0,20,30,22.06122448979592,False,False,,-inf,1.0751896695174474
0.75,1.0,20,30,22.551020408163264,False,False,,-inf,1.0839573900020343
0.75,1.0,20,30,23.04081632653061,False,False,,-inf,1.0925255143937567
0.75,1.0,20,30,23.53061224489796,False,False,,-inf,1.1008724420876936
0.75,1.0,20,30,24.020408163265305,False,False,,-inf,1.1090046153234383
0.75,1.0,20,30,24.51020408163265,False,False,,-inf,1.1169529437890637
0.75,1.0,20,30,25.0,False,False,,-inf,1.1247075883317972
0.75,1.0,25,35,1.0,True,True,39.5,10.5,0.1820010431589014
0.75,1.0,25,35,1.489795918367347,True,True,40.75,9.25,0.25193497763685746
0.75,1.0,25,35,1.9795918367346939,True,True,41.95,8.049999999999997,0.310591159533628
0.75,1.0,25,35,2.4693877551020407,True,True,43.25,6.75,0.3602411494121562
0.75,1.0,25,35,2.9591836734693877,True,True,44.550000000000004,5.449999999999996,0.40280869104143197
0.75,1.0,25,35,3.4489795918367347,True,True,45.95,4.049999999999997,0.4397989706572086
0.75,1.0,25,35,3.9387755102040813,True,True,47.35,2.6499999999999986,0.4724283445699668
0.75,1.0,25,35,4.428571428571429,True,True,48.75,1.25,0.5016526586310305
0.75,1.0,25,35,4.918367346938775,True,False,50.2,-0.20000000000000284,0.5282121256353741
0.75,1.0,25,35,5.408163265306122,True,False,51.650000000000006,-1.6500000000000057,0.5526851242372852
0.75,1.0,25,35,5.8979591836734695,True,False,53.1,-3.1000000000000014,0.5754773159011828
0.75,1.0,25,35,6.387755102040816,True,False,54.550000000000004,-4.550000000000004,0.5969176327797421
0.75,1.0,25,35,6.877551020408163,True,False,56.050000000000004,-6.050000000000004,0.6172501205100199
0.75,1.0,25,35,7.36734693877551,True,False,57.550000000000004,-7.550000000000004,0.6366830591590454
0.75,1.0,25,35,7.857142857142857,True,False,59.050000000000004,-9.050000000000004,0.655328818998509
0.75,1.0,25,35,8.346938775510203,True,False,60.6,-10.600000000000001,0.6732948224901253
0.75,1.0,25,35,8.83673469387755,True,False,62.1,-12.100000000000001,0.6906596740278017
0.75,1.0,25,35,9.326530612244898,True,False,63.650000000000006,-13.650000000000006,0.707481564191746
0.75,1.0,25,35,9.816326530612244,True,False,65.2,-15.200000000000003,0.7238122821679642
0.75,1.0,25,35,10.306122448979592,True,False,66.75,-16.75,0.7396974134440697
0.75,1.0,25,35,10.795918367346939,True,False,68.3,-18.299999999999997,0.7551448303129523
0.75,1.0,25,35,11.285714285714285,True,False,69.9,-19.900000000000006,0.770173384970774
0.75,1.0,25,35,11.775510204081632,True,False,71.5,-21.5,0.7848317226215118
0.75,1.0,25,35,12.26530612244898,True,False,73.05,-23.049999999999997,0.7991124192709395
0.75,1.0,25,35,12.755102040816325,True,False,74.65,-24.650000000000006,0.8130245444806093
0.75,1.0,25,35,13.244897959183673,True,False,76.3,-26.299999999999997,0.8266108890475774
0.75,1.0,25,35,13.73469387755102,True,False,77.9,-27.900000000000006,0.8398383974237686
0.75,1.0,25,35,14.224489795918368,True,False,79.5,-29.5,0.8527700457978934
0.75,1.0,25,35,14.714285714285714,False,False,,-inf,0.8653600038199533
0.75,1.0,25,35,15.204081632653061,False,False,,-inf,0.8776719138592604
0.75,1.0,25,35,15.693877551020408,False,False,,-inf,0.8896626599463702
0.75,1.0,25,35,16.183673469387756,False,False,,-inf,0.9013879208424019
0.75,1.0,25,35,16.6734693877551,False,False,,-inf,0.912817768243559
0.75,1.0,25,35,17.163265306122447,False,False,,-inf,0.9239831804841733
0.75,1.0,25,35,17.653061224489797,False,False,,-inf,0.9348851100554071
0.75,1.0,25,35,18.142857142857142,False,False,,-inf,0.9455178828962375
0.75,1.0,25,35,18.632653061224488,False,False,,-inf,0.9559230326404492
0.75,1.0,25,35,19.122448979591837,False,False,,-inf,0.9660710769971298
0.75,1.0,25,35,19.612244897959183,False,False,,-inf,0.9759865114542906
0.75,1.0,25,35,20.10204081632653,False,False,,-inf,0.9856816581736175
0.75,1.0,25,35,20.591836734693878,False,False,,-inf,0.9951427050007515
0.75,1.0,25,35,21.081632653061224,False,False,,-inf,1.0043966231157484
0.75,1.0,25,35,21.57142857142857,False,False,,-inf,1.0134447834879203
0.75,1.0,25,35,22.06122448979592,False,False,,-inf,1.0222794233926118
0.75,1.0,25,35,22.551020408163264,False,False,,-inf,1.0309232987585133
0.75,1.0,25,35,23.04081632653061,False,False,,-inf,1.0393812237317641
0.75,1.0,25,35,23.53061224489796,False,False,,-inf,1.047644292629208
0.75,1.0,25,35,24.020408163265305,False,False,,-inf,1.0557256233080108
0.75,1.0,25,35,24.51020408163265,False,False,,-inf,1.0636447978415549
0.75,1.0,25,35,25.0,False,False,,-inf,1.0713859093286635
1.0,1.0,8,18,1.0,True,True,22.5,27.5,0.18305238923696096
1.0,1.0,8,18,1.489795918367347,True,True,23.75,26.25,0.2573546289430747
1.0,1.0,8,18,1.9795918367346939,True,True,25.0,25.0,0.32565955774921473
1.0,1.0,8,18,2.4693877551020407,True,True,26.35,23.65,0.3901360344914312
1.0,1.0,8,18,2.9591836734693877,True,True,27.75,22.25,0.4515485917394402
1.0,1.0,8,18,3.4489795918367347,True,True,29.25,20.75,0.510007703333395
1.0,1.0,8,18,3.9387755102040813,True,True,30.8,19.2,0.5654408303129279
1.0,1.0,8,18,4.428571428571429,True,True,32.4,17.6,0.6178628948911735
1.0,1.0,8,18,4.918367346938775,True,True,34.050000000000004,15.949999999999996,0.6672700085919869
1.0,1.0,8,18,5.408163265306122,True,True,35.7,14.299999999999997,0.7137546218372096
1.0,1.0,8,18,5.8979591836734695,True,True,37.4,12.600000000000001,0.7574603188911734
1.0,1.0,8,18,6.387755102040816,True,True,39.1,10.899999999999999,0.7985561781459808
1.0,1.0,8,18,6.877551020408163,True,True,40.800000000000004,9.199999999999996,0.8371902406673661
1.0,1.0,8,18,7.36734693877551,True,True,42.5,7.5,0.8735325936491507
1.0,1.0,8,18,7.857142857142857,True,True,44.25,5.75,0.9077481746283934
1.0,1.0,8,18,8.346938775510203,True,True,46.0,4.0,0.939993414567001
1.0,1.0,8,18,8.83673469387755,True,True,47.7,2.299999999999997,0.9704146954542738
1.0,1.0,8,18,9.326530612244898,True,True,49.5,0.5,0.9991474949817271
1.0,1.0,8,18,9.816326530612244,True,False,51.25,-1.25,1.0263213904452886
1.0,1.0,8,18,10.306122448979592,True,False,53.0,-3.0,1.052064972974273
1.0,1.0,8,18,10.795918367346939,True,False,54.75,-4.75,1.0764671874022156
1.0,1.0,8,18,11.285714285714285,True,False,56.550000000000004,-6.550000000000004,1.0996228271323418
1.0,1.0,8,18,11.775510204081632,True,False,58.300000000000004,-8.300000000000004,1.121618070580073
1.0,1.0,8,18,12.26530612244898,True,False,60.050000000000004,-10.050000000000004,1.1425518320233
1.0,1.0,8,18,12.755102040816325,True,False,61.85,-11.850000000000001,1.1624983960926376
1.0,1.0,8,18,13.244897959183673,True,False,63.650000000000006,-13.650000000000006,1.1815034518873972
1.0,1.0,8,18,13.73469387755102,True,False,65.4,-15.400000000000006,1.1996398333489662
1.0,1.0,8,18,14.224489795918368,True,False,67.2,-17.200000000000003,1.2169857884261672
1.0,1.0,8,18,14.714285714285714,True,False,69.0,-19.0,1.2335562094203356
1.0,1.0,8,18,15.204081632653061,True,False,70.75,-20.75,1.2494282530595
1.0,1.0,8,18,15.693877551020408,True,False,72.55,-22.549999999999997,1.2646369280723806
1.0,1.0,8,18,16.183673469387756,True,False,74.35000000000001,-24.35000000000001,1.2792075663802347
1.0,1.0,8,18,16.6734693877551,True,False,76.15,-26.150000000000006,1.2932151511849235
1.0,1.0,8,18,17.163265306122447,True,False,77.9,-27.900000000000006,1.3066436938321146
1.0,1.0,8,18,17.653061224489797,True,False,79.7,-29.700000000000003,1.31958308850667
1.0,1.0,8,18,18.142857142857142,False,False,,-inf,1.3320046586149594
1.0,1.0,8,18,18.632653061224488,False,False,,-inf,1.3439890536824415
1.0,1.0,8,18,19.122448979591837,False,False,,-inf,1.3555102590776569
1.0,1.0,8,18,19.612244897959183,False,False,,-inf,1.3666448969433196
1.0,1.0,8,18,20.10204081632653,False,False,,-inf,1.377360193546606
1.0,1.0,8,18,20.591836734693878,False,False,,-inf,1.3877324786104017
1.0,1.0,8,18,21.081632653061224,False,False,,-inf,1.3977307286390075
1.0,1.0,8,18,21.57142857142857,False,False,,-inf,1.4074088008389076
1.0,1.0,8,18,22.06122448979592,False,False,,-inf,1.4167625913571493
1.0,1.0,8,18,22.551020408163264,False,False,,-inf,1.4258098088897613
1.0,1.0,8,18,23.04081632653061,False,False,,-inf,1.4345822149020144
1.0,1.0,8,18,23.53061224489796,False,False,,-inf,1.4430617632380238
1.0,1.0,8,18,24.020408163265305,False,False,,-inf,1.4513004666164149
1.0,1.0,8,18,24.51020408163265,False,False,,-inf,1.4592800869353937
1.0,1.0,8,18,25.0,False,False,,-inf,1.4670141973162985
1.0,1.0,12,22,1.0,True,True,26.5,23.5,0.18202044770077633
1.0,1.0,12,22,1.489795918367347,True,True,27.75,22.25,0.2522963056074254
1.0,1.0,12,22,1.9795918367346939,True,True,28.950000000000003,21.049999999999997,0.31252226701341995
1.0,1.0,12,22,2.4693877551020407,True,True,30.25,19.75,0.36594486089109973
1.0,1.0,12,22,2.9591836734693877,True,True,31.6,18.4,0.41488701158297164
1.0,1.0,12,22,3.4489795918367347,True,True,33.050000000000004,16.949999999999996,0.4608133029353951
1.0,1.0,12,22,3.9387755102040813,True,True,34.5,15.5,0.5044652004999238
1.0,1.0,12,22,4.428571428571429,True,True,36.050000000000004,13.949999999999996,0.5462656121364916
1.0,1.0,12,22,4.918367346938775,True,True,37.6,12.399999999999999,0.5863780855053414
1.0,1.0,12,22,5.408163265306122,True,True,39.150000000000006,10.849999999999994,0.6249289731116296
1.0,1.0,12,22,5.8979591836734695,True,True,40.75,9.25,0.6619399262790593
1.0,1.0,12,22,6.387755102040816,True,True,42.400000000000006,7.599999999999994,0.6974519889951077
1.0,1.0,12,22,6.877551020408163,True,True,44.050000000000004,5.949999999999996,0.7315007630312002
1.0,1.0,12,22,7.36734693877551,True,True,45.7,4.299999999999997,0.7641238936972409
1.0,1.0,12,22,7.857142857142857,True,True,47.35,2.6499999999999986,0.7953634790797935
1.0,1.0,12,22,8.346938775510203,True,True,49.050000000000004,0.9499999999999957,0.8252824300246896
1.0,1.0,12,22,8.83673469387755,True,False,50.75,-0.75,0.8539322583839798
1.0,1.0,12,22,9.326530612244898,True,False,52.45,-2.450000000000003,0.8813515231239964
1.0,1.0,12,22,9.816326530612244,True,False,54.150000000000006,-4.150000000000006,0.9075928821850542
1.0,1.0,12,22,10.306122448979592,True,False,55.900000000000006,-5.900000000000006,0.9327397498694117
1.0,1.0,12,22,10.795918367346939,True,False,57.6,-7.600000000000001,0.9568313538791989
1.0,1.0,12,22,11.285714285714285,True,False,59.35,-9.350000000000001,0.9799035852088411
1.0,1.0,12,22,11.775510204081632,True,False,61.1,-11.100000000000001,1.0020459456950463
1.0,1.0,12,22,12.26530612244898,True,False,62.85,-12.850000000000001,1.0232795783618154
1.0,1.0,12,22,12.755102040816325,True,False,64.60000000000001,-14.600000000000009,1.0436505878701392
1.0,1.0,12,22,13.244897959183673,True,False,66.35000000000001,-16.35000000000001,1.063232783303784
1.0,1.0,12,22,13.73469387755102,True,False,68.10000000000001,-18.10000000000001,1.0820233268044228
1.0,1.0,12,22,14.224489795918368,True,False,69.85000000000001,-19.85000000000001,1.1001186743661862
1.0,1.0,12,22,14.714285714285714,True,False,71.65,-21.650000000000006,1.1175007658773277
1.0,1.0,12,22,15.204081632653061,True,False,73.4,-23.400000000000006,1.1342526263208557
1.0,1.0,12,22,15.693877551020408,True,False,75.15,-25.150000000000006,1.150366489790384
1.0,1.0,12,22,16.183673469387756,True,False,76.95,-26.950000000000003,1.1659138137635492
1.0,1.0,12,22,16.6734693877551,True,False,78.7,-28.700000000000003,1.1808833520548083
1.0,1.0,12,22,17.163265306122447,False,False,,-inf,1.195348317487965
1.0,1.0,12,22,17.653061224489797,False,False,,-inf,1.209284692287492
1.0,1.0,12,22,18.142857142857142,False,False,,-inf,1.2227727266452206
1.0,1.0,12,22,18.632653061224488,False,False,,-inf,1.2357847792318621
1.0,1.0,12,22,19.122448979591837,False,False,,-inf,1.2483775114381834
1.0,1.0,12,22,19.612244897959183,False,False,,-inf,1.260553952643575
1.0,1.0,12,22,20.10204081632653,False,False,,-inf,1.2723310411570845
1.0,1.0,12,22,20.591836734693878,False,False,,-inf,1.2837501894179155
1.0,1.0,12,22,21.081632653061224,False,False,,-inf,1.2947939540299351
1.0,1.0,12,22,21.57142857142857,False,False,,-inf,1.3055128911713978
1.0,1.0,12,22,22.06122448979592,False,False,,-inf,1.3159014730138354
1.0,1.0,12,22,22.551020408163264,False,False,,-inf,1.3259658324333887
1.0,1.0,12,22,23.04081632653061,False,False,,-inf,1.3357568105418876
1.0,1.0,12,22,23.53061224489796,False,False,,-inf,1.3452484939390736
1.0,1.0,12,22,24.020408163265305,False,False,,-inf,1.3544635565347145
1.0,1.0,12,22,24.51020408163265,False,False,,-inf,1.3634334114004754
1.0,1.0,12,22,25.0,False,False,,-inf,1.3721402972104246
1.0,1.0,16,26,1.0,True,True,30.5,19.5,0.18200139863215362
1.0,1.0,16,26,1.489795918367347,True,True,31.75,18.25,0.251959588479942
1.0,1.0,16,26,1.9795918367346939,True,True,32.95,17.049999999999997,0.31084284720196836
1.0,1.0,16,26,2.4693877551020407,True,True,34.25,15.75,0.3613359668443941
1.0,1.0,16,26,2.9591836734693877,True,True,35.6,14.399999999999999,0.405817036767101
1.0,1.0,16,26,3.4489795918367347,True,True,36.95,13.049999999999997,0.4460675230337529
1.0,1.0,16,26,3.9387755102040813,True,True,38.400000000000006,11.599999999999994,0.48332331769573145
1.0,1.0,16,26,4.428571428571429,True,True,39.85,10.149999999999999,0.5184387825124508
1.0,1.0,16,26,4.918367346938775,True,True,41.35,8.649999999999999,0.5519129517208503
1.0,1.0,16,26,5.408163265306122,True,True,42.85,7.149999999999999,0.5840513638047351
1.0,1.0,16,26,5.8979591836734695,True,True,44.400000000000006,5.599999999999994,0.6150553782722299
1.0,1.0,16,26,6.387755102040816,True,True,46.0,4.0,0.6450524303041255
1.0,1.0,16,26,6.877551020408163,True,True,47.550000000000004,2.4499999999999957,0.6740893901435692
1.0,1.0,16,26,7.36734693877551,True,True,49.150000000000006,0.8499999999999943,0.7022099392096061
1.0,1.0,16,26,7.857142857142857,True,False,50.800000000000004,-0.8000000000000043,0.7294451712769522
1.0,1.0,16,26,8.346938775510203,True,False,52.400000000000006,-2.4000000000000057,0.7558337598512819
1.0,1.0,16,26,8.83673469387755,True,False,54.050000000000004,-4.050000000000004,0.7813741080855133
1.0,1.0,16,26,9.326530612244898,True,False,55.7,-5.700000000000003,0.8060807041439468
1.0,1.0,16,26,9.816326530612244,True,False,57.400000000000006,-7.400000000000006,0.8299820855078124
1.0,1.0,16,26,10.306122448979592,True,False,59.050000000000004,-9.050000000000004,0.8531185043147133
1.0,1.0,16,26,10.795918367346939,True,False,60.75,-10.75,0.8754758347591639
1.0,1.0,16,26,11.285714285714285,True,False,62.45,-12.450000000000003,0.8971055586081725
1.0,1.0,16,26,11.775510204081632,True,False,64.15,-14.150000000000006,0.9180213364759983
1.0,1.0,16,26,12.26530612244898,True,False,65.9,-15.900000000000006,0.9382369964728863
1.0,1.0,16,26,12.755102040816325,True,False,67.60000000000001,-17.60000000000001,0.9578042186823045
1.0,1.0,16,26,13.244897959183673,True,False,69.3,-19.299999999999997,0.9767098126271607
1.0,1.0,16,26,13.73469387755102,True,False,71.05,-21.049999999999997,0.9950215744288657
1.0,1.0,16,26,14.224489795918368,True,False,72.8,-22.799999999999997,1.0127175536837796
1.0,1.0,16,26,14.714285714285714,True,False,74.5,-24.5,1.02986483391712
1.0,1.0,16,26,15.204081632653061,True,False,76.25,-26.25,1.0464470558045051
1.0,1.0,16,26,15.693877551020408,True,False,78.0,-28.0,1.062516146956926
1.0,1.0,16,26,16.183673469387756,True,False,79.75,-29.75,1.0780741507688711
1.0,1.0,16,26,16.6734693877551,False,False,,-inf,1.093146348994869
1.0,1.0,16,26,17.163265306122447,False,False,,-inf,1.1077633642733808
1.0,1.0,16,26,17.653061224489797,False,False,,-inf,1.1219142155210058
1.0,1.0,16,26,18.142857142857142,False,False,,-inf,1.135666563417985
1.0,1.0,16,26,18.632653061224488,False,False,,-inf,1.148990028923736
1.0,1.0,16,26,19.122448979591837,False,False,,-inf,1.1619231349029744
1.0,1.0,16,26,19.612244897959183,False,False,,-inf,1.174485641059036
1.0,1.0,16,26,20.10204081632653,False,False,,-inf,1.186669536986228
1.0,1.0,16,26,20.591836734693878,False,False,,-inf,1.198522857371067
1.0,1.0,16,26,21.081632653061224,False,False,,-inf,1.2100360330454032
1.0,1.0,16,26,21.57142857142857,False,False,,-inf,1.2212141742774318
1.0,1.0,16,26,22.06122448979592,False,False,,-inf,1.232107228385656
1.0,1.0,16,26,22.551020408163264,False,False,,-inf,1.2426924160862856
1.0,1.0,16,26,23.04081632653061,False,False,,-inf,1.2529802251660223
1.0,1.0,16,26,23.53061224489796,False,False,,-inf,1.2630166285929256
1.0,1.0,16,26,24.020408163265305,False,False,,-inf,1.2727787340596228
1.0,1.0,16,26,24.51020408163265,False,False,,-inf,1.2822761268684035
1.0,1.0,16,26,25.0,False,False,,-inf,1.2915455636255084
1.0,1.0,20,30,1.0,True,True,34.5,15.5,0.1820010497301698
1.0,1.0,20,30,1.489795918367347,True,True,35.75,14.25,0.251936615744534
1.0,1.0,20,30,1.9795918367346939,True,True,36.95,13.049999999999997,0.310622774792396
1.0,1.0,20,30,2.4693877551020407,True,True,38.25,11.75,0.3604399134858849
1.0,1.0,20,30,2.9591836734693877,True,True,39.550000000000004,10.449999999999996,0.4035043828184352
1.0,1.0,20,30,3.4489795918367347,True,True,40.95,9.049999999999997,0.441502373346718
1.0,1.0,20,30,3.9387755102040813,True,True,42.35,7.649999999999999,0.47579699566735123
1.0,1.0,20,30,4.428571428571429,True,True,43.800000000000004,6.199999999999996,0.5073517179455005
1.0,1.0,20,30,4.918367346938775,True,True,45.25,4.75,0.5368829610234434
1.0,1.0,20,30,5.408163265306122,True,True,46.75,3.25,0.5648624846153621
1.0,1.0,20,30,5.8979591836734695,True,True,48.25,1.75,0.5916807563905303
1.0,1.0,20,30,6.387755102040816,True,True,49.75,0.25,0.617509013077494
1.0,1.0,20,30,6.877551020408163,True,False,51.300000000000004,-1.3000000000000043,0.6425122631261523
1.0,1.0,20,30,7.36734693877551,True,False,52.85,-2.8500000000000014,0.6667945619220059
1.0,1.0,20,30,7.857142857142857,True,False,54.400000000000006,-4.400000000000006,0.690419938841369
1.0,1.0,20,30,8.346938775510203,True,False,56.0,-6.0,0.7134276425415059
1.0,1.0,20,30,8.83673469387755,True,False,57.6,-7.600000000000001,0.7358414796766447
1.0,1.0,20,30,9.326530612244898,True,False,59.2,-9.200000000000003,0.757676228607716
1.0,1.0,20,30,9.816326530612244,True,False,60.85,-10.850000000000001,0.7789669684591989
1.0,1.0,20,30,10.306122448979592,True,False,62.5,-12.5,0.7997153529033443
1.0,1.0,20,30,10.795918367346939,True,False,64.10000000000001,-14.100000000000009,0.8199113800758145
1.0,1.0,20,30,11.285714285714285,True,False,65.8,-15.799999999999997,0.8396024308515286
1.0,1.0,20,30,11.775510204081632,True,False,67.45,-17.450000000000003,0.8587668262533883
1.0,1.0,20,30,12.26530612244898,True,False,69.10000000000001,-19.10000000000001,0.877427359554262
1.0,1.0,20,30,12.755102040816325,True,False,70.8,-20.799999999999997,0.8955967974360517
1.0,1.0,20,30,13.244897959183673,True,False,72.5,-22.5,0.9132768739941278
1.0,1.0,20,30,13.73469387755102,True,False,74.2,-24.200000000000003,0.9304909548675172
1.0,1.0,20,30,14.224489795918368,True,False,75.9,-25.900000000000006,0.9472407116451594
1.0,1.0,20,30,14.714285714285714,True,False,77.60000000000001,-27.60000000000001,0.9635418486491903
1.0,1.0,20,30,15.204081632653061,True,False,79.30000000000001,-29.30000000000001,0.9794126396490724
1.0,1.0,20,30,15.693877551020408,False,False,,-inf,0.9948454516775228
1.0,1.0,20,30,16.183673469387756,False,False,,-inf,1.009888043383184
1.0,1.0,20,30,16.6734693877551,False,False,,-inf,1.0245115761070271
1.0,1.0,20,30,17.163265306122447,False,False,,-inf,1.038762791592758
1.0,1.0,20,30,17.653061224489797,False,False,,-inf,1.0526345159224029
1.0,1.0,20,30,18.142857142857142,False,False,,-inf,1.066131012957766
1.0,1.0,20,30,18.632653061224488,False,False,,-inf,1.0792983703588432
1.0,1.0,20,30,19.122448979591837,False,False,,-inf,1.0921102438330965
1.0,1.0,20,30,19.612244897959183,False,False,,-inf,1.10459189343434
1.0,1.0,20,30,20.10204081632653,False,False,,-inf,1.1167677389059314
1.0,1.0,20,30,20.591836734693878,False,False,,-inf,1.1286225390139466
1.0,1.0,20,30,21.081632653061224,False,False,,-inf,1.1401811267652122
1.0,1.0,20,30,21.57142857142857,False,False,,-inf,1.151461976633337
1.0,1.0,20,30,22.06122448979592,False,False,,-inf,1.1624528311073843
1.0,1.0,20,30,22.551020408163264,False,False,,-inf,1.1731723246155055
1.0,1.0,20,30,23.04081632653061,False,False,,-inf,1.1836453025013216
1.0,1.0,20,30,23.53061224489796,False,False,,-inf,1.1938562662503291
1.0,1.0,20,30,24.020408163265305,False,False,,-inf,1.2038140204271415
1.0,1.0,20,30,24.51020408163265,False,False,,-inf,1.213555971771219
1.0,1.0,20,30,25.0,False,False,,-inf,1.2230622491764838
1.0,1.0,25,35,1.0,True,True,39.5,10.5,0.182001043182537
1.0,1.0,25,35,1.489795918367347,True,True,40.75,9.25,0.25193499334581587
1.0,1.0,25,35,1.9795918367346939,True,True,41.95,8.049999999999997,0.31059183157052495
1.0,1.0,25,35,2.4693877551020407,True,True,43.25,6.75,0.36024842773341953
1.0,1.0,25,35,2.9591836734693877,True,True,44.550000000000004,5.449999999999996,0.4028459519907115
1.0,1.0,25,35,3.4489795918367347,True,True,45.95,4.049999999999997,0.4399202424209266
1.0,1.0,25,35,3.9387755102040813,True,True,47.35,2.6499999999999986,0.47272816031442083
1.0,1.0,25,35,4.428571428571429,True,True,48.75,1.25,0.5022547878101822
1.0,1.0,25,35,4.918367346938775,True,False,50.2,-0.20000000000000284,0.5292870972616016
1.0,1.0,25,35,5.408163265306122,True,False,51.650000000000006,-1.6500000000000057,0.5544045033921176
1.0,1.0,25,35,5.8979591836734695,True,False,53.1,-3.1000000000000014,0.578020168796372
1.0,1.0,25,35,6.387755102040816,True,False,54.6,-4.600000000000001,0.6004898948647945
1.0,1.0,25,35,6.877551020408163,True,False,56.1,-6.100000000000001,0.6220262052987955
1.0,1.0,25,35,7.36734693877551,True,False,57.6,-7.600000000000001,0.6428145098486185
1.0,1.0,25,35,7.857142857142857,True,False,59.150000000000006,-9.150000000000006,0.6629833775782402
1.0,1.0,25,35,8.346938775510203,True,False,60.7,-10.700000000000003,0.6826209005804077
1.0,1.0,25,35,8.83673469387755,True,False,62.25,-12.25,0.7017863005096444
1.0,1.0,25,35,9.326530612244898,True,False,63.800000000000004,-13.800000000000004,0.7205190526093807
1.0,1.0,25,35,9.816326530612244,True,False,65.4,-15.400000000000006,0.7388445325648858
1.0,1.0,25,35,10.306122448979592,True,False,66.95,-16.950000000000003,0.7567791904499546
1.0,1.0,25,35,10.795918367346939,True,False,68.55,-18.549999999999997,0.7743703371183284
1.0,1.0,25,35,11.285714285714285,True,False,70.2,-20.200000000000003,0.7915973021596081
1.0,1.0,25,35,11.775510204081632,True,False,71.8,-21.799999999999997,0.8084668404328444
1.0,1.0,25,35,12.26530612244898,True,False,73.45,-23.450000000000003,0.8250157474684151
1.0,1.0,25,35,12.755102040816325,True,False,75.05,-25.049999999999997,0.8412028998869444
1.0,1.0,25,35,13.244897959183673,True,False,76.7,-26.700000000000003,0.8570876515575138
1.0,1.0,25,35,13.73469387755102,True,False,78.4,-28.400000000000006,0.8726160885171014
1.0,1.0,25,35,14.224489795918368,False,False,,-inf,0.8878506326722835
1.0,1.0,25,35,14.714285714285714,False,False,,-inf,0.9027413859281472
1.0,1.0,25,35,15.204081632653061,False,False,,-inf,0.9173384182371647
1.0,1.0,25,35,15.693877551020408,False,False,,-inf,0.9316134173433913
1.0,1.0,25,35,16.183673469387756,False,False,,-inf,0.9455864596065591
1.0,1.0,25,35,16.6734693877551,False,False,,-inf,0.9592675819861112
1.0,1.0,25,35,17.163265306122447,False,False,,-inf,0.9726383667039904
1.0,1.0,25,35,17.653061224489797,False,False,,-inf,0.9857434229463546
1.0,1.0,25,35,18.142857142857142,False,False,,-inf,0.9985561684661235
1.0,1.0,25,35,18.632653061224488,False,False,,-inf,1.0110840299810098
1.0,1.0,25,35,19.122448979591837,False,False,,-inf,1.0233621658289531
1.0,1.0,25,35,19.612244897959183,False,False,,-inf,1.0353638446459008
1.0,1.0,25,35,20.10204081632653,False,False,,-inf,1.047101609113602
1.0,1.0,25,35,20.591836734693878,False,False,,-inf,1.0586058757647323
1.0,1.0,25,35,21.081632653061224,False,False,,-inf,1.0698537113345918
1.0,1.0,25,35,21.57142857142857,False,False,,-inf,1.080852111177924
1.0,1.0,25,35,22.06122448979592,False,False,,-inf,1.0916378428561655
1.0,1.0,25,35,22.551020408163264,False,False,,-inf,1.1021874044816171
1.0,1.0,25,35,23.04081632653061,False,False,,-inf,1.1125063074672192
1.0,1.0,25,35,23.53061224489796,False,False,,-inf,1.122617080986115
1.0,1.0,25,35,24.020408163265305,False,False,,-inf,1.1325214452625705
1.0,1.0,25,35,24.51020408163265,False,False,,-inf,1.1422129375603285
1.0,1.0,25,35,25.0,False,False,,-inf,1.1516973444427507
