sigma,tau_r,recovered,recovered_within_window,t_return,functional_time,x_max,temporal_margin,temporal_status,sigma_tau_ratio,tau_sigma_ratio,temporal_regime
0.5,1.0,True,True,13.15,36.85,0.4752347220083187,36.85,ACCESSIBLE,0.5,2.0,HIGH_MARGIN_ACCESSIBLE
0.5,1.489795918367347,True,True,14.55,35.45,0.5702355173678675,35.45,ACCESSIBLE,0.33561643835616434,2.979591836734694,HIGH_MARGIN_ACCESSIBLE
0.5,1.9795918367346939,True,True,16.0,34.0,0.6338569874957259,34.0,ACCESSIBLE,0.25257731958762886,3.9591836734693877,HIGH_MARGIN_ACCESSIBLE
0.5,2.4693877551020407,True,True,17.45,32.55,0.6801083296893733,32.55,ACCESSIBLE,0.20247933884297523,4.938775510204081,HIGH_MARGIN_ACCESSIBLE
0.5,2.9591836734693877,True,True,18.95,31.05,0.7151723163247556,31.05,ACCESSIBLE,0.16896551724137931,5.918367346938775,HIGH_MARGIN_ACCESSIBLE
0.5,3.4489795918367347,True,True,20.400000000000002,29.599999999999998,0.7429969630069246,29.599999999999998,ACCESSIBLE,0.14497041420118342,6.8979591836734695,HIGH_MARGIN_ACCESSIBLE
0.5,3.9387755102040813,True,True,21.85,28.15,0.7654131069093706,28.15,ACCESSIBLE,0.12694300518134716,7.877551020408163,HIGH_MARGIN_ACCESSIBLE
0.5,4.428571428571429,True,True,23.3,26.7,0.7839178923928838,26.7,ACCESSIBLE,0.11290322580645161,8.857142857142858,HIGH_MARGIN_ACCESSIBLE
0.5,4.918367346938775,True,True,24.8,25.2,0.7996566560534963,25.2,ACCESSIBLE,0.1016597510373444,9.83673469387755,HIGH_MARGIN_ACCESSIBLE
0.5,5.408163265306122,True,True,26.25,23.75,0.8130257455362462,23.75,ACCESSIBLE,0.09245283018867925,10.816326530612244,HIGH_MARGIN_ACCESSIBLE
0.5,5.8979591836734695,True,True,27.700000000000003,22.299999999999997,0.8246123683842627,22.299999999999997,ACCESSIBLE,0.0847750865051903,11.795918367346939,HIGH_MARGIN_ACCESSIBLE
0.5,6.387755102040816,True,True,29.200000000000003,20.799999999999997,0.834846736161821,20.799999999999997,ACCESSIBLE,0.07827476038338659,12.775510204081632,HIGH_MARGIN_ACCESSIBLE
0.5,6.877551020408163,True,True,30.650000000000002,19.349999999999998,0.8437486482125428,19.349999999999998,ACCESSIBLE,0.07270029673590506,13.755102040816325,LOW_MARGIN_ACCESSIBLE
0.5,7.36734693877551,True,True,32.1,17.9,0.8517478194522766,17.9,ACCESSIBLE,0.06786703601108034,14.73469387755102,LOW_MARGIN_ACCESSIBLE
0.5,7.857142857142857,True,True,33.6,16.4,0.85897577691565,16.4,ACCESSIBLE,0.06363636363636364,15.714285714285714,LOW_MARGIN_ACCESSIBLE
0.5,8.346938775510203,True,True,35.050000000000004,14.949999999999996,0.8654176524467739,14.949999999999996,ACCESSIBLE,0.05990220048899756,16.693877551020407,LOW_MARGIN_ACCESSIBLE
0.5,8.83673469387755,True,True,36.5,13.5,0.8711948993674642,13.5,ACCESSIBLE,0.05658198614318707,17.6734693877551,LOW_MARGIN_ACCESSIBLE
0.5,9.326530612244898,True,True,38.0,12.0,0.8765915474134439,12.0,ACCESSIBLE,0.05361050328227571,18.653061224489797,LOW_MARGIN_ACCESSIBLE
0.5,9.816326530612244,True,True,39.45,10.549999999999997,0.8815242929108742,10.549999999999997,ACCESSIBLE,0.05093555093555094,19.632653061224488,LOW_MARGIN_ACCESSIBLE
0.5,10.306122448979592,True,True,40.900000000000006,9.099999999999994,0.8860169964537997,9.099999999999994,ACCESSIBLE,0.048514851485148516,20.612244897959183,LOW_MARGIN_ACCESSIBLE
0.5,10.795918367346939,True,True,42.400000000000006,7.599999999999994,0.8901259703386094,7.599999999999994,ACCESSIBLE,0.046313799621928164,21.591836734693878,LOW_MARGIN_ACCESSIBLE
0.5,11.285714285714285,True,True,43.85,6.149999999999999,0.8938986557486056,6.149999999999999,ACCESSIBLE,0.04430379746835444,22.57142857142857,LOW_MARGIN_ACCESSIBLE
0.5,11.775510204081632,True,True,45.300000000000004,4.699999999999996,0.8975237570448857,4.699999999999996,ACCESSIBLE,0.04246100519930676,23.551020408163264,NO_RECOVERY
0.5,12.26530612244898,True,True,46.800000000000004,3.1999999999999957,0.900874786377523,3.1999999999999957,ACCESSIBLE,0.04076539101497504,24.53061224489796,NO_RECOVERY
0.5,12.755102040816325,True,True,48.25,1.75,0.9039816759557467,1.75,ACCESSIBLE,0.039200000000000006,25.51020408163265,NO_RECOVERY
0.5,13.244897959183673,True,True,49.7,0.29999999999999716,0.9068701414531982,0.29999999999999716,ACCESSIBLE,0.03775038520801233,26.489795918367346,NO_RECOVERY
0.5,13.73469387755102,True,False,51.2,-1.2000000000000028,0.9095624239052247,-1.2000000000000028,TIME_COLLAPSED,0.036404160475482915,27.46938775510204,LATE_RECOVERY
0.5,14.224489795918368,True,False,52.650000000000006,-2.6500000000000057,0.912077842079631,-2.6500000000000057,TIME_COLLAPSED,0.0351506456241033,28.448979591836736,LATE_RECOVERY
0.5,14.714285714285714,True,False,54.1,-4.100000000000001,0.9145049726207114,-4.100000000000001,TIME_COLLAPSED,0.03398058252427184,29.428571428571427,LATE_RECOVERY
0.5,15.204081632653061,True,False,55.6,-5.600000000000001,0.9168078681926679,-5.600000000000001,TIME_COLLAPSED,0.032885906040268455,30.408163265306122,LATE_RECOVERY
0.5,15.693877551020408,True,False,57.050000000000004,-7.050000000000004,0.9189732158271327,-7.050000000000004,TIME_COLLAPSED,0.03185955786736021,31.387755102040817,LATE_RECOVERY
0.5,16.183673469387756,True,False,58.5,-8.5,0.9210129732169775,-8.5,TIME_COLLAPSED,0.030895334174022696,32.36734693877551,LATE_RECOVERY
0.5,16.6734693877551,True,False,60.0,-10.0,0.9229377605189758,-10.0,TIME_COLLAPSED,0.029987760097919217,33.3469387755102,LATE_RECOVERY
0.5,17.163265306122447,True,False,61.45,-11.450000000000003,0.92475702546625,-11.450000000000003,TIME_COLLAPSED,0.0291319857312723,34.326530612244895,LATE_RECOVERY
0.5,17.653061224489797,True,False,62.900000000000006,-12.900000000000006,0.9264792063219549,-12.900000000000006,TIME_COLLAPSED,0.028323699421965318,35.30612244897959,LATE_RECOVERY
0.5,18.142857142857142,True,False,64.4,-14.400000000000006,0.9281118718825013,-14.400000000000006,TIME_COLLAPSED,0.027559055118110236,36.285714285714285,LATE_RECOVERY
0.5,18.632653061224488,True,False,65.85000000000001,-15.850000000000009,0.9296935109114794,-15.850000000000009,TIME_COLLAPSED,0.026834611171960572,37.265306122448976,LATE_RECOVERY
0.5,19.122448979591837,True,False,67.3,-17.299999999999997,0.9312268477437433,-17.299999999999997,TIME_COLLAPSED,0.026147278548559232,38.244897959183675,LATE_RECOVERY
0.5,19.612244897959183,True,False,68.8,-18.799999999999997,0.932686324693856,-18.799999999999997,TIME_COLLAPSED,0.025494276795005204,39.224489795918366,LATE_RECOVERY
0.5,20.10204081632653,True,False,70.25,-20.25,0.9340771511286522,-20.25,TIME_COLLAPSED,0.02487309644670051,40.20408163265306,LATE_RECOVERY
0.5,20.591836734693878,True,False,71.7,-21.700000000000003,0.9354040579195623,-21.700000000000003,TIME_COLLAPSED,0.024281466798810703,41.183673469387756,LATE_RECOVERY
0.5,21.081632653061224,True,False,73.2,-23.200000000000003,0.9366713511186694,-23.200000000000003,TIME_COLLAPSED,0.02371732817037754,42.16326530612245,LATE_RECOVERY
0.5,21.57142857142857,True,False,74.65,-24.650000000000006,0.937882958553699,-24.650000000000006,TIME_COLLAPSED,0.02317880794701987,43.14285714285714,LATE_RECOVERY
0.5,22.06122448979592,True,False,76.10000000000001,-26.10000000000001,0.9390424703714558,-26.10000000000001,TIME_COLLAPSED,0.022664199814986123,44.12244897959184,LATE_RECOVERY
0.5,22.551020408163264,True,False,77.60000000000001,-27.60000000000001,0.940153174252291,-27.60000000000001,TIME_COLLAPSED,0.022171945701357467,45.10204081632653,LATE_RECOVERY
0.5,23.04081632653061,True,False,79.05000000000001,-29.05000000000001,0.9412180907404288,-29.05000000000001,TIME_COLLAPSED,0.021700620017714795,46.08163265306122,LATE_RECOVERY
0.5,23.53061224489796,False,False,,-inf,0.9422399958653116,,TIME_COLLAPSED,0.021248915871639202,47.06122448979592,NO_RECOVERY
0.5,24.020408163265305,False,False,,-inf,0.9432457905638305,,TIME_COLLAPSED,0.020815632965165677,48.04081632653061,NO_RECOVERY
0.5,24.51020408163265,False,False,,-inf,0.94422640050006,,TIME_COLLAPSED,0.020399666944213156,49.0204081632653,NO_RECOVERY
0.5,25.0,False,False,,-inf,0.9451696947141174,,TIME_COLLAPSED,0.02,50.0,NO_RECOVERY
0.7346938775510204,1.0,True,True,13.3,36.7,0.38290303986277535,36.7,ACCESSIBLE,0.7346938775510204,1.361111111111111,HIGH_MARGIN_ACCESSIBLE
0.7346938775510204,1.489795918367347,True,True,14.65,35.35,0.47860804903999227,35.35,ACCESSIBLE,0.4931506849315068,2.0277777777777777,HIGH_MARGIN_ACCESSIBLE
0.7346938775510204,1.9795918367346939,True,True,16.1,33.9,0.5467061268922025,33.9,ACCESSIBLE,0.3711340206185567,2.694444444444444,HIGH_MARGIN_ACCESSIBLE
0.7346938775510204,2.4693877551020407,True,True,17.55,32.45,0.5978035171639348,32.45,ACCESSIBLE,0.2975206611570248,3.3611111111111107,HIGH_MARGIN_ACCESSIBLE
0.7346938775510204,2.9591836734693877,True,True,19.0,31.0,0.637819798194046,31.0,ACCESSIBLE,0.24827586206896554,4.027777777777778,HIGH_MARGIN_ACCESSIBLE
0.7346938775510204,3.4489795918367347,True,True,20.450000000000003,29.549999999999997,0.6699898636841126,29.549999999999997,ACCESSIBLE,0.21301775147928995,4.694444444444445,HIGH_MARGIN_ACCESSIBLE
0.7346938775510204,3.9387755102040813,True,True,21.900000000000002,28.099999999999998,0.6965072028142477,28.099999999999998,ACCESSIBLE,0.18652849740932645,5.361111111111111,HIGH_MARGIN_ACCESSIBLE
0.7346938775510204,4.428571428571429,True,True,23.35,26.65,0.7187643321707838,26.65,ACCESSIBLE,0.16589861751152074,6.027777777777778,HIGH_MARGIN_ACCESSIBLE
0.7346938775510204,4.918367346938775,True,True,24.8,25.2,0.7376939428194514,25.2,ACCESSIBLE,0.14937759336099588,6.694444444444444,HIGH_MARGIN_ACCESSIBLE
0.7346938775510204,5.408163265306122,True,True,26.3,23.7,0.7541585791588014,23.7,ACCESSIBLE,0.1358490566037736,7.36111111111111,HIGH_MARGIN_ACCESSIBLE
0.7346938775510204,5.8979591836734695,True,True,27.75,22.25,0.7685021717028231,22.25,ACCESSIBLE,0.12456747404844291,8.027777777777777,HIGH_MARGIN_ACCESSIBLE
0.7346938775510204,6.387755102040816,True,True,29.200000000000003,20.799999999999997,0.7811027706366009,20.799999999999997,ACCESSIBLE,0.11501597444089458,8.694444444444443,HIGH_MARGIN_ACCESSIBLE
0.7346938775510204,6.877551020408163,True,True,30.650000000000002,19.349999999999998,0.7923838317153777,19.349999999999998,ACCESSIBLE,0.10682492581602375,9.36111111111111,LOW_MARGIN_ACCESSIBLE
0.7346938775510204,7.36734693877551,True,True,32.15,17.85,0.8024114558614395,17.85,ACCESSIBLE,0.0997229916897507,10.027777777777777,LOW_MARGIN_ACCESSIBLE
0.7346938775510204,7.857142857142857,True,True,33.6,16.4,0.8114983389325697,16.4,ACCESSIBLE,0.09350649350649351,10.694444444444443,LOW_MARGIN_ACCESSIBLE
0.7346938775510204,8.346938775510203,True,True,35.050000000000004,14.949999999999996,0.819719895889581,14.949999999999996,ACCESSIBLE,0.0880195599022005,11.361111111111109,LOW_MARGIN_ACCESSIBLE
0.7346938775510204,8.83673469387755,True,True,36.550000000000004,13.449999999999996,0.8271512141487611,13.449999999999996,ACCESSIBLE,0.08314087759815243,12.027777777777777,LOW_MARGIN_ACCESSIBLE
0.7346938775510204,9.326530612244898,True,True,38.0,12.0,0.8340517615494305,12.0,ACCESSIBLE,0.0787746170678337,12.694444444444445,LOW_MARGIN_ACCESSIBLE
0.7346938775510204,9.816326530612244,True,True,39.45,10.549999999999997,0.840324609616612,10.549999999999997,ACCESSIBLE,0.07484407484407485,13.361111111111109,LOW_MARGIN_ACCESSIBLE
0.7346938775510204,10.306122448979592,True,True,40.95,9.049999999999997,0.8460875421257606,9.049999999999997,ACCESSIBLE,0.0712871287128713,14.027777777777777,LOW_MARGIN_ACCESSIBLE
0.7346938775510204,10.795918367346939,True,True,42.400000000000006,7.599999999999994,0.8514981684981989,7.599999999999994,ACCESSIBLE,0.06805293005671077,14.694444444444445,LOW_MARGIN_ACCESSIBLE
0.7346938775510204,11.285714285714285,True,True,43.85,6.149999999999999,0.8564761712026996,6.149999999999999,ACCESSIBLE,0.0650994575045208,15.361111111111109,LOW_MARGIN_ACCESSIBLE
0.7346938775510204,11.775510204081632,True,True,45.300000000000004,4.699999999999996,0.8610713532520248,4.699999999999996,ACCESSIBLE,0.06239168110918545,16.027777777777775,NO_RECOVERY
0.7346938775510204,12.26530612244898,True,True,46.800000000000004,3.1999999999999957,0.8654189996486964,3.1999999999999957,ACCESSIBLE,0.059900166389351084,16.694444444444443,NO_RECOVERY
0.7346938775510204,12.755102040816325,True,True,48.25,1.75,0.869489641444456,1.75,ACCESSIBLE,0.057600000000000005,17.361111111111107,NO_RECOVERY
0.7346938775510204,13.244897959183673,True,True,49.7,0.29999999999999716,0.8732799391622397,0.29999999999999716,ACCESSIBLE,0.05546995377503853,18.027777777777775,NO_RECOVERY
0.7346938775510204,13.73469387755102,True,False,51.2,-1.2000000000000028,0.8768178437776012,-1.2000000000000028,TIME_COLLAPSED,0.053491827637444284,18.694444444444443,LATE_RECOVERY
0.7346938775510204,14.224489795918368,True,False,52.650000000000006,-2.6500000000000057,0.8801849677359985,-2.6500000000000057,TIME_COLLAPSED,0.05164992826398852,19.36111111111111,LATE_RECOVERY
0.7346938775510204,14.714285714285714,True,False,54.1,-4.100000000000001,0.8833804515087227,-4.100000000000001,TIME_COLLAPSED,0.04993065187239945,20.027777777777775,LATE_RECOVERY
0.7346938775510204,15.204081632653061,True,False,55.6,-5.600000000000001,0.8863826744837692,-5.600000000000001,TIME_COLLAPSED,0.04832214765100672,20.694444444444443,LATE_RECOVERY
0.7346938775510204,15.693877551020408,True,False,57.050000000000004,-7.050000000000004,0.8892086507738903,-7.050000000000004,TIME_COLLAPSED,0.04681404421326398,21.36111111111111,LATE_RECOVERY
0.7346938775510204,16.183673469387756,True,False,58.5,-8.5,0.8918734382712167,-8.5,TIME_COLLAPSED,0.045397225725094574,22.02777777777778,LATE_RECOVERY
0.7346938775510204,16.6734693877551,True,False,60.0,-10.0,0.8944380511917104,-10.0,TIME_COLLAPSED,0.044063647490820076,22.694444444444443,LATE_RECOVERY
0.7346938775510204,17.163265306122447,True,False,61.45,-11.450000000000003,0.8968887166629452,-11.450000000000003,TIME_COLLAPSED,0.04280618311533889,23.361111111111107,LATE_RECOVERY
0.7346938775510204,17.653061224489797,True,False,62.900000000000006,-12.900000000000006,0.8992107445968348,-12.900000000000006,TIME_COLLAPSED,0.04161849710982659,24.02777777777778,LATE_RECOVERY
0.7346938775510204,18.142857142857142,True,False,64.4,-14.400000000000006,0.9014139968822651,-14.400000000000006,TIME_COLLAPSED,0.04049493813273341,24.694444444444443,LATE_RECOVERY
0.7346938775510204,18.632653061224488,True,False,65.85000000000001,-15.850000000000009,0.9035073530249852,-15.850000000000009,TIME_COLLAPSED,0.03943044906900329,25.361111111111107,LATE_RECOVERY
0.7346938775510204,19.122448979591837,True,False,67.3,-17.299999999999997,0.9054988289093854,-17.299999999999997,TIME_COLLAPSED,0.0384204909284952,26.02777777777778,LATE_RECOVERY
0.7346938775510204,19.612244897959183,True,False,68.8,-18.799999999999997,0.907436155672462,-18.799999999999997,TIME_COLLAPSED,0.03746097814776275,26.694444444444443,LATE_RECOVERY
0.7346938775510204,20.10204081632653,True,False,70.25,-20.25,0.9092967770279358,-20.25,TIME_COLLAPSED,0.03654822335025381,27.361111111111107,LATE_RECOVERY
0.7346938775510204,20.591836734693878,True,False,71.75,-21.75,0.9110730789416152,-21.75,TIME_COLLAPSED,0.035678889990089196,28.02777777777778,LATE_RECOVERY
0.7346938775510204,21.081632653061224,True,False,73.2,-23.200000000000003,0.9127706656574847,-23.200000000000003,TIME_COLLAPSED,0.03484995159728945,28.694444444444443,LATE_RECOVERY
0.7346938775510204,21.57142857142857,True,False,74.65,-24.650000000000006,0.9143946530763626,-24.650000000000006,TIME_COLLAPSED,0.03405865657521287,29.361111111111107,LATE_RECOVERY
0.7346938775510204,22.06122448979592,True,False,76.15,-26.150000000000006,0.9159497234197951,-26.150000000000006,TIME_COLLAPSED,0.03330249768732655,30.027777777777775,LATE_RECOVERY
0.7346938775510204,22.551020408163264,True,False,77.60000000000001,-27.60000000000001,0.9174401702062143,-27.60000000000001,TIME_COLLAPSED,0.03257918552036199,30.694444444444443,LATE_RECOVERY
0.7346938775510204,23.04081632653061,True,False,79.05000000000001,-29.05000000000001,0.9188962773622007,-29.05000000000001,TIME_COLLAPSED,0.03188662533215235,31.361111111111107,LATE_RECOVERY
0.7346938775510204,23.53061224489796,False,False,,-inf,0.9203075446030548,,TIME_COLLAPSED,0.031222896790980052,32.02777777777778,NO_RECOVERY
0.7346938775510204,24.020408163265305,False,False,,-inf,0.9216636499755211,,TIME_COLLAPSED,0.030586236193712833,32.69444444444444,NO_RECOVERY
0.7346938775510204,24.51020408163265,False,False,,-inf,0.9229677642341912,,TIME_COLLAPSED,0.029975020815986683,33.36111111111111,NO_RECOVERY
0.7346938775510204,25.0,False,False,,-inf,0.924222819949972,,TIME_COLLAPSED,0.02938775510204082,34.02777777777778,NO_RECOVERY
0.9693877551020409,1.0,True,True,13.5,36.5,0.31963053419856524,36.5,ACCESSIBLE,0.9693877551020409,1.031578947368421,HIGH_MARGIN_ACCESSIBLE
0.9693877551020409,1.489795918367347,True,True,14.8,35.2,0.41172474792966035,35.2,ACCESSIBLE,0.6506849315068494,1.5368421052631578,HIGH_MARGIN_ACCESSIBLE
0.9693877551020409,1.9795918367346939,True,True,16.2,33.8,0.4803106443328626,33.8,ACCESSIBLE,0.4896907216494846,2.0421052631578944,HIGH_MARGIN_ACCESSIBLE
0.9693877551020409,2.4693877551020407,True,True,17.6,32.4,0.533414283317098,32.4,ACCESSIBLE,0.39256198347107446,2.547368421052631,HIGH_MARGIN_ACCESSIBLE
0.9693877551020409,2.9591836734693877,True,True,19.05,30.95,0.575834465489159,30.95,ACCESSIBLE,0.32758620689655177,3.052631578947368,HIGH_MARGIN_ACCESSIBLE
0.9693877551020409,3.4489795918367347,True,True,20.5,29.5,0.6106228823716735,29.5,ACCESSIBLE,0.28106508875739644,3.557894736842105,HIGH_MARGIN_ACCESSIBLE
0.9693877551020409,3.9387755102040813,True,True,21.950000000000003,28.049999999999997,0.6396450610078375,28.049999999999997,ACCESSIBLE,0.24611398963730574,4.063157894736841,HIGH_MARGIN_ACCESSIBLE
0.9693877551020409,4.428571428571429,True,True,23.400000000000002,26.599999999999998,0.6643396072124437,26.599999999999998,ACCESSIBLE,0.21889400921658986,4.568421052631579,HIGH_MARGIN_ACCESSIBLE
0.9693877551020409,4.918367346938775,True,True,24.85,25.15,0.6856075610650563,25.15,ACCESSIBLE,0.19709543568464732,5.073684210526316,HIGH_MARGIN_ACCESSIBLE
0.9693877551020409,5.408163265306122,True,True,26.3,23.7,0.7041527099235931,23.7,ACCESSIBLE,0.17924528301886794,5.578947368421051,HIGH_MARGIN_ACCESSIBLE
0.9693877551020409,5.8979591836734695,True,True,27.75,22.25,0.720487584437126,22.25,ACCESSIBLE,0.16435986159169552,6.084210526315789,HIGH_MARGIN_ACCESSIBLE
0.9693877551020409,6.387755102040816,True,True,29.25,20.75,0.7349643956388539,20.75,ACCESSIBLE,0.15175718849840258,6.5894736842105255,HIGH_MARGIN_ACCESSIBLE
0.9693877551020409,6.877551020408163,True,True,30.700000000000003,19.299999999999997,0.7478654425067941,19.299999999999997,ACCESSIBLE,0.14094955489614244,7.094736842105262,LOW_MARGIN_ACCESSIBLE
0.9693877551020409,7.36734693877551,True,True,32.15,17.85,0.759517243659986,17.85,ACCESSIBLE,0.13157894736842107,7.6,LOW_MARGIN_ACCESSIBLE
0.9693877551020409,7.857142857142857,True,True,33.6,16.4,0.7700580916541588,16.4,ACCESSIBLE,0.12337662337662339,8.105263157894736,LOW_MARGIN_ACCESSIBLE
0.9693877551020409,8.346938775510203,True,True,35.1,14.899999999999999,0.7796127440039337,14.899999999999999,ACCESSIBLE,0.11613691931540344,8.610526315789473,LOW_MARGIN_ACCESSIBLE
0.9693877551020409,8.83673469387755,True,True,36.550000000000004,13.449999999999996,0.7884001835020379,13.449999999999996,ACCESSIBLE,0.10969976905311779,9.11578947368421,LOW_MARGIN_ACCESSIBLE
0.9693877551020409,9.326530612244898,True,True,38.0,12.0,0.7964120313706219,12.0,ACCESSIBLE,0.10393873085339168,9.621052631578946,LOW_MARGIN_ACCESSIBLE
0.9693877551020409,9.816326530612244,True,True,39.5,10.5,0.8038438180167427,10.5,ACCESSIBLE,0.09875259875259877,10.126315789473683,LOW_MARGIN_ACCESSIBLE
0.9693877551020409,10.306122448979592,True,True,40.95,9.049999999999997,0.8106850487020011,9.049999999999997,ACCESSIBLE,0.09405940594059407,10.63157894736842,LOW_MARGIN_ACCESSIBLE
0.9693877551020409,10.795918367346939,True,True,42.400000000000006,7.599999999999994,0.81703492534734,7.599999999999994,ACCESSIBLE,0.0897920604914934,11.136842105263158,LOW_MARGIN_ACCESSIBLE
0.9693877551020409,11.285714285714285,True,True,43.900000000000006,6.099999999999994,0.8229650178071868,6.099999999999994,ACCESSIBLE,0.08589511754068717,11.642105263157893,LOW_MARGIN_ACCESSIBLE
0.9693877551020409,11.775510204081632,True,True,45.35,4.649999999999999,0.8284488851843144,4.649999999999999,ACCESSIBLE,0.08232235701906414,12.14736842105263,NO_RECOVERY
0.9693877551020409,12.26530612244898,True,True,46.800000000000004,3.1999999999999957,0.8336350998429761,3.1999999999999957,ACCESSIBLE,0.07903494176372712,12.652631578947368,NO_RECOVERY
0.9693877551020409,12.755102040816325,True,True,48.25,1.75,0.8384767580383989,1.75,ACCESSIBLE,0.07600000000000001,13.157894736842103,NO_RECOVERY
0.9693877551020409,13.244897959183673,True,True,49.75,0.25,0.8429912914542166,0.25,ACCESSIBLE,0.07318952234206473,13.663157894736841,NO_RECOVERY
0.9693877551020409,13.73469387755102,True,False,51.2,-1.2000000000000028,0.8472968150417584,-1.2000000000000028,TIME_COLLAPSED,0.07057949479940565,14.168421052631578,LATE_RECOVERY
0.9693877551020409,14.224489795918368,True,False,52.650000000000006,-2.6500000000000057,0.8513412672737578,-2.6500000000000057,TIME_COLLAPSED,0.06814921090387374,14.673684210526314,LATE_RECOVERY
0.9693877551020409,14.714285714285714,True,False,54.150000000000006,-4.150000000000006,0.8551378269773217,-4.150000000000006,TIME_COLLAPSED,0.06588072122052706,15.178947368421051,LATE_RECOVERY
0.9693877551020409,15.204081632653061,True,False,55.6,-5.600000000000001,0.8587502250258736,-5.600000000000001,TIME_COLLAPSED,0.06375838926174497,15.684210526315788,LATE_RECOVERY
0.9693877551020409,15.693877551020408,True,False,57.050000000000004,-7.050000000000004,0.8621919670971123,-7.050000000000004,TIME_COLLAPSED,0.061768530559167756,16.189473684210526,LATE_RECOVERY
0.9693877551020409,16.183673469387756,True,False,58.550000000000004,-8.550000000000004,0.8654406910516369,-8.550000000000004,TIME_COLLAPSED,0.05989911727616646,16.694736842105264,LATE_RECOVERY
0.9693877551020409,16.6734693877551,True,False,60.0,-10.0,0.8685121693119702,-10.0,TIME_COLLAPSED,0.058139534883720936,17.2,LATE_RECOVERY
0.9693877551020409,17.163265306122447,True,False,61.45,-11.450000000000003,0.8714651208590295,-11.450000000000003,TIME_COLLAPSED,0.05648038049940548,17.705263157894734,LATE_RECOVERY
0.9693877551020409,17.653061224489797,True,False,62.95,-12.950000000000003,0.8742854822990169,-12.950000000000003,TIME_COLLAPSED,0.05491329479768786,18.210526315789473,LATE_RECOVERY
0.9693877551020409,18.142857142857142,True,False,64.4,-14.400000000000006,0.8769637342553753,-14.400000000000006,TIME_COLLAPSED,0.05343082114735659,18.715789473684207,LATE_RECOVERY
0.9693877551020409,18.632653061224488,True,False,65.85000000000001,-15.850000000000009,0.8795103252480273,-15.850000000000009,TIME_COLLAPSED,0.05202628696604601,19.221052631578942,LATE_RECOVERY
0.9693877551020409,19.122448979591837,True,False,67.35000000000001,-17.35000000000001,0.8819512606568589,-17.35000000000001,TIME_COLLAPSED,0.05069370330843117,19.726315789473684,LATE_RECOVERY
0.9693877551020409,19.612244897959183,True,False,68.8,-18.799999999999997,0.8843136866542501,-18.799999999999997,TIME_COLLAPSED,0.049427679500520294,20.23157894736842,LATE_RECOVERY
0.9693877551020409,20.10204081632653,True,False,70.25,-20.25,0.8865680464497255,-20.25,TIME_COLLAPSED,0.04822335025380711,20.736842105263154,LATE_RECOVERY
0.9693877551020409,20.591836734693878,True,False,71.75,-21.75,0.8887215750250419,-21.75,TIME_COLLAPSED,0.04707631318136769,21.242105263157892,LATE_RECOVERY
0.9693877551020409,21.081632653061224,True,False,73.2,-23.200000000000003,0.8907808940735596,-23.200000000000003,TIME_COLLAPSED,0.04598257502420136,21.74736842105263,LATE_RECOVERY
0.9693877551020409,21.57142857142857,True,False,74.65,-24.650000000000006,0.8927653585189106,-24.650000000000006,TIME_COLLAPSED,0.04493850520340587,22.252631578947366,LATE_RECOVERY
0.9693877551020409,22.06122448979592,True,False,76.15,-26.150000000000006,0.8946954938832451,-26.150000000000006,TIME_COLLAPSED,0.04394079555966698,22.757894736842104,LATE_RECOVERY
0.9693877551020409,22.551020408163264,True,False,77.60000000000001,-27.60000000000001,0.8965464488604757,-27.60000000000001,TIME_COLLAPSED,0.04298642533936652,23.26315789473684,LATE_RECOVERY
0.9693877551020409,23.04081632653061,True,False,79.05000000000001,-29.05000000000001,0.898322993882597,-29.05000000000001,TIME_COLLAPSED,0.04207263064658991,23.768421052631574,LATE_RECOVERY
0.9693877551020409,23.53061224489796,False,False,,-inf,0.9000295240884324,,TIME_COLLAPSED,0.041196877710320906,24.273684210526316,NO_RECOVERY
0.9693877551020409,24.020408163265305,False,False,,-inf,0.9016700955357799,,TIME_COLLAPSED,0.04035683942225999,24.77894736842105,NO_RECOVERY
0.9693877551020409,24.51020408163265,False,False,,-inf,0.9032683248899258,,TIME_COLLAPSED,0.03955037468776021,25.284210526315785,NO_RECOVERY
0.9693877551020409,25.0,False,False,,-inf,0.9048209754421339,,TIME_COLLAPSED,0.03877551020408163,25.789473684210524,NO_RECOVERY
1.2040816326530612,1.0,True,True,13.700000000000001,36.3,0.2736002287985281,36.3,ACCESSIBLE,1.2040816326530612,0.8305084745762712,HIGH_MARGIN_ACCESSIBLE
1.2040816326530612,1.489795918367347,True,True,14.950000000000001,35.05,0.360711956972755,35.05,ACCESSIBLE,0.8082191780821917,1.2372881355932204,HIGH_MARGIN_ACCESSIBLE
1.2040816326530612,1.9795918367346939,True,True,16.3,33.7,0.4279165074147964,33.7,ACCESSIBLE,0.6082474226804124,1.6440677966101696,HIGH_MARGIN_ACCESSIBLE
1.2040816326530612,2.4693877551020407,True,True,17.7,32.3,0.48133712263360984,32.3,ACCESSIBLE,0.487603305785124,2.0508474576271185,HIGH_MARGIN_ACCESSIBLE
1.2040816326530612,2.9591836734693877,True,True,19.150000000000002,30.849999999999998,0.5248679069520139,30.849999999999998,ACCESSIBLE,0.4068965517241379,2.457627118644068,HIGH_MARGIN_ACCESSIBLE
1.2040816326530612,3.4489795918367347,True,True,20.55,29.45,0.56105836533759,29.45,ACCESSIBLE,0.34911242603550297,2.864406779661017,HIGH_MARGIN_ACCESSIBLE
1.2040816326530612,3.9387755102040813,True,True,22.0,28.0,0.5916912691701238,28.0,ACCESSIBLE,0.305699481865285,3.271186440677966,HIGH_MARGIN_ACCESSIBLE
1.2040816326530612,4.428571428571429,True,True,23.450000000000003,26.549999999999997,0.6179785282241651,26.549999999999997,ACCESSIBLE,0.271889400921659,3.6779661016949157,HIGH_MARGIN_ACCESSIBLE
1.2040816326530612,4.918367346938775,True,True,24.900000000000002,25.099999999999998,0.6408351539921446,25.099999999999998,ACCESSIBLE,0.24481327800829877,4.084745762711864,HIGH_MARGIN_ACCESSIBLE
1.2040816326530612,5.408163265306122,True,True,26.35,23.65,0.6608790747748354,23.65,ACCESSIBLE,0.22264150943396227,4.491525423728813,HIGH_MARGIN_ACCESSIBLE
1.2040816326530612,5.8979591836734695,True,True,27.8,22.2,0.6786244533114196,22.2,ACCESSIBLE,0.2041522491349481,4.898305084745763,HIGH_MARGIN_ACCESSIBLE
1.2040816326530612,6.387755102040816,True,True,29.25,20.75,0.6944581221854516,20.75,ACCESSIBLE,0.18849840255591055,5.305084745762712,HIGH_MARGIN_ACCESSIBLE
1.2040816326530612,6.877551020408163,True,True,30.75,19.25,0.7086770852687273,19.25,ACCESSIBLE,0.17507418397626115,5.711864406779661,LOW_MARGIN_ACCESSIBLE
1.2040816326530612,7.36734693877551,True,True,32.2,17.799999999999997,0.7215140114383958,17.799999999999997,ACCESSIBLE,0.1634349030470914,6.11864406779661,LOW_MARGIN_ACCESSIBLE
1.2040816326530612,7.857142857142857,True,True,33.65,16.35,0.7332041850488117,16.35,ACCESSIBLE,0.15324675324675324,6.525423728813559,LOW_MARGIN_ACCESSIBLE
1.2040816326530612,8.346938775510203,True,True,35.1,14.899999999999999,0.7438881494655468,14.899999999999999,ACCESSIBLE,0.14425427872860638,6.932203389830508,LOW_MARGIN_ACCESSIBLE
1.2040816326530612,8.83673469387755,True,True,36.6,13.399999999999999,0.7536546398212258,13.399999999999999,ACCESSIBLE,0.13625866050808313,7.338983050847458,LOW_MARGIN_ACCESSIBLE
1.2040816326530612,9.326530612244898,True,True,38.050000000000004,11.949999999999996,0.762664706320505,11.949999999999996,ACCESSIBLE,0.12910284463894967,7.7457627118644075,LOW_MARGIN_ACCESSIBLE
1.2040816326530612,9.816326530612244,True,True,39.5,10.5,0.7709953047011552,10.5,ACCESSIBLE,0.12266112266112267,8.152542372881355,LOW_MARGIN_ACCESSIBLE
1.2040816326530612,10.306122448979592,True,True,40.95,9.049999999999997,0.7786904632365095,9.049999999999997,ACCESSIBLE,0.11683168316831684,8.559322033898304,LOW_MARGIN_ACCESSIBLE
1.2040816326530612,10.795918367346939,True,True,42.45,7.549999999999997,0.7858861188696005,7.549999999999997,ACCESSIBLE,0.11153119092627599,8.966101694915254,LOW_MARGIN_ACCESSIBLE
1.2040816326530612,11.285714285714285,True,True,43.900000000000006,6.099999999999994,0.7925538337191868,6.099999999999994,ACCESSIBLE,0.10669077757685354,9.372881355932202,LOW_MARGIN_ACCESSIBLE
1.2040816326530612,11.775510204081632,True,True,45.35,4.649999999999999,0.7988291355234266,4.649999999999999,ACCESSIBLE,0.1022530329289428,9.779661016949152,NO_RECOVERY
1.2040816326530612,12.26530612244898,True,True,46.85,3.1499999999999986,0.8046775599439525,3.1499999999999986,ACCESSIBLE,0.09816971713810316,10.186440677966102,NO_RECOVERY
1.2040816326530612,12.755102040816325,True,True,48.300000000000004,1.6999999999999957,0.8101903424688632,1.6999999999999957,ACCESSIBLE,0.09440000000000001,10.59322033898305,NO_RECOVERY
1.2040816326530612,13.244897959183673,True,True,49.75,0.25,0.815373988386674,0.25,ACCESSIBLE,0.09090909090909091,11.0,NO_RECOVERY
1.2040816326530612,13.73469387755102,True,False,51.2,-1.2000000000000028,0.8202437892250708,-1.2000000000000028,TIME_COLLAPSED,0.08766716196136701,11.40677966101695,LATE_RECOVERY
1.2040816326530612,14.224489795918368,True,False,52.7,-2.700000000000003,0.8248799008573424,-2.700000000000003,TIME_COLLAPSED,0.08464849354375896,11.813559322033898,LATE_RECOVERY
1.2040816326530612,14.714285714285714,True,False,54.150000000000006,-4.150000000000006,0.829236738972068,-4.150000000000006,TIME_COLLAPSED,0.08183079056865465,12.220338983050846,LATE_RECOVERY
1.2040816326530612,15.204081632653061,True,False,55.6,-5.600000000000001,0.8333786016761688,-5.600000000000001,TIME_COLLAPSED,0.07919463087248323,12.627118644067796,LATE_RECOVERY
1.2040816326530612,15.693877551020408,True,False,57.1,-7.100000000000001,0.8373205570389729,-7.100000000000001,TIME_COLLAPSED,0.07672301690507152,13.033898305084746,LATE_RECOVERY
1.2040816326530612,16.183673469387756,True,False,58.550000000000004,-8.550000000000004,0.8410448868271224,-8.550000000000004,TIME_COLLAPSED,0.07440100882723834,13.440677966101696,LATE_RECOVERY
1.2040816326530612,16.6734693877551,True,False,60.0,-10.0,0.8446047870219596,-10.0,TIME_COLLAPSED,0.07221542227662178,13.847457627118644,LATE_RECOVERY
1.2040816326530612,17.163265306122447,True,False,61.5,-11.5,0.8480070030102722,-11.5,TIME_COLLAPSED,0.07015457788347207,14.254237288135592,LATE_RECOVERY
1.2040816326530612,17.653061224489797,True,False,62.95,-12.950000000000003,0.851235884104665,-12.950000000000003,TIME_COLLAPSED,0.06820809248554913,14.661016949152543,LATE_RECOVERY
1.2040816326530612,18.142857142857142,True,False,64.4,-14.400000000000006,0.854318402257391,-14.400000000000006,TIME_COLLAPSED,0.06636670416197976,15.067796610169491,LATE_RECOVERY
1.2040816326530612,18.632653061224488,True,False,65.9,-15.900000000000006,0.857292009256337,-15.900000000000006,TIME_COLLAPSED,0.06462212486308873,15.47457627118644,LATE_RECOVERY
1.2040816326530612,19.122448979591837,True,False,67.35000000000001,-17.35000000000001,0.8601249626951583,-17.35000000000001,TIME_COLLAPSED,0.06296691568836713,15.881355932203391,LATE_RECOVERY
1.2040816326530612,19.612244897959183,True,False,68.8,-18.799999999999997,0.8628270017113628,-18.799999999999997,TIME_COLLAPSED,0.061394380853277836,16.28813559322034,LATE_RECOVERY
1.2040816326530612,20.10204081632653,True,False,70.3,-20.299999999999997,0.8654348106786662,-20.299999999999997,TIME_COLLAPSED,0.059898477157360415,16.694915254237287,LATE_RECOVERY
1.2040816326530612,20.591836734693878,True,False,71.75,-21.75,0.8679459634893553,-21.75,TIME_COLLAPSED,0.05847373637264618,17.10169491525424,LATE_RECOVERY
1.2040816326530612,21.081632653061224,True,False,73.2,-23.200000000000003,0.8703486689482878,-23.200000000000003,TIME_COLLAPSED,0.057115198451113264,17.508474576271187,LATE_RECOVERY
1.2040816326530612,21.57142857142857,True,False,74.7,-24.700000000000003,0.8726497905799093,-24.700000000000003,TIME_COLLAPSED,0.05581835383159887,17.915254237288135,LATE_RECOVERY
1.2040816326530612,22.06122448979592,True,False,76.15,-26.150000000000006,0.8748765887730626,-26.150000000000006,TIME_COLLAPSED,0.0545790934320074,18.322033898305087,LATE_RECOVERY
1.2040816326530612,22.551020408163264,True,False,77.60000000000001,-27.60000000000001,0.8770312753730232,-27.60000000000001,TIME_COLLAPSED,0.053393665158371045,18.728813559322035,LATE_RECOVERY
1.2040816326530612,23.04081632653061,True,False,79.10000000000001,-29.10000000000001,0.8791003586179387,-29.10000000000001,TIME_COLLAPSED,0.052258635961027464,19.135593220338983,LATE_RECOVERY
1.2040816326530612,23.53061224489796,False,False,,-inf,0.8810888346450374,,TIME_COLLAPSED,0.05117085862966175,19.54237288135593,NO_RECOVERY
1.2040816326530612,24.020408163265305,False,False,,-inf,0.8830015698592799,,TIME_COLLAPSED,0.05012744265080714,19.94915254237288,NO_RECOVERY
1.2040816326530612,24.51020408163265,False,False,,-inf,0.8848752730585426,,TIME_COLLAPSED,0.049125728559533725,20.355932203389827,NO_RECOVERY
1.2040816326530612,25.0,False,False,,-inf,0.8866800579160502,,TIME_COLLAPSED,0.04816326530612245,20.76271186440678,NO_RECOVERY
1.4387755102040818,1.0,True,True,13.950000000000001,36.05,0.23868009556151934,36.05,ACCESSIBLE,1.4387755102040818,0.6950354609929077,HIGH_MARGIN_ACCESSIBLE
1.4387755102040818,1.489795918367347,True,True,15.200000000000001,34.8,0.320439519031885,34.8,ACCESSIBLE,0.9657534246575343,1.0354609929078014,HIGH_MARGIN_ACCESSIBLE
1.4387755102040818,1.9795918367346939,True,True,16.5,33.5,0.38548156794114,33.5,ACCESSIBLE,0.7268041237113403,1.3758865248226948,HIGH_MARGIN_ACCESSIBLE
1.4387755102040818,2.4693877551020407,True,True,17.85,32.15,0.4382849016692174,32.15,ACCESSIBLE,0.5826446280991736,1.7163120567375885,HIGH_MARGIN_ACCESSIBLE
1.4387755102040818,2.9591836734693877,True,True,19.25,30.75,0.4820233803227185,30.75,ACCESSIBLE,0.4862068965517242,2.056737588652482,HIGH_MARGIN_ACCESSIBLE
1.4387755102040818,3.4489795918367347,True,True,20.650000000000002,29.349999999999998,0.5189093053610911,29.349999999999998,ACCESSIBLE,0.4171597633136095,2.3971631205673756,HIGH_MARGIN_ACCESSIBLE
1.4387755102040818,3.9387755102040813,True,True,22.1,27.9,0.5504397345100335,27.9,ACCESSIBLE,0.3652849740932643,2.737588652482269,HIGH_MARGIN_ACCESSIBLE
1.4387755102040818,4.428571428571429,True,True,23.55,26.45,0.5777515912909295,26.45,ACCESSIBLE,0.32488479262672815,3.078014184397163,HIGH_MARGIN_ACCESSIBLE
1.4387755102040818,4.918367346938775,True,True,24.950000000000003,25.049999999999997,0.6016692439718306,25.049999999999997,ACCESSIBLE,0.2925311203319502,3.418439716312056,HIGH_MARGIN_ACCESSIBLE
1.4387755102040818,5.408163265306122,True,True,26.400000000000002,23.599999999999998,0.6227897880767516,23.599999999999998,ACCESSIBLE,0.26603773584905666,3.75886524822695,HIGH_MARGIN_ACCESSIBLE
1.4387755102040818,5.8979591836734695,True,True,27.85,22.15,0.6415812655571748,22.15,ACCESSIBLE,0.2439446366782007,4.0992907801418434,HIGH_MARGIN_ACCESSIBLE
1.4387755102040818,6.387755102040816,True,True,29.3,20.7,0.6584339872983042,20.7,ACCESSIBLE,0.22523961661341857,4.439716312056737,HIGH_MARGIN_ACCESSIBLE
1.4387755102040818,6.877551020408163,True,True,30.8,19.2,0.6736528559031266,19.2,ACCESSIBLE,0.20919881305637986,4.78014184397163,LOW_MARGIN_ACCESSIBLE
1.4387755102040818,7.36734693877551,True,True,32.25,17.75,0.6874657461741552,17.75,ACCESSIBLE,0.1952908587257618,5.120567375886524,LOW_MARGIN_ACCESSIBLE
1.4387755102040818,7.857142857142857,True,True,33.7,16.299999999999997,0.7000712145639425,16.299999999999997,ACCESSIBLE,0.18311688311688315,5.460992907801417,LOW_MARGIN_ACCESSIBLE
1.4387755102040818,8.346938775510203,True,True,35.15,14.850000000000001,0.7116193452960706,14.850000000000001,ACCESSIBLE,0.17237163814180934,5.801418439716311,LOW_MARGIN_ACCESSIBLE
1.4387755102040818,8.83673469387755,True,True,36.6,13.399999999999999,0.7222356713359653,13.399999999999999,ACCESSIBLE,0.1628175519630485,6.1418439716312045,LOW_MARGIN_ACCESSIBLE
1.4387755102040818,9.326530612244898,True,True,38.1,11.899999999999999,0.7320243742902947,11.899999999999999,ACCESSIBLE,0.15426695842450766,6.482269503546099,LOW_MARGIN_ACCESSIBLE
1.4387755102040818,9.816326530612244,True,True,39.550000000000004,10.449999999999996,0.741090391443448,10.449999999999996,ACCESSIBLE,0.1465696465696466,6.822695035460992,LOW_MARGIN_ACCESSIBLE
1.4387755102040818,10.306122448979592,True,True,41.0,9.0,0.7495416513726596,9.0,ACCESSIBLE,0.13960396039603962,7.163120567375885,LOW_MARGIN_ACCESSIBLE
1.4387755102040818,10.795918367346939,True,True,42.45,7.549999999999997,0.7573928466468344,7.549999999999997,ACCESSIBLE,0.13327032136105862,7.503546099290779,LOW_MARGIN_ACCESSIBLE
1.4387755102040818,11.285714285714285,True,True,43.95,6.049999999999997,0.7647356472365477,6.049999999999997,ACCESSIBLE,0.12748643761301992,7.843971631205672,LOW_MARGIN_ACCESSIBLE
1.4387755102040818,11.775510204081632,True,True,45.400000000000006,4.599999999999994,0.7716217096064817,4.599999999999994,ACCESSIBLE,0.12218370883882151,8.184397163120567,NO_RECOVERY
1.4387755102040818,12.26530612244898,True,True,46.85,3.1499999999999986,0.7780634136054126,3.1499999999999986,ACCESSIBLE,0.11730449251247921,8.52482269503546,NO_RECOVERY
1.4387755102040818,12.755102040816325,True,True,48.300000000000004,1.6999999999999957,0.7841551855840179,1.6999999999999957,ACCESSIBLE,0.11280000000000003,8.865248226950353,NO_RECOVERY
1.4387755102040818,13.244897959183673,True,True,49.800000000000004,0.19999999999999574,0.7898637462362285,0.19999999999999574,ACCESSIBLE,0.10862865947611712,9.205673758865247,NO_RECOVERY
1.4387755102040818,13.73469387755102,True,False,51.25,-1.25,0.7952899228461663,-1.25,TIME_COLLAPSED,0.1047548291233284,9.546099290780141,LATE_RECOVERY
1.4387755102040818,14.224489795918368,True,False,52.7,-2.700000000000003,0.8003933623888774,-2.700000000000003,TIME_COLLAPSED,0.10114777618364419,9.886524822695035,LATE_RECOVERY
1.4387755102040818,14.714285714285714,True,False,54.2,-4.200000000000003,0.805253151793319,-4.200000000000003,TIME_COLLAPSED,0.09778085991678226,10.226950354609928,LATE_RECOVERY
1.4387755102040818,15.204081632653061,True,False,55.650000000000006,-5.650000000000006,0.809850762131471,-5.650000000000006,TIME_COLLAPSED,0.09463087248322148,10.567375886524822,LATE_RECOVERY
1.4387755102040818,15.693877551020408,True,False,57.1,-7.100000000000001,0.8142222519370748,-7.100000000000001,TIME_COLLAPSED,0.0916775032509753,10.907801418439716,LATE_RECOVERY
1.4387755102040818,16.183673469387756,True,False,58.550000000000004,-8.550000000000004,0.8183923615423868,-8.550000000000004,TIME_COLLAPSED,0.08890290037831022,11.24822695035461,LATE_RECOVERY
1.4387755102040818,16.6734693877551,True,False,60.050000000000004,-10.050000000000004,0.8223417973830374,-10.050000000000004,TIME_COLLAPSED,0.08629130966952266,11.588652482269502,LATE_RECOVERY
1.4387755102040818,17.163265306122447,True,False,61.5,-11.5,0.8261431863636617,-11.5,TIME_COLLAPSED,0.08382877526753867,11.929078014184395,LATE_RECOVERY
1.4387755102040818,17.653061224489797,True,False,62.95,-12.950000000000003,0.8297572927732779,-12.950000000000003,TIME_COLLAPSED,0.0815028901734104,12.26950354609929,LATE_RECOVERY
1.4387755102040818,18.142857142857142,True,False,64.45,-14.450000000000003,0.8332048749786568,-14.450000000000003,TIME_COLLAPSED,0.07930258717660293,12.609929078014183,LATE_RECOVERY
1.4387755102040818,18.632653061224488,True,False,65.9,-15.900000000000006,0.8365290053432367,-15.900000000000006,TIME_COLLAPSED,0.07721796276013144,12.950354609929075,LATE_RECOVERY
1.4387755102040818,19.122448979591837,True,False,67.35000000000001,-17.35000000000001,0.8396979838851851,-17.35000000000001,TIME_COLLAPSED,0.0752401280683031,13.290780141843971,LATE_RECOVERY
1.4387755102040818,19.612244897959183,True,False,68.85000000000001,-18.85000000000001,0.8427324661219755,-18.85000000000001,TIME_COLLAPSED,0.07336108220603539,13.631205673758863,LATE_RECOVERY
1.4387755102040818,20.10204081632653,True,False,70.3,-20.299999999999997,0.8456670788380923,-20.299999999999997,TIME_COLLAPSED,0.07157360406091372,13.971631205673756,LATE_RECOVERY
1.4387755102040818,20.591836734693878,True,False,71.75,-21.75,0.8484737810542515,-21.75,TIME_COLLAPSED,0.06987115956392469,14.312056737588652,LATE_RECOVERY
1.4387755102040818,21.081632653061224,True,False,73.25,-23.25,0.851160691747212,-23.25,TIME_COLLAPSED,0.06824782187802518,14.652482269503544,LATE_RECOVERY
1.4387755102040818,21.57142857142857,True,False,74.7,-24.700000000000003,0.8537738580986918,-24.700000000000003,TIME_COLLAPSED,0.06669820245979188,14.992907801418436,LATE_RECOVERY
1.4387755102040818,22.06122448979592,True,False,76.15,-26.150000000000006,0.8562814235880364,-26.150000000000006,TIME_COLLAPSED,0.06521739130434784,15.333333333333332,LATE_RECOVERY
1.4387755102040818,22.551020408163264,True,False,77.65,-27.650000000000006,0.8586884877749957,-27.650000000000006,TIME_COLLAPSED,0.06380090497737557,15.673758865248224,LATE_RECOVERY
1.4387755102040818,23.04081632653061,True,False,79.10000000000001,-29.10000000000001,0.8610157374863101,-29.10000000000001,TIME_COLLAPSED,0.06244464127546503,16.014184397163117,LATE_RECOVERY
1.4387755102040818,23.53061224489796,False,False,,-inf,0.8632732194076799,,TIME_COLLAPSED,0.06114483954900261,16.354609929078013,NO_RECOVERY
1.4387755102040818,24.020408163265305,False,False,,-inf,0.8654454056406256,,TIME_COLLAPSED,0.0598980458793543,16.695035460992905,NO_RECOVERY
1.4387755102040818,24.51020408163265,False,False,,-inf,0.8675370291975644,,TIME_COLLAPSED,0.058701082431307255,17.035460992907797,NO_RECOVERY
1.4387755102040818,25.0,False,False,,-inf,0.8695691937424032,,TIME_COLLAPSED,0.05755102040816327,17.375886524822693,NO_RECOVERY
1.6734693877551021,1.0,True,True,14.200000000000001,35.8,0.2113481990900824,35.8,ACCESSIBLE,1.6734693877551021,0.5975609756097561,HIGH_MARGIN_ACCESSIBLE
1.6734693877551021,1.489795918367347,True,True,15.4,34.6,0.2879487937808926,34.6,ACCESSIBLE,1.1232876712328768,0.8902439024390244,HIGH_MARGIN_ACCESSIBLE
1.6734693877551021,1.9795918367346939,True,True,16.650000000000002,33.349999999999994,0.35038680661171057,33.349999999999994,ACCESSIBLE,0.8453608247422681,1.1829268292682926,HIGH_MARGIN_ACCESSIBLE
1.6734693877551021,2.4693877551020407,True,True,18.0,32.0,0.40205008070297965,32.0,ACCESSIBLE,0.6776859504132232,1.4756097560975607,HIGH_MARGIN_ACCESSIBLE
1.6734693877551021,2.9591836734693877,True,True,19.35,30.65,0.44549113198591334,30.65,ACCESSIBLE,0.5655172413793104,1.768292682926829,HIGH_MARGIN_ACCESSIBLE
1.6734693877551021,3.4489795918367347,True,True,20.75,29.25,0.48251452266808187,29.25,ACCESSIBLE,0.485207100591716,2.0609756097560976,HIGH_MARGIN_ACCESSIBLE
1.6734693877551021,3.9387755102040813,True,True,22.200000000000003,27.799999999999997,0.5145172608161921,27.799999999999997,ACCESSIBLE,0.4248704663212436,2.3536585365853657,HIGH_MARGIN_ACCESSIBLE
1.6734693877551021,4.428571428571429,True,True,23.6,26.4,0.5424396277091009,26.4,ACCESSIBLE,0.3778801843317972,2.6463414634146343,HIGH_MARGIN_ACCESSIBLE
1.6734693877551021,4.918367346938775,True,True,25.05,24.95,0.5670561096070181,24.95,ACCESSIBLE,0.34024896265560167,2.9390243902439024,HIGH_MARGIN_ACCESSIBLE
1.6734693877551021,5.408163265306122,True,True,26.5,23.5,0.5889403321923229,23.5,ACCESSIBLE,0.309433962264151,3.2317073170731705,HIGH_MARGIN_ACCESSIBLE
1.6734693877551021,5.8979591836734695,True,True,27.950000000000003,22.049999999999997,0.6085109473709093,22.049999999999997,ACCESSIBLE,0.2837370242214533,3.524390243902439,HIGH_MARGIN_ACCESSIBLE
1.6734693877551021,6.387755102040816,True,True,29.400000000000002,20.599999999999998,0.6261467003741745,20.599999999999998,ACCESSIBLE,0.26198083067092653,3.817073170731707,HIGH_MARGIN_ACCESSIBLE
1.6734693877551021,6.877551020408163,True,True,30.85,19.15,0.6421412746981167,19.15,ACCESSIBLE,0.24332344213649854,4.109756097560975,LOW_MARGIN_ACCESSIBLE
1.6734693877551021,7.36734693877551,True,True,32.300000000000004,17.699999999999996,0.6567012610335488,17.699999999999996,ACCESSIBLE,0.22714681440443216,4.402439024390244,LOW_MARGIN_ACCESSIBLE
1.6734693877551021,7.857142857142857,True,True,33.75,16.25,0.6700215764515639,16.25,ACCESSIBLE,0.212987012987013,4.6951219512195115,LOW_MARGIN_ACCESSIBLE
1.6734693877551021,8.346938775510203,True,True,35.2,14.799999999999997,0.6822606163415775,14.799999999999997,ACCESSIBLE,0.20048899755501226,4.98780487804878,LOW_MARGIN_ACCESSIBLE
1.6734693877551021,8.83673469387755,True,True,36.65,13.350000000000001,0.693548409490231,13.350000000000001,ACCESSIBLE,0.18937644341801388,5.280487804878049,LOW_MARGIN_ACCESSIBLE
1.6734693877551021,9.326530612244898,True,True,38.1,11.899999999999999,0.7039929970302776,11.899999999999999,ACCESSIBLE,0.17943107221006566,5.573170731707317,LOW_MARGIN_ACCESSIBLE
1.6734693877551021,9.816326530612244,True,True,39.550000000000004,10.449999999999996,0.7136849223394702,10.449999999999996,ACCESSIBLE,0.17047817047817052,5.865853658536585,LOW_MARGIN_ACCESSIBLE
1.6734693877551021,10.306122448979592,True,True,41.050000000000004,8.949999999999996,0.7227237468001935,8.949999999999996,ACCESSIBLE,0.16237623762376238,6.158536585365853,LOW_MARGIN_ACCESSIBLE
1.6734693877551021,10.795918367346939,True,True,42.5,7.5,0.7311698461606584,7.5,ACCESSIBLE,0.15500945179584122,6.451219512195122,LOW_MARGIN_ACCESSIBLE
1.6734693877551021,11.285714285714285,True,True,43.95,6.049999999999997,0.7390649070464947,6.049999999999997,ACCESSIBLE,0.1482820976491863,6.74390243902439,LOW_MARGIN_ACCESSIBLE
1.6734693877551021,11.775510204081632,True,True,45.400000000000006,4.599999999999994,0.7464605169215305,4.599999999999994,ACCESSIBLE,0.1421143847487002,7.036585365853658,NO_RECOVERY
1.6734693877551021,12.26530612244898,True,True,46.900000000000006,3.0999999999999943,0.7534449166230479,3.0999999999999943,ACCESSIBLE,0.13643926788685526,7.329268292682927,NO_RECOVERY
1.6734693877551021,12.755102040816325,True,True,48.35,1.6499999999999986,0.7600062220458343,1.6499999999999986,ACCESSIBLE,0.1312,7.621951219512194,NO_RECOVERY
1.6734693877551021,13.244897959183673,True,True,49.800000000000004,0.19999999999999574,0.7662016002265609,0.19999999999999574,ACCESSIBLE,0.1263482280431433,7.914634146341463,NO_RECOVERY
1.6734693877551021,13.73469387755102,True,False,51.25,-1.25,0.7720698814371095,-1.25,TIME_COLLAPSED,0.12184249628528976,8.207317073170731,LATE_RECOVERY
1.6734693877551021,14.224489795918368,True,False,52.75,-2.75,0.7776093567381034,-2.75,TIME_COLLAPSED,0.11764705882352941,8.5,LATE_RECOVERY
1.6734693877551021,14.714285714285714,True,False,54.2,-4.200000000000003,0.7828907259117871,-4.200000000000003,TIME_COLLAPSED,0.11373092926490985,8.792682926829267,LATE_RECOVERY
1.6734693877551021,15.204081632653061,True,False,55.650000000000006,-5.650000000000006,0.7878808819959602,-5.650000000000006,TIME_COLLAPSED,0.11006711409395974,9.085365853658535,LATE_RECOVERY
1.6734693877551021,15.693877551020408,True,False,57.150000000000006,-7.150000000000006,0.7926585238164483,-7.150000000000006,TIME_COLLAPSED,0.10663198959687907,9.378048780487804,LATE_RECOVERY
1.6734693877551021,16.183673469387756,True,False,58.6,-8.600000000000001,0.7971835776434727,-8.600000000000001,TIME_COLLAPSED,0.1034047919293821,9.670731707317072,LATE_RECOVERY
1.6734693877551021,16.6734693877551,True,False,60.050000000000004,-10.050000000000004,0.8015239393719333,-10.050000000000004,TIME_COLLAPSED,0.1003671970624235,9.963414634146341,LATE_RECOVERY
1.6734693877551021,17.163265306122447,True,False,61.5,-11.5,0.8056514505531921,-11.5,TIME_COLLAPSED,0.09750297265160525,10.256097560975608,LATE_RECOVERY
1.6734693877551021,17.653061224489797,True,False,63.0,-13.0,0.8096082762353664,-13.0,TIME_COLLAPSED,0.09479768786127167,10.548780487804878,LATE_RECOVERY
1.6734693877551021,18.142857142857142,True,False,64.45,-14.450000000000003,0.8133931086118549,-14.450000000000003,TIME_COLLAPSED,0.09223847019122611,10.841463414634145,LATE_RECOVERY
1.6734693877551021,18.632653061224488,True,False,65.9,-15.900000000000006,0.8170105195562268,-15.900000000000006,TIME_COLLAPSED,0.08981380065717416,11.134146341463413,LATE_RECOVERY
1.6734693877551021,19.122448979591837,True,False,67.4,-17.400000000000006,0.8204976307191831,-17.400000000000006,TIME_COLLAPSED,0.08751334044823907,11.426829268292682,LATE_RECOVERY
1.6734693877551021,19.612244897959183,True,False,68.85000000000001,-18.85000000000001,0.8238277298875643,-18.85000000000001,TIME_COLLAPSED,0.08532778355879293,11.71951219512195,LATE_RECOVERY
1.6734693877551021,20.10204081632653,True,False,70.3,-20.299999999999997,0.8270390259839018,-20.299999999999997,TIME_COLLAPSED,0.08324873096446701,12.012195121951217,LATE_RECOVERY
1.6734693877551021,20.591836734693878,True,False,71.8,-21.799999999999997,0.830126755932269,-21.799999999999997,TIME_COLLAPSED,0.08126858275520317,12.304878048780488,LATE_RECOVERY
1.6734693877551021,21.081632653061224,True,False,73.25,-23.25,0.8330843203763564,-23.25,TIME_COLLAPSED,0.07938044530493708,12.597560975609754,LATE_RECOVERY
1.6734693877551021,21.57142857142857,True,False,74.7,-24.700000000000003,0.8359530565166403,-24.700000000000003,TIME_COLLAPSED,0.07757805108798488,12.890243902439023,LATE_RECOVERY
1.6734693877551021,22.06122448979592,True,False,76.2,-26.200000000000003,0.8387105759412682,-26.200000000000003,TIME_COLLAPSED,0.07585568917668825,13.182926829268292,LATE_RECOVERY
1.6734693877551021,22.551020408163264,True,False,77.65,-27.650000000000006,0.8413588027459967,-27.650000000000006,TIME_COLLAPSED,0.07420814479638009,13.47560975609756,LATE_RECOVERY
1.6734693877551021,23.04081632653061,True,False,79.10000000000001,-29.10000000000001,0.8439342168601608,-29.10000000000001,TIME_COLLAPSED,0.07263064658990258,13.768292682926827,LATE_RECOVERY
1.6734693877551021,23.53061224489796,False,False,,-inf,0.8464153811880577,,TIME_COLLAPSED,0.07111882046834346,14.060975609756097,NO_RECOVERY
1.6734693877551021,24.020408163265305,False,False,,-inf,0.8488037726492818,,TIME_COLLAPSED,0.06966864910790145,14.353658536585364,NO_RECOVERY
1.6734693877551021,24.51020408163265,False,False,,-inf,0.8511247685291892,,TIME_COLLAPSED,0.06827643630308078,14.646341463414632,NO_RECOVERY
1.6734693877551021,25.0,False,False,,-inf,0.8533721130566309,,TIME_COLLAPSED,0.06693877551020408,14.939024390243901,NO_RECOVERY
1.9081632653061225,1.0,True,True,14.4,35.6,0.18943757343906198,35.6,ACCESSIBLE,1.9081632653061225,0.5240641711229946,HIGH_MARGIN_ACCESSIBLE
1.9081632653061225,1.489795918367347,True,True,15.65,34.35,0.2611618289321252,34.35,ACCESSIBLE,1.2808219178082192,0.7807486631016043,HIGH_MARGIN_ACCESSIBLE
1.9081632653061225,1.9795918367346939,True,True,16.85,33.15,0.32088811394911565,33.15,ACCESSIBLE,0.9639175257731959,1.0374331550802138,HIGH_MARGIN_ACCESSIBLE
1.9081632653061225,2.4693877551020407,True,True,18.150000000000002,31.849999999999998,0.37113047837519036,31.849999999999998,ACCESSIBLE,0.7727272727272728,1.2941176470588234,HIGH_MARGIN_ACCESSIBLE
1.9081632653061225,2.9591836734693877,True,True,19.5,30.5,0.41391249990121504,30.5,ACCESSIBLE,0.6448275862068966,1.5508021390374331,HIGH_MARGIN_ACCESSIBLE
1.9081632653061225,3.4489795918367347,True,True,20.900000000000002,29.099999999999998,0.4507897294323338,29.099999999999998,ACCESSIBLE,0.5532544378698224,1.807486631016043,HIGH_MARGIN_ACCESSIBLE
1.9081632653061225,3.9387755102040813,True,True,22.3,27.7,0.48289509023766847,27.7,ACCESSIBLE,0.48445595854922285,2.064171122994652,HIGH_MARGIN_ACCESSIBLE
1.9081632653061225,4.428571428571429,True,True,23.700000000000003,26.299999999999997,0.5111455666850536,26.299999999999997,ACCESSIBLE,0.4308755760368663,2.320855614973262,HIGH_MARGIN_ACCESSIBLE
1.9081632653061225,4.918367346938775,True,True,25.150000000000002,24.849999999999998,0.5361952304116012,24.849999999999998,ACCESSIBLE,0.3879668049792531,2.5775401069518717,HIGH_MARGIN_ACCESSIBLE
1.9081632653061225,5.408163265306122,True,True,26.55,23.45,0.5585883254673265,23.45,ACCESSIBLE,0.3528301886792453,2.834224598930481,HIGH_MARGIN_ACCESSIBLE
1.9081632653061225,5.8979591836734695,True,True,28.0,22.0,0.5787302002421613,22.0,ACCESSIBLE,0.3235294117647059,3.090909090909091,HIGH_MARGIN_ACCESSIBLE
1.9081632653061225,6.387755102040816,True,True,29.450000000000003,20.549999999999997,0.5969322227324448,20.549999999999997,ACCESSIBLE,0.2987220447284345,3.3475935828877006,HIGH_MARGIN_ACCESSIBLE
1.9081632653061225,6.877551020408163,True,True,30.900000000000002,19.099999999999998,0.6135123933237785,19.099999999999998,ACCESSIBLE,0.27744807121661724,3.60427807486631,LOW_MARGIN_ACCESSIBLE
1.9081632653061225,7.36734693877551,True,True,32.35,17.65,0.6286561889947849,17.65,ACCESSIBLE,0.2590027700831025,3.8609625668449197,LOW_MARGIN_ACCESSIBLE
1.9081632653061225,7.857142857142857,True,True,33.800000000000004,16.199999999999996,0.6425481567512741,16.199999999999996,ACCESSIBLE,0.24285714285714288,4.117647058823529,LOW_MARGIN_ACCESSIBLE
1.9081632653061225,8.346938775510203,True,True,35.25,14.75,0.6553477066888289,14.75,ACCESSIBLE,0.22860635696821519,4.374331550802139,LOW_MARGIN_ACCESSIBLE
1.9081632653061225,8.83673469387755,True,True,36.7,13.299999999999997,0.6671860500718602,13.299999999999997,ACCESSIBLE,0.21593533487297922,4.6310160427807485,LOW_MARGIN_ACCESSIBLE
1.9081632653061225,9.326530612244898,True,True,38.15,11.850000000000001,0.6781726784450286,11.850000000000001,ACCESSIBLE,0.20459518599562362,4.887700534759358,LOW_MARGIN_ACCESSIBLE
1.9081632653061225,9.816326530612244,True,True,39.6,10.399999999999999,0.688399459065054,10.399999999999999,ACCESSIBLE,0.1943866943866944,5.144385026737967,LOW_MARGIN_ACCESSIBLE
1.9081632653061225,10.306122448979592,True,True,41.1,8.899999999999999,0.6979441578437313,8.899999999999999,ACCESSIBLE,0.18514851485148515,5.401069518716577,LOW_MARGIN_ACCESSIBLE
1.9081632653061225,10.795918367346939,True,True,42.550000000000004,7.449999999999996,0.7068731209680287,7.449999999999996,ACCESSIBLE,0.1767485822306238,5.657754010695188,LOW_MARGIN_ACCESSIBLE
1.9081632653061225,11.285714285714285,True,True,44.0,6.0,0.7152434696851998,6.0,ACCESSIBLE,0.16907775768535263,5.9144385026737964,LOW_MARGIN_ACCESSIBLE
1.9081632653061225,11.775510204081632,True,True,45.45,4.549999999999997,0.7231046323845159,4.549999999999997,ACCESSIBLE,0.16204506065857888,6.171122994652406,NO_RECOVERY
1.9081632653061225,12.26530612244898,True,True,46.900000000000006,3.0999999999999943,0.730502045772311,3.0999999999999943,ACCESSIBLE,0.15557404326123128,6.427807486631016,NO_RECOVERY
1.9081632653061225,12.755102040816325,True,True,48.400000000000006,1.5999999999999943,0.7375036946683713,1.5999999999999943,ACCESSIBLE,0.1496,6.684491978609625,NO_RECOVERY
1.9081632653061225,13.244897959183673,True,True,49.85,0.14999999999999858,0.7441120714539537,0.14999999999999858,ACCESSIBLE,0.1440677966101695,6.941176470588235,NO_RECOVERY
1.9081632653061225,13.73469387755102,True,False,51.300000000000004,-1.3000000000000043,0.7503562517261564,-1.3000000000000043,TIME_COLLAPSED,0.13893016344725112,7.197860962566845,LATE_RECOVERY
1.9081632653061225,14.224489795918368,True,False,52.75,-2.75,0.7563018740758438,-2.75,TIME_COLLAPSED,0.13414634146341464,7.454545454545455,LATE_RECOVERY
1.9081632653061225,14.714285714285714,True,False,54.25,-4.25,0.7619360997640685,-4.25,TIME_COLLAPSED,0.12968099861303745,7.711229946524064,LATE_RECOVERY
1.9081632653061225,15.204081632653061,True,False,55.7,-5.700000000000003,0.767293812069234,-5.700000000000003,TIME_COLLAPSED,0.12550335570469798,7.967914438502674,LATE_RECOVERY
1.9081632653061225,15.693877551020408,True,False,57.150000000000006,-7.150000000000006,0.7724063290236576,-7.150000000000006,TIME_COLLAPSED,0.12158647594278284,8.224598930481283,LATE_RECOVERY
1.9081632653061225,16.183673469387756,True,False,58.6,-8.600000000000001,0.7772653375046786,-8.600000000000001,TIME_COLLAPSED,0.11790668348045397,8.481283422459894,LATE_RECOVERY
1.9081632653061225,16.6734693877551,True,False,60.1,-10.100000000000001,0.7819265149758752,-10.100000000000001,TIME_COLLAPSED,0.11444308445532436,8.737967914438503,LATE_RECOVERY
1.9081632653061225,17.163265306122447,True,False,61.550000000000004,-11.550000000000004,0.7863585783955094,-11.550000000000004,TIME_COLLAPSED,0.11117717003567183,8.994652406417112,LATE_RECOVERY
1.9081632653061225,17.653061224489797,True,False,63.0,-13.0,0.7906253174080055,-13.0,TIME_COLLAPSED,0.10809248554913295,9.251336898395722,LATE_RECOVERY
1.9081632653061225,18.142857142857142,True,False,64.5,-14.5,0.7946888356868493,-14.5,TIME_COLLAPSED,0.10517435320584927,9.508021390374331,LATE_RECOVERY
1.9081632653061225,18.632653061224488,True,False,65.95,-15.950000000000003,0.7986077361778258,-15.950000000000003,TIME_COLLAPSED,0.10240963855421688,9.76470588235294,LATE_RECOVERY
1.9081632653061225,19.122448979591837,True,False,67.4,-17.400000000000006,0.8023507201982654,-17.400000000000006,TIME_COLLAPSED,0.09978655282817503,10.02139037433155,LATE_RECOVERY
1.9081632653061225,19.612244897959183,True,False,68.85000000000001,-18.85000000000001,0.8059603548667629,-18.85000000000001,TIME_COLLAPSED,0.09729448491155047,10.27807486631016,LATE_RECOVERY
1.9081632653061225,20.10204081632653,True,False,70.35000000000001,-20.35000000000001,0.809422680701537,-20.35000000000001,TIME_COLLAPSED,0.09492385786802031,10.534759358288769,LATE_RECOVERY
1.9081632653061225,20.591836734693878,True,False,71.8,-21.799999999999997,0.812755394555963,-21.799999999999997,TIME_COLLAPSED,0.09266600594648167,10.79144385026738,LATE_RECOVERY
1.9081632653061225,21.081632653061224,True,False,73.25,-23.25,0.8159704313736409,-23.25,TIME_COLLAPSED,0.09051306873184899,11.048128342245988,LATE_RECOVERY
1.9081632653061225,21.57142857142857,True,False,74.75,-24.75,0.8190542832582655,-24.75,TIME_COLLAPSED,0.08845789971617787,11.304812834224597,LATE_RECOVERY
1.9081632653061225,22.06122448979592,True,False,76.2,-26.200000000000003,0.8220495278937432,-26.200000000000003,TIME_COLLAPSED,0.08649398704902868,11.56149732620321,LATE_RECOVERY
1.9081632653061225,22.551020408163264,True,False,77.65,-27.650000000000006,0.8249280521672285,-27.650000000000006,TIME_COLLAPSED,0.08461538461538462,11.818181818181818,LATE_RECOVERY
1.9081632653061225,23.04081632653061,True,False,79.15,-29.150000000000006,0.8277072912093771,-29.150000000000006,TIME_COLLAPSED,0.08281665190434014,12.074866310160427,LATE_RECOVERY
1.9081632653061225,23.53061224489796,False,False,,-inf,0.8304024883985571,,TIME_COLLAPSED,0.08109280138768431,12.331550802139038,NO_RECOVERY
1.9081632653061225,24.020408163265305,False,False,,-inf,0.8329979846553968,,TIME_COLLAPSED,0.07943925233644861,12.588235294117647,NO_RECOVERY
1.9081632653061225,24.51020408163265,False,False,,-inf,0.8355151190657106,,TIME_COLLAPSED,0.0778517901748543,12.844919786096256,NO_RECOVERY
1.9081632653061225,25.0,False,False,,-inf,0.8379556289981832,,TIME_COLLAPSED,0.0763265306122449,13.101604278074866,NO_RECOVERY
2.1428571428571432,1.0,True,True,14.65,35.35,0.17148127820300318,35.35,ACCESSIBLE,2.1428571428571432,0.46666666666666656,HIGH_MARGIN_ACCESSIBLE
2.1428571428571432,1.489795918367347,True,True,15.9,34.1,0.23873051273173623,34.1,ACCESSIBLE,1.4383561643835618,0.6952380952380952,HIGH_MARGIN_ACCESSIBLE
2.1428571428571432,1.9795918367346939,True,True,17.1,32.9,0.29575495384123296,32.9,ACCESSIBLE,1.0824742268041239,0.9238095238095236,HIGH_MARGIN_ACCESSIBLE
2.1428571428571432,2.4693877551020407,True,True,18.35,31.65,0.3444170286437342,31.65,ACCESSIBLE,0.8677685950413225,1.152380952380952,HIGH_MARGIN_ACCESSIBLE
2.1428571428571432,2.9591836734693877,True,True,19.650000000000002,30.349999999999998,0.38635203581373456,30.349999999999998,ACCESSIBLE,0.7241379310344829,1.3809523809523807,HIGH_MARGIN_ACCESSIBLE
2.1428571428571432,3.4489795918367347,True,True,21.0,29.0,0.42282418705913805,29.0,ACCESSIBLE,0.6213017751479291,1.6095238095238094,HIGH_MARGIN_ACCESSIBLE
2.1428571428571432,3.9387755102040813,True,True,22.400000000000002,27.599999999999998,0.4548491592376712,27.599999999999998,ACCESSIBLE,0.5440414507772022,1.8380952380952376,HIGH_MARGIN_ACCESSIBLE
2.1428571428571432,4.428571428571429,True,True,23.8,26.2,0.48319627699902834,26.2,ACCESSIBLE,0.48387096774193555,2.0666666666666664,HIGH_MARGIN_ACCESSIBLE
2.1428571428571432,4.918367346938775,True,True,25.25,24.75,0.5084774616451448,24.75,ACCESSIBLE,0.4356846473029046,2.2952380952380946,HIGH_MARGIN_ACCESSIBLE
2.1428571428571432,5.408163265306122,True,True,26.650000000000002,23.349999999999998,0.5311897332616993,23.349999999999998,ACCESSIBLE,0.3962264150943397,2.5238095238095233,HIGH_MARGIN_ACCESSIBLE
2.1428571428571432,5.8979591836734695,True,True,28.1,21.9,0.5517164223627848,21.9,ACCESSIBLE,0.36332179930795855,2.752380952380952,HIGH_MARGIN_ACCESSIBLE
2.1428571428571432,6.387755102040816,True,True,29.5,20.5,0.5703579347341119,20.5,ACCESSIBLE,0.3354632587859426,2.98095238095238,HIGH_MARGIN_ACCESSIBLE
2.1428571428571432,6.877551020408163,True,True,30.950000000000003,19.049999999999997,0.5873534387303478,19.049999999999997,ACCESSIBLE,0.311572700296736,3.209523809523809,LOW_MARGIN_ACCESSIBLE
2.1428571428571432,7.36734693877551,True,True,32.4,17.6,0.6029637276553439,17.6,ACCESSIBLE,0.2908587257617729,3.4380952380952374,LOW_MARGIN_ACCESSIBLE
2.1428571428571432,7.857142857142857,True,True,33.85,16.15,0.6173136141575893,16.15,ACCESSIBLE,0.27272727272727276,3.6666666666666656,LOW_MARGIN_ACCESSIBLE
2.1428571428571432,8.346938775510203,True,True,35.300000000000004,14.699999999999996,0.6305692870683914,14.699999999999996,ACCESSIBLE,0.25672371638141817,3.8952380952380943,LOW_MARGIN_ACCESSIBLE
2.1428571428571432,8.83673469387755,True,True,36.75,13.25,0.6428700971412293,13.25,ACCESSIBLE,0.24249422632794462,4.123809523809523,LOW_MARGIN_ACCESSIBLE
2.1428571428571432,9.326530612244898,True,True,38.2,11.799999999999997,0.6543029745433367,11.799999999999997,ACCESSIBLE,0.22975929978118165,4.352380952380952,LOW_MARGIN_ACCESSIBLE
2.1428571428571432,9.816326530612244,True,True,39.650000000000006,10.349999999999994,0.6649617195095929,10.349999999999994,ACCESSIBLE,0.21829521829521836,4.58095238095238,LOW_MARGIN_ACCESSIBLE
2.1428571428571432,10.306122448979592,True,True,41.1,8.899999999999999,0.6749259639720719,8.899999999999999,ACCESSIBLE,0.20792079207920797,4.809523809523808,LOW_MARGIN_ACCESSIBLE
2.1428571428571432,10.795918367346939,True,True,42.6,7.399999999999999,0.6842638780264045,7.399999999999999,ACCESSIBLE,0.19848771266540646,5.038095238095237,LOW_MARGIN_ACCESSIBLE
2.1428571428571432,11.285714285714285,True,True,44.050000000000004,5.949999999999996,0.6930341249572872,5.949999999999996,ACCESSIBLE,0.18987341772151903,5.266666666666665,LOW_MARGIN_ACCESSIBLE
2.1428571428571432,11.775510204081632,True,True,45.5,4.5,0.7012874356352471,4.5,ACCESSIBLE,0.18197573656845759,5.495238095238094,NO_RECOVERY
2.1428571428571432,12.26530612244898,True,True,46.95,3.049999999999997,0.7090680749904363,3.049999999999997,ACCESSIBLE,0.17470881863560736,5.723809523809523,NO_RECOVERY
2.1428571428571432,12.755102040816325,True,True,48.400000000000006,1.5999999999999943,0.7164301220372882,1.5999999999999943,ACCESSIBLE,0.16800000000000004,5.952380952380951,NO_RECOVERY
2.1428571428571432,13.244897959183673,True,True,49.900000000000006,0.09999999999999432,0.7233995296947908,0.09999999999999432,ACCESSIBLE,0.16178736517719572,6.180952380952379,NO_RECOVERY
2.1428571428571432,13.73469387755102,True,False,51.35,-1.3500000000000014,0.7300014604948819,-1.3500000000000014,TIME_COLLAPSED,0.1560178306092125,6.409523809523808,LATE_RECOVERY
2.1428571428571432,14.224489795918368,True,False,52.800000000000004,-2.8000000000000043,0.7362624271961742,-2.8000000000000043,TIME_COLLAPSED,0.15064562410329987,6.638095238095237,LATE_RECOVERY
2.1428571428571432,14.714285714285714,True,False,54.25,-4.25,0.7422288473405025,-4.25,TIME_COLLAPSED,0.1456310679611651,6.866666666666665,LATE_RECOVERY
2.1428571428571432,15.204081632653061,True,False,55.7,-5.700000000000003,0.7479075774449662,-5.700000000000003,TIME_COLLAPSED,0.14093959731543626,7.095238095238094,LATE_RECOVERY
2.1428571428571432,15.693877551020408,True,False,57.2,-7.200000000000003,0.7533104435532122,-7.200000000000003,TIME_COLLAPSED,0.13654096228868662,7.323809523809523,LATE_RECOVERY
2.1428571428571432,16.183673469387756,True,False,58.650000000000006,-8.650000000000006,0.7584831458322799,-8.650000000000006,TIME_COLLAPSED,0.13240857503152587,7.552380952380951,LATE_RECOVERY
2.1428571428571432,16.6734693877551,True,False,60.1,-10.100000000000001,0.7634191942480647,-10.100000000000001,TIME_COLLAPSED,0.12851897184822525,7.780952380952379,LATE_RECOVERY
2.1428571428571432,17.163265306122447,True,False,61.6,-11.600000000000001,0.7681385349356097,-11.600000000000001,TIME_COLLAPSED,0.12485136741973844,8.009523809523808,LATE_RECOVERY
2.1428571428571432,17.653061224489797,True,False,63.050000000000004,-13.050000000000004,0.7726676811771613,-13.050000000000004,TIME_COLLAPSED,0.12138728323699424,8.238095238095237,LATE_RECOVERY
2.1428571428571432,18.142857142857142,True,False,64.5,-14.5,0.7769950997519548,-14.5,TIME_COLLAPSED,0.11811023622047247,8.466666666666665,LATE_RECOVERY
2.1428571428571432,18.632653061224488,True,False,65.95,-15.950000000000003,0.7811663906787166,-15.950000000000003,TIME_COLLAPSED,0.11500547645125961,8.695238095238093,LATE_RECOVERY
2.1428571428571432,19.122448979591837,True,False,67.45,-17.450000000000003,0.7851541244507149,-17.450000000000003,TIME_COLLAPSED,0.112059765208111,8.923809523809522,LATE_RECOVERY
2.1428571428571432,19.612244897959183,True,False,68.9,-18.900000000000006,0.7890065401274744,-18.900000000000006,TIME_COLLAPSED,0.10926118626430803,9.15238095238095,LATE_RECOVERY
2.1428571428571432,20.10204081632653,True,False,70.35000000000001,-20.35000000000001,0.7926941515211179,-20.35000000000001,TIME_COLLAPSED,0.10659898477157363,9.380952380952378,LATE_RECOVERY
2.1428571428571432,20.591836734693878,True,False,71.8,-21.799999999999997,0.7962641792926322,-21.799999999999997,TIME_COLLAPSED,0.10406342913776018,9.609523809523807,LATE_RECOVERY
2.1428571428571432,21.081632653061224,True,False,73.3,-23.299999999999997,0.7996872147893271,-23.299999999999997,TIME_COLLAPSED,0.10164569215876092,9.838095238095235,LATE_RECOVERY
2.1428571428571432,21.57142857142857,True,False,74.75,-24.75,0.8030033281994879,-24.75,TIME_COLLAPSED,0.09933774834437088,10.066666666666665,LATE_RECOVERY
2.1428571428571432,22.06122448979592,True,False,76.2,-26.200000000000003,0.8061923628705084,-26.200000000000003,TIME_COLLAPSED,0.09713228492136912,10.295238095238094,LATE_RECOVERY
2.1428571428571432,22.551020408163264,True,False,77.7,-27.700000000000003,0.8092782127524852,-27.700000000000003,TIME_COLLAPSED,0.09502262443438916,10.523809523809522,LATE_RECOVERY
2.1428571428571432,23.04081632653061,True,False,79.15,-29.150000000000006,0.812258700339806,-29.150000000000006,TIME_COLLAPSED,0.0930026572187777,10.75238095238095,LATE_RECOVERY
2.1428571428571432,23.53061224489796,False,False,,-inf,0.8151352455974857,,TIME_COLLAPSED,0.09106678230702517,10.98095238095238,NO_RECOVERY
2.1428571428571432,24.020408163265305,False,False,,-inf,0.8179289770853475,,TIME_COLLAPSED,0.08920985556499578,11.209523809523807,NO_RECOVERY
2.1428571428571432,24.51020408163265,False,False,,-inf,0.82062228510623,,TIME_COLLAPSED,0.08742714404662784,11.438095238095235,NO_RECOVERY
2.1428571428571432,25.0,False,False,,-inf,0.8232401155779987,,TIME_COLLAPSED,0.08571428571428573,11.666666666666664,NO_RECOVERY
2.3775510204081636,1.0,True,True,14.850000000000001,35.15,0.1565372236505788,35.15,ACCESSIBLE,2.3775510204081636,0.42060085836909866,HIGH_MARGIN_ACCESSIBLE
2.3775510204081636,1.489795918367347,True,True,16.1,33.9,0.21970782290359628,33.9,ACCESSIBLE,1.5958904109589043,0.6266094420600858,HIGH_MARGIN_ACCESSIBLE
2.3775510204081636,1.9795918367346939,True,True,17.3,32.7,0.2741092631898539,32.7,ACCESSIBLE,1.2010309278350517,0.8326180257510728,HIGH_MARGIN_ACCESSIBLE
2.3775510204081636,2.4693877551020407,True,True,18.55,31.45,0.321145468483089,31.45,ACCESSIBLE,0.9628099173553721,1.03862660944206,HIGH_MARGIN_ACCESSIBLE
2.3775510204081636,2.9591836734693877,True,True,19.85,30.15,0.36207849869117453,30.15,ACCESSIBLE,0.8034482758620691,1.244635193133047,HIGH_MARGIN_ACCESSIBLE
2.3775510204081636,3.4489795918367347,True,True,21.200000000000003,28.799999999999997,0.3979985154942873,28.799999999999997,ACCESSIBLE,0.6893491124260356,1.4506437768240341,HIGH_MARGIN_ACCESSIBLE
2.3775510204081636,3.9387755102040813,True,True,22.55,27.45,0.42976356083948786,27.45,ACCESSIBLE,0.6036269430051815,1.6566523605150212,HIGH_MARGIN_ACCESSIBLE
2.3775510204081636,4.428571428571429,True,True,23.950000000000003,26.049999999999997,0.4580578687383231,26.049999999999997,ACCESSIBLE,0.5368663594470047,1.8626609442060085,HIGH_MARGIN_ACCESSIBLE
2.3775510204081636,4.918367346938775,True,True,25.35,24.65,0.4834339113870178,24.65,ACCESSIBLE,0.4834024896265561,2.0686695278969953,HIGH_MARGIN_ACCESSIBLE
2.3775510204081636,5.408163265306122,True,True,26.75,23.25,0.5063216830026215,23.25,ACCESSIBLE,0.43962264150943403,2.274678111587982,HIGH_MARGIN_ACCESSIBLE
2.3775510204081636,5.8979591836734695,True,True,28.150000000000002,21.849999999999998,0.5270889160879384,21.849999999999998,ACCESSIBLE,0.40311418685121114,2.48068669527897,HIGH_MARGIN_ACCESSIBLE
2.3775510204081636,6.387755102040816,True,True,29.6,20.4,0.5460262477263379,20.4,ACCESSIBLE,0.37220447284345054,2.6866952789699567,HIGH_MARGIN_ACCESSIBLE
2.3775510204081636,6.877551020408163,True,True,31.05,18.95,0.5633665101598481,18.95,ACCESSIBLE,0.34569732937685466,2.8927038626609436,LOW_MARGIN_ACCESSIBLE
2.3775510204081636,7.36734693877551,True,True,32.5,17.5,0.5792985163495534,17.5,ACCESSIBLE,0.32271468144044324,3.098712446351931,LOW_MARGIN_ACCESSIBLE
2.3775510204081636,7.857142857142857,True,True,33.9,16.1,0.5940229203948331,16.1,ACCESSIBLE,0.30259740259740264,3.3047210300429177,LOW_MARGIN_ACCESSIBLE
2.3775510204081636,8.346938775510203,True,True,35.35,14.649999999999999,0.6076400444849438,14.649999999999999,ACCESSIBLE,0.2848410757946211,3.510729613733905,LOW_MARGIN_ACCESSIBLE
2.3775510204081636,8.83673469387755,True,True,36.800000000000004,13.199999999999996,0.6203079294282698,13.199999999999996,ACCESSIBLE,0.26905311778290997,3.7167381974248923,LOW_MARGIN_ACCESSIBLE
2.3775510204081636,9.326530612244898,True,True,38.25,11.75,0.6321064024586863,11.75,ACCESSIBLE,0.25492341356673964,3.9227467811158796,LOW_MARGIN_ACCESSIBLE
2.3775510204081636,9.816326530612244,True,True,39.7,10.299999999999997,0.6431247556381542,10.299999999999997,ACCESSIBLE,0.24220374220374224,4.1287553648068664,LOW_MARGIN_ACCESSIBLE
2.3775510204081636,10.306122448979592,True,True,41.150000000000006,8.849999999999994,0.6534429960640392,8.849999999999994,ACCESSIBLE,0.23069306930693073,4.334763948497853,LOW_MARGIN_ACCESSIBLE
2.3775510204081636,10.795918367346939,True,True,42.650000000000006,7.349999999999994,0.6631296718646146,7.349999999999994,ACCESSIBLE,0.22022684310018906,4.540772532188841,LOW_MARGIN_ACCESSIBLE
2.3775510204081636,11.285714285714285,True,True,44.1,5.899999999999999,0.6722440284387465,5.899999999999999,ACCESSIBLE,0.2106690777576854,4.746781115879827,LOW_MARGIN_ACCESSIBLE
2.3775510204081636,11.775510204081632,True,True,45.550000000000004,4.449999999999996,0.6808373749382993,4.449999999999996,ACCESSIBLE,0.20190641247833627,4.952789699570815,NO_RECOVERY
2.3775510204081636,12.26530612244898,True,True,47.0,3.0,0.688954475035522,3.0,ACCESSIBLE,0.19384359400998338,5.158798283261802,NO_RECOVERY
2.3775510204081636,12.755102040816325,True,True,48.45,1.5499999999999972,0.6966345073730402,1.5499999999999972,ACCESSIBLE,0.18640000000000004,5.364806866952788,NO_RECOVERY
2.3775510204081636,13.244897959183673,True,True,49.900000000000006,0.09999999999999432,0.7039120653689884,0.09999999999999432,ACCESSIBLE,0.1795069337442219,5.570815450643776,NO_RECOVERY
2.3775510204081636,13.73469387755102,True,False,51.400000000000006,-1.4000000000000057,0.7108177423573189,-1.4000000000000057,TIME_COLLAPSED,0.17310549777117387,5.776824034334763,LATE_RECOVERY
2.3775510204081636,14.224489795918368,True,False,52.85,-2.8500000000000014,0.7173787783319053,-2.8500000000000014,TIME_COLLAPSED,0.1671449067431851,5.982832618025751,LATE_RECOVERY
2.3775510204081636,14.714285714285714,True,False,54.300000000000004,-4.300000000000004,0.7236194358455161,-4.300000000000004,TIME_COLLAPSED,0.1615811373092927,6.188841201716737,LATE_RECOVERY
2.3775510204081636,15.204081632653061,True,False,55.75,-5.75,0.7295820140265392,-5.75,TIME_COLLAPSED,0.15637583892617452,6.394849785407724,LATE_RECOVERY
2.3775510204081636,15.693877551020408,True,False,57.2,-7.200000000000003,0.7352668536486421,-7.200000000000003,TIME_COLLAPSED,0.15149544863459039,6.600858369098712,LATE_RECOVERY
2.3775510204081636,16.183673469387756,True,False,58.7,-8.700000000000003,0.7406914253443901,-8.700000000000003,TIME_COLLAPSED,0.14691046658259774,6.806866952789699,LATE_RECOVERY
2.3775510204081636,16.6734693877551,True,False,60.150000000000006,-10.150000000000006,0.74588533040609,-10.150000000000006,TIME_COLLAPSED,0.14259485924112608,7.012875536480686,LATE_RECOVERY
2.3775510204081636,17.163265306122447,True,False,61.6,-11.600000000000001,0.7508616348963058,-11.600000000000001,TIME_COLLAPSED,0.138525564803805,7.218884120171672,LATE_RECOVERY
2.3775510204081636,17.653061224489797,True,False,63.050000000000004,-13.050000000000004,0.7556217420084375,-13.050000000000004,TIME_COLLAPSED,0.1346820809248555,7.42489270386266,LATE_RECOVERY
2.3775510204081636,18.142857142857142,True,False,64.55,-14.549999999999997,0.7601986873770042,-14.549999999999997,TIME_COLLAPSED,0.13104611923509563,7.630901287553647,LATE_RECOVERY
2.3775510204081636,18.632653061224488,True,False,66.0,-16.0,0.7645900467338488,-16.0,TIME_COLLAPSED,0.12760131434830232,7.836909871244633,LATE_RECOVERY
2.3775510204081636,19.122448979591837,True,False,67.45,-17.450000000000003,0.7688067794206566,-17.450000000000003,TIME_COLLAPSED,0.12433297758804697,8.042918454935622,LATE_RECOVERY
2.3775510204081636,19.612244897959183,True,False,68.9,-18.900000000000006,0.7728719329622754,-18.900000000000006,TIME_COLLAPSED,0.12122788761706557,8.248927038626608,LATE_RECOVERY
2.3775510204081636,20.10204081632653,True,False,70.4,-20.400000000000006,0.7767725232048968,-20.400000000000006,TIME_COLLAPSED,0.11827411167512693,8.454935622317596,LATE_RECOVERY
2.3775510204081636,20.591836734693878,True,False,71.85000000000001,-21.85000000000001,0.7805470206325678,-21.85000000000001,TIME_COLLAPSED,0.11546085232903866,8.660944206008583,LATE_RECOVERY
2.3775510204081636,21.081632653061224,True,False,73.3,-23.299999999999997,0.7841712620279243,-23.299999999999997,TIME_COLLAPSED,0.11277831558567282,8.86695278969957,LATE_RECOVERY
2.3775510204081636,21.57142857142857,True,False,74.8,-24.799999999999997,0.7876823418848817,-24.799999999999997,TIME_COLLAPSED,0.11021759697256389,9.072961373390555,LATE_RECOVERY
2.3775510204081636,22.06122448979592,True,False,76.25,-26.25,0.7910587085998536,-26.25,TIME_COLLAPSED,0.10777058279370955,9.278969957081545,LATE_RECOVERY
2.3775510204081636,22.551020408163264,True,False,77.7,-27.700000000000003,0.7943347513867637,-27.700000000000003,TIME_COLLAPSED,0.10542986425339368,9.48497854077253,LATE_RECOVERY
2.3775510204081636,23.04081632653061,True,False,79.15,-29.150000000000006,0.7974875598239135,-29.150000000000006,TIME_COLLAPSED,0.10318866253321526,9.690987124463517,LATE_RECOVERY
2.3775510204081636,23.53061224489796,False,False,,-inf,0.8005528738911126,,TIME_COLLAPSED,0.10104076322636601,9.896995708154504,NO_RECOVERY
2.3775510204081636,24.020408163265305,False,False,,-inf,0.8035076711668808,,TIME_COLLAPSED,0.09898045879354292,10.103004291845492,NO_RECOVERY
2.3775510204081636,24.51020408163265,False,False,,-inf,0.806378487907406,,TIME_COLLAPSED,0.09700249791840135,10.309012875536478,NO_RECOVERY
2.3775510204081636,25.0,False,False,,-inf,0.80915511128524,,TIME_COLLAPSED,0.09510204081632655,10.515021459227466,NO_RECOVERY
2.612244897959184,1.0,True,True,15.0,35.0,0.14391440068806377,35.0,ACCESSIBLE,2.612244897959184,0.38281249999999994,HIGH_MARGIN_ACCESSIBLE
2.612244897959184,1.489795918367347,True,True,16.35,33.65,0.20336801052101317,33.65,ACCESSIBLE,1.7534246575342467,0.5703125,HIGH_MARGIN_ACCESSIBLE
2.612244897959184,1.9795918367346939,True,True,17.55,32.45,0.25528377123546064,32.45,ACCESSIBLE,1.3195876288659796,0.7578124999999999,HIGH_MARGIN_ACCESSIBLE
2.612244897959184,2.4693877551020407,True,True,18.8,31.2,0.3006705773060468,31.2,ACCESSIBLE,1.0578512396694217,0.9453124999999999,HIGH_MARGIN_ACCESSIBLE
2.612244897959184,2.9591836734693877,True,True,20.05,29.95,0.3405420294322238,29.95,ACCESSIBLE,0.8827586206896553,1.1328124999999998,HIGH_MARGIN_ACCESSIBLE
2.612244897959184,3.4489795918367347,True,True,21.35,28.65,0.37580696759999266,28.65,ACCESSIBLE,0.7573964497041421,1.3203125,HIGH_MARGIN_ACCESSIBLE
2.612244897959184,3.9387755102040813,True,True,22.700000000000003,27.299999999999997,0.40719571456106934,27.299999999999997,ACCESSIBLE,0.6632124352331608,1.5078124999999998,HIGH_MARGIN_ACCESSIBLE
2.612244897959184,4.428571428571429,True,True,24.05,25.95,0.4353176715758877,25.95,ACCESSIBLE,0.5898617511520737,1.6953125,HIGH_MARGIN_ACCESSIBLE
2.612244897959184,4.918367346938775,True,True,25.450000000000003,24.549999999999997,0.4606550569383101,24.549999999999997,ACCESSIBLE,0.5311203319502076,1.8828124999999998,HIGH_MARGIN_ACCESSIBLE
2.612244897959184,5.408163265306122,True,True,26.85,23.15,0.48362276033225327,23.15,ACCESSIBLE,0.48301886792452836,2.0703124999999996,HIGH_MARGIN_ACCESSIBLE
2.612244897959184,5.8979591836734695,True,True,28.25,21.75,0.5045306362312731,21.75,ACCESSIBLE,0.4429065743944637,2.2578125,HIGH_MARGIN_ACCESSIBLE
2.612244897959184,6.387755102040816,True,True,29.700000000000003,20.299999999999997,0.5236583214305307,20.299999999999997,ACCESSIBLE,0.4089456869009585,2.4453124999999996,HIGH_MARGIN_ACCESSIBLE
2.612244897959184,6.877551020408163,True,True,31.1,18.9,0.5412314735506304,18.9,ACCESSIBLE,0.37982195845697336,2.6328124999999996,LOW_MARGIN_ACCESSIBLE
2.612244897959184,7.36734693877551,True,True,32.550000000000004,17.449999999999996,0.5574341267281434,17.449999999999996,ACCESSIBLE,0.35457063711911363,2.8203124999999996,LOW_MARGIN_ACCESSIBLE
2.612244897959184,7.857142857142857,True,True,34.0,16.0,0.57241796934177,16.0,ACCESSIBLE,0.3324675324675325,3.0078124999999996,LOW_MARGIN_ACCESSIBLE
2.612244897959184,8.346938775510203,True,True,35.45,14.549999999999997,0.5863417212106675,14.549999999999997,ACCESSIBLE,0.312958435207824,3.1953124999999996,LOW_MARGIN_ACCESSIBLE
2.612244897959184,8.83673469387755,True,True,36.9,13.100000000000001,0.599291072602353,13.100000000000001,ACCESSIBLE,0.29561200923787534,3.3828124999999996,LOW_MARGIN_ACCESSIBLE
2.612244897959184,9.326530612244898,True,True,38.35,11.649999999999999,0.611394448997619,11.649999999999999,ACCESSIBLE,0.2800875273522976,3.5703125,LOW_MARGIN_ACCESSIBLE
2.612244897959184,9.816326530612244,True,True,39.800000000000004,10.199999999999996,0.6227130277656243,10.199999999999996,ACCESSIBLE,0.2661122661122662,3.757812499999999,LOW_MARGIN_ACCESSIBLE
2.612244897959184,10.306122448979592,True,True,41.25,8.75,0.633326797699943,8.75,ACCESSIBLE,0.2534653465346535,3.9453124999999996,LOW_MARGIN_ACCESSIBLE
2.612244897959184,10.795918367346939,True,True,42.7,7.299999999999997,0.6433184881347302,7.299999999999997,ACCESSIBLE,0.24196597353497165,4.1328125,LOW_MARGIN_ACCESSIBLE
2.612244897959184,11.285714285714285,True,True,44.150000000000006,5.849999999999994,0.6527293372123396,5.849999999999994,ACCESSIBLE,0.23146473779385177,4.320312499999999,LOW_MARGIN_ACCESSIBLE
2.612244897959184,11.775510204081632,True,True,45.6,4.399999999999999,0.6616111668519089,4.399999999999999,ACCESSIBLE,0.22183708838821492,4.507812499999999,NO_RECOVERY
2.612244897959184,12.26530612244898,True,True,47.050000000000004,2.9499999999999957,0.6700096023198133,2.9499999999999957,ACCESSIBLE,0.2129783693843594,4.6953125,NO_RECOVERY
2.612244897959184,12.755102040816325,True,True,48.5,1.5,0.6779646797228903,1.5,ACCESSIBLE,0.20480000000000004,4.882812499999999,NO_RECOVERY
2.612244897959184,13.244897959183673,True,True,49.95,0.04999999999999716,0.6855116921161564,0.04999999999999716,ACCESSIBLE,0.1972265023112481,5.070312499999999,NO_RECOVERY
2.612244897959184,13.73469387755102,True,False,51.400000000000006,-1.4000000000000057,0.6926819108100682,-1.4000000000000057,TIME_COLLAPSED,0.19019316493313523,5.257812499999999,LATE_RECOVERY
2.612244897959184,14.224489795918368,True,False,52.900000000000006,-2.9000000000000057,0.6995031164371674,-2.9000000000000057,TIME_COLLAPSED,0.1836441893830703,5.4453125,LATE_RECOVERY
2.612244897959184,14.714285714285714,True,False,54.35,-4.350000000000001,0.706000154630715,-4.350000000000001,TIME_COLLAPSED,0.17753120665742028,5.632812499999999,LATE_RECOVERY
2.612244897959184,15.204081632653061,True,False,55.800000000000004,-5.800000000000004,0.7122075120317103,-5.800000000000004,TIME_COLLAPSED,0.17181208053691277,5.820312499999999,LATE_RECOVERY
2.612244897959184,15.693877551020408,True,False,57.25,-7.25,0.7181346879328175,-7.25,TIME_COLLAPSED,0.16644993498049415,6.0078125,LATE_RECOVERY
2.612244897959184,16.183673469387756,True,False,58.7,-8.700000000000003,0.7237993735615567,-8.700000000000003,TIME_COLLAPSED,0.1614123581336696,6.1953125,LATE_RECOVERY
2.612244897959184,16.6734693877551,True,False,60.2,-10.200000000000003,0.7292177420364798,-10.200000000000003,TIME_COLLAPSED,0.15667074663402694,6.382812499999999,LATE_RECOVERY
2.612244897959184,17.163265306122447,True,False,61.650000000000006,-11.650000000000006,0.734414887012044,-11.650000000000006,TIME_COLLAPSED,0.1521997621878716,6.570312499999999,LATE_RECOVERY
2.612244897959184,17.653061224489797,True,False,63.1,-13.100000000000001,0.7394028145520375,-13.100000000000001,TIME_COLLAPSED,0.14797687861271677,6.7578125,LATE_RECOVERY
2.612244897959184,18.142857142857142,True,False,64.55,-14.549999999999997,0.7441855520222281,-14.549999999999997,TIME_COLLAPSED,0.1439820022497188,6.945312499999999,LATE_RECOVERY
2.612244897959184,18.632653061224488,True,False,66.05,-16.049999999999997,0.7487822358903392,-16.049999999999997,TIME_COLLAPSED,0.14019715224534504,7.132812499999999,LATE_RECOVERY
2.612244897959184,19.122448979591837,True,False,67.5,-17.5,0.7532092566970429,-17.5,TIME_COLLAPSED,0.13660618996798293,7.3203125,LATE_RECOVERY
2.612244897959184,19.612244897959183,True,False,68.95,-18.950000000000003,0.7574622595754472,-18.950000000000003,TIME_COLLAPSED,0.1331945889698231,7.507812499999999,LATE_RECOVERY
2.612244897959184,20.10204081632653,True,False,70.4,-20.400000000000006,0.7615657489591312,-20.400000000000006,TIME_COLLAPSED,0.12994923857868024,7.695312499999998,LATE_RECOVERY
2.612244897959184,20.591836734693878,True,False,71.9,-21.900000000000006,0.7655201706143651,-21.900000000000006,TIME_COLLAPSED,0.12685827552031714,7.882812499999999,LATE_RECOVERY
2.612244897959184,21.081632653061224,True,False,73.35000000000001,-23.35000000000001,0.7693306153505165,-23.35000000000001,TIME_COLLAPSED,0.12391093901258472,8.070312499999998,LATE_RECOVERY
2.612244897959184,21.57142857142857,True,False,74.8,-24.799999999999997,0.7730177246491853,-24.799999999999997,TIME_COLLAPSED,0.12109744560075689,8.257812499999998,LATE_RECOVERY
2.612244897959184,22.06122448979592,True,False,76.25,-26.25,0.7765682186788462,-26.25,TIME_COLLAPSED,0.11840888066604996,8.4453125,LATE_RECOVERY
2.612244897959184,22.551020408163264,True,False,77.75,-27.75,0.7800141539717855,-27.75,TIME_COLLAPSED,0.11583710407239821,8.632812499999998,LATE_RECOVERY
2.612244897959184,23.04081632653061,True,False,79.2,-29.200000000000003,0.783335267620448,-29.200000000000003,TIME_COLLAPSED,0.11337466784765281,8.820312499999998,LATE_RECOVERY
2.612244897959184,23.53061224489796,False,False,,-inf,0.7865601768219933,,TIME_COLLAPSED,0.11101474414570686,9.0078125,NO_RECOVERY
2.612244897959184,24.020408163265305,False,False,,-inf,0.789673123636402,,TIME_COLLAPSED,0.10875106202209008,9.195312499999998,NO_RECOVERY
2.612244897959184,24.51020408163265,False,False,,-inf,0.7926993961647903,,TIME_COLLAPSED,0.10657785179017487,9.382812499999998,NO_RECOVERY
2.612244897959184,25.0,False,False,,-inf,0.7956225603933714,,TIME_COLLAPSED,0.10448979591836735,9.5703125,NO_RECOVERY
2.8469387755102042,1.0,True,True,15.15,34.85,0.13311807785818028,34.85,ACCESSIBLE,2.8469387755102042,0.35125448028673834,HIGH_MARGIN_ACCESSIBLE
2.8469387755102042,1.489795918367347,True,True,16.55,33.45,0.18920107133044567,33.45,ACCESSIBLE,1.9109589041095891,0.5232974910394266,HIGH_MARGIN_ACCESSIBLE
2.8469387755102042,1.9795918367346939,True,True,17.8,32.2,0.23876801060728844,32.2,ACCESSIBLE,1.4381443298969072,0.6953405017921146,HIGH_MARGIN_ACCESSIBLE
2.8469387755102042,2.4693877551020407,True,True,19.0,31.0,0.2825320177978128,31.0,ACCESSIBLE,1.1528925619834711,0.8673835125448027,HIGH_MARGIN_ACCESSIBLE
2.8469387755102042,2.9591836734693877,True,True,20.25,29.75,0.3213088546060189,29.75,ACCESSIBLE,0.9620689655172414,1.0394265232974909,HIGH_MARGIN_ACCESSIBLE
2.8469387755102042,3.4489795918367347,True,True,21.55,28.45,0.3558425269114677,28.45,ACCESSIBLE,0.8254437869822485,1.211469534050179,HIGH_MARGIN_ACCESSIBLE
2.8469387755102042,3.9387755102040813,True,True,22.85,27.15,0.38678129323836136,27.15,ACCESSIBLE,0.72279792746114,1.3835125448028671,HIGH_MARGIN_ACCESSIBLE
2.8469387755102042,4.428571428571429,True,True,24.200000000000003,25.799999999999997,0.41463696353515495,25.799999999999997,ACCESSIBLE,0.6428571428571429,1.5555555555555556,HIGH_MARGIN_ACCESSIBLE
2.8469387755102042,4.918367346938775,True,True,25.6,24.4,0.43985628749369104,24.4,ACCESSIBLE,0.578838174273859,1.7275985663082436,HIGH_MARGIN_ACCESSIBLE
2.8469387755102042,5.408163265306122,True,True,27.0,23.0,0.46279174694037783,23.0,ACCESSIBLE,0.5264150943396227,1.8996415770609316,HIGH_MARGIN_ACCESSIBLE
2.8469387755102042,5.8979591836734695,True,True,28.400000000000002,21.599999999999998,0.4837663640491431,21.599999999999998,ACCESSIBLE,0.4826989619377163,2.07168458781362,HIGH_MARGIN_ACCESSIBLE
2.8469387755102042,6.387755102040816,True,True,29.8,20.2,0.5030076784701699,20.2,ACCESSIBLE,0.44568690095846647,2.243727598566308,HIGH_MARGIN_ACCESSIBLE
2.8469387755102042,6.877551020408163,True,True,31.200000000000003,18.799999999999997,0.5207333391723538,18.799999999999997,ACCESSIBLE,0.41394658753709207,2.415770609318996,LOW_MARGIN_ACCESSIBLE
2.8469387755102042,7.36734693877551,True,True,32.65,17.35,0.5371220596001555,17.35,ACCESSIBLE,0.38642659279778396,2.5878136200716844,LOW_MARGIN_ACCESSIBLE
2.8469387755102042,7.857142857142857,True,True,34.1,15.899999999999999,0.5523217682916438,15.899999999999999,ACCESSIBLE,0.3623376623376624,2.7598566308243724,LOW_MARGIN_ACCESSIBLE
2.8469387755102042,8.346938775510203,True,True,35.5,14.5,0.5664561304605863,14.5,ACCESSIBLE,0.34107579462102694,2.9318996415770604,LOW_MARGIN_ACCESSIBLE
2.8469387755102042,8.83673469387755,True,True,36.95,13.049999999999997,0.579653746393708,13.049999999999997,ACCESSIBLE,0.32217090069284066,3.103942652329749,LOW_MARGIN_ACCESSIBLE
2.8469387755102042,9.326530612244898,True,True,38.400000000000006,11.599999999999994,0.5919889892416024,11.599999999999994,ACCESSIBLE,0.3052516411378556,3.2759856630824373,LOW_MARGIN_ACCESSIBLE
2.8469387755102042,9.816326530612244,True,True,39.85,10.149999999999999,0.6035608490128561,10.149999999999999,ACCESSIBLE,0.29002079002079006,3.448028673835125,LOW_MARGIN_ACCESSIBLE
2.8469387755102042,10.306122448979592,True,True,41.300000000000004,8.699999999999996,0.6144244508168305,8.699999999999996,ACCESSIBLE,0.27623762376237626,3.6200716845878134,LOW_MARGIN_ACCESSIBLE
2.8469387755102042,10.795918367346939,True,True,42.75,7.25,0.6246640934006827,7.25,ACCESSIBLE,0.2637051039697543,3.792114695340502,LOW_MARGIN_ACCESSIBLE
2.8469387755102042,11.285714285714285,True,True,44.2,5.799999999999997,0.6343232305864874,5.799999999999997,ACCESSIBLE,0.25226039783001813,3.9641577060931894,LOW_MARGIN_ACCESSIBLE
2.8469387755102042,11.775510204081632,True,True,45.650000000000006,4.349999999999994,0.6434500253270654,4.349999999999994,ACCESSIBLE,0.2417677642980936,4.136200716845877,NO_RECOVERY
2.8469387755102042,12.26530612244898,True,True,47.1,2.8999999999999986,0.652090271573184,2.8999999999999986,ACCESSIBLE,0.23211314475873546,4.308243727598566,NO_RECOVERY
2.8469387755102042,12.755102040816325,True,True,48.550000000000004,1.4499999999999957,0.6602841476784562,1.4499999999999957,ACCESSIBLE,0.22320000000000004,4.4802867383512535,NO_RECOVERY
2.8469387755102042,13.244897959183673,True,True,50.0,0.0,0.6680672610098458,0.0,ACCESSIBLE,0.2149460708782743,4.652329749103942,NO_RECOVERY
2.8469387755102042,13.73469387755102,True,False,51.45,-1.4500000000000028,0.6754711109910543,-1.4500000000000028,TIME_COLLAPSED,0.2072808320950966,4.82437275985663,LATE_RECOVERY
2.8469387755102042,14.224489795918368,True,False,52.900000000000006,-2.9000000000000057,0.6825237607695259,-2.9000000000000057,TIME_COLLAPSED,0.20014347202295552,4.996415770609319,LATE_RECOVERY
2.8469387755102042,14.714285714285714,True,False,54.400000000000006,-4.400000000000006,0.6892502780059986,-4.400000000000006,TIME_COLLAPSED,0.19348127600554788,5.168458781362006,LATE_RECOVERY
2.8469387755102042,15.204081632653061,True,False,55.85,-5.850000000000001,0.6956731194584201,-5.850000000000001,TIME_COLLAPSED,0.18724832214765103,5.340501792114695,LATE_RECOVERY
2.8469387755102042,15.693877551020408,True,False,57.300000000000004,-7.300000000000004,0.7018124938993023,-7.300000000000004,TIME_COLLAPSED,0.18140442132639792,5.512544802867383,LATE_RECOVERY
2.8469387755102042,16.183673469387756,True,False,58.75,-8.75,0.7076867157598209,-8.75,TIME_COLLAPSED,0.17591424968474148,5.684587813620071,LATE_RECOVERY
2.8469387755102042,16.6734693877551,True,False,60.2,-10.200000000000003,0.7133122858821516,-10.200000000000003,TIME_COLLAPSED,0.1707466340269278,5.856630824372759,LATE_RECOVERY
2.8469387755102042,17.163265306122447,True,False,61.7,-11.700000000000003,0.7187042647600471,-11.700000000000003,TIME_COLLAPSED,0.1658739595719382,6.028673835125447,LATE_RECOVERY
2.8469387755102042,17.653061224489797,True,False,63.150000000000006,-13.150000000000006,0.7238895669070176,-13.150000000000006,TIME_COLLAPSED,0.16127167630057804,6.200716845878136,LATE_RECOVERY
2.8469387755102042,18.142857142857142,True,False,64.60000000000001,-14.600000000000009,0.728868267028721,-14.600000000000009,TIME_COLLAPSED,0.15691788526434197,6.3727598566308234,LATE_RECOVERY
2.8469387755102042,18.632653061224488,True,False,66.05,-16.049999999999997,0.7336517048133689,-16.049999999999997,TIME_COLLAPSED,0.15279299014238776,6.5448028673835115,LATE_RECOVERY
2.8469387755102042,19.122448979591837,True,False,67.5,-17.5,0.7382542559278823,-17.5,TIME_COLLAPSED,0.14887940234791888,6.7168458781362,LATE_RECOVERY
2.8469387755102042,19.612244897959183,True,False,69.0,-19.0,0.7426946433336408,-19.0,TIME_COLLAPSED,0.14516129032258066,6.888888888888888,LATE_RECOVERY
2.8469387755102042,20.10204081632653,True,False,70.45,-20.450000000000003,0.7469691054417749,-20.450000000000003,TIME_COLLAPSED,0.14162436548223353,7.060931899641576,LATE_RECOVERY
2.8469387755102042,20.591836734693878,True,False,71.9,-21.900000000000006,0.7510899319334331,-21.900000000000006,TIME_COLLAPSED,0.13825569871159565,7.232974910394265,LATE_RECOVERY
2.8469387755102042,21.081632653061224,True,False,73.35000000000001,-23.35000000000001,0.7550753418577414,-23.35000000000001,TIME_COLLAPSED,0.1350435624394966,7.4050179211469525,LATE_RECOVERY
2.8469387755102042,21.57142857142857,True,False,74.85000000000001,-24.85000000000001,0.7589176910532686,-24.85000000000001,TIME_COLLAPSED,0.13197729422894988,7.5770609318996405,LATE_RECOVERY
2.8469387755102042,22.06122448979592,True,False,76.3,-26.299999999999997,0.7626353864646431,-26.299999999999997,TIME_COLLAPSED,0.12904717853839037,7.749103942652329,LATE_RECOVERY
2.8469387755102042,22.551020408163264,True,False,77.75,-27.75,0.7662310676628017,-27.75,TIME_COLLAPSED,0.12624434389140274,7.921146953405017,LATE_RECOVERY
2.8469387755102042,23.04081632653061,True,False,79.2,-29.200000000000003,0.7697057554771372,-29.200000000000003,TIME_COLLAPSED,0.12356067316209036,8.093189964157705,LATE_RECOVERY
2.8469387755102042,23.53061224489796,False,False,,-inf,0.7730784402528826,,TIME_COLLAPSED,0.12098872506504771,8.265232974910393,NO_RECOVERY
2.8469387755102042,24.020408163265305,False,False,,-inf,0.7763363737794085,,TIME_COLLAPSED,0.11852166525063723,8.437275985663081,NO_RECOVERY
2.8469387755102042,24.51020408163265,False,False,,-inf,0.7795050910174149,,TIME_COLLAPSED,0.1161532056619484,8.60931899641577,NO_RECOVERY
2.8469387755102042,25.0,False,False,,-inf,0.7825691748664385,,TIME_COLLAPSED,0.11387755102040817,8.781362007168457,NO_RECOVERY
3.0816326530612246,1.0,True,True,15.3,34.7,0.12378717660993598,34.7,ACCESSIBLE,3.0816326530612246,0.32450331125827814,HIGH_MARGIN_ACCESSIBLE
3.0816326530612246,1.489795918367347,True,True,16.8,33.2,0.1768085267138113,33.2,ACCESSIBLE,2.0684931506849313,0.48344370860927155,HIGH_MARGIN_ACCESSIBLE
3.0816326530612246,1.9795918367346939,True,True,18.05,31.95,0.22416668727255057,31.95,ACCESSIBLE,1.556701030927835,0.6423841059602649,HIGH_MARGIN_ACCESSIBLE
3.0816326530612246,2.4693877551020407,True,True,19.25,30.75,0.26635922246426563,30.75,ACCESSIBLE,1.2479338842975207,0.8013245033112583,HIGH_MARGIN_ACCESSIBLE
3.0816326530612246,2.9591836734693877,True,True,20.450000000000003,29.549999999999997,0.30403332628018875,29.549999999999997,ACCESSIBLE,1.0413793103448277,0.9602649006622516,HIGH_MARGIN_ACCESSIBLE
3.0816326530612246,3.4489795918367347,True,True,21.75,28.25,0.3378046934013382,28.25,ACCESSIBLE,0.893491124260355,1.119205298013245,HIGH_MARGIN_ACCESSIBLE
3.0816326530612246,3.9387755102040813,True,True,23.05,26.95,0.3682176291392548,26.95,ACCESSIBLE,0.7823834196891193,1.2781456953642383,HIGH_MARGIN_ACCESSIBLE
3.0816326530612246,4.428571428571429,True,True,24.35,25.65,0.3957436598886007,25.65,ACCESSIBLE,0.695852534562212,1.4370860927152318,HIGH_MARGIN_ACCESSIBLE
3.0816326530612246,4.918367346938775,True,True,25.700000000000003,24.299999999999997,0.4207672124599513,24.299999999999997,ACCESSIBLE,0.6265560165975104,1.596026490066225,HIGH_MARGIN_ACCESSIBLE
3.0816326530612246,5.408163265306122,True,True,27.1,22.9,0.44361810294249787,22.9,ACCESSIBLE,0.5698113207547171,1.7549668874172184,HIGH_MARGIN_ACCESSIBLE
3.0816326530612246,5.8979591836734695,True,True,28.5,21.5,0.46456561664610313,21.5,ACCESSIBLE,0.5224913494809689,1.913907284768212,HIGH_MARGIN_ACCESSIBLE
3.0816326530612246,6.387755102040816,True,True,29.900000000000002,20.099999999999998,0.4838571419652192,20.099999999999998,ACCESSIBLE,0.4824281150159745,2.072847682119205,HIGH_MARGIN_ACCESSIBLE
3.0816326530612246,6.877551020408163,True,True,31.3,18.7,0.5016739151013847,18.7,ACCESSIBLE,0.4480712166172107,2.2317880794701983,LOW_MARGIN_ACCESSIBLE
3.0816326530612246,7.36734693877551,True,True,32.75,17.25,0.5181847612054645,17.25,ACCESSIBLE,0.4182825484764543,2.390728476821192,LOW_MARGIN_ACCESSIBLE
3.0816326530612246,7.857142857142857,True,True,34.15,15.850000000000001,0.5335336264663448,15.850000000000001,ACCESSIBLE,0.3922077922077922,2.5496688741721854,LOW_MARGIN_ACCESSIBLE
3.0816326530612246,8.346938775510203,True,True,35.6,14.399999999999999,0.5478412265084979,14.399999999999999,ACCESSIBLE,0.36919315403422986,2.7086092715231787,LOW_MARGIN_ACCESSIBLE
3.0816326530612246,8.83673469387755,True,True,37.050000000000004,12.949999999999996,0.5612097024026338,12.949999999999996,ACCESSIBLE,0.34872979214780603,2.867549668874172,LOW_MARGIN_ACCESSIBLE
3.0816326530612246,9.326530612244898,True,True,38.45,11.549999999999997,0.5737452904966636,11.549999999999997,ACCESSIBLE,0.3304157549234136,3.0264900662251657,LOW_MARGIN_ACCESSIBLE
3.0816326530612246,9.816326530612244,True,True,39.900000000000006,10.099999999999994,0.5855113635383503,10.099999999999994,ACCESSIBLE,0.31392931392931395,3.1854304635761586,LOW_MARGIN_ACCESSIBLE
3.0816326530612246,10.306122448979592,True,True,41.35,8.649999999999999,0.5965865080133274,8.649999999999999,ACCESSIBLE,0.29900990099009905,3.3443708609271523,LOW_MARGIN_ACCESSIBLE
3.0816326530612246,10.795918367346939,True,True,42.800000000000004,7.199999999999996,0.6070252095669662,7.199999999999996,ACCESSIBLE,0.28544423440453687,3.5033112582781456,LOW_MARGIN_ACCESSIBLE
3.0816326530612246,11.285714285714285,True,True,44.25,5.75,0.6168948449486314,5.75,ACCESSIBLE,0.2730560578661845,3.6622516556291385,LOW_MARGIN_ACCESSIBLE
3.0816326530612246,11.775510204081632,True,True,45.7,4.299999999999997,0.6262295485840863,4.299999999999997,ACCESSIBLE,0.2616984402079723,3.821192052980132,NO_RECOVERY
3.0816326530612246,12.26530612244898,True,True,47.150000000000006,2.8499999999999943,0.6350750973700382,2.8499999999999943,ACCESSIBLE,0.2512479201331115,3.980132450331126,NO_RECOVERY
3.0816326530612246,12.755102040816325,True,True,48.6,1.3999999999999986,0.6434781840743556,1.3999999999999986,ACCESSIBLE,0.24160000000000004,4.139072847682119,NO_RECOVERY
3.0816326530612246,13.244897959183673,True,False,50.050000000000004,-0.05000000000000426,0.6514688103117067,-0.05000000000000426,TIME_COLLAPSED,0.23266563944530047,4.298013245033112,LATE_RECOVERY
3.0816326530612246,13.73469387755102,True,False,51.5,-1.5,0.6590754425685306,-1.5,TIME_COLLAPSED,0.22436849925705796,4.456953642384105,LATE_RECOVERY
3.0816326530612246,14.224489795918368,True,False,52.95,-2.950000000000003,0.6663264921635903,-2.950000000000003,TIME_COLLAPSED,0.21664275466284075,4.6158940397351,LATE_RECOVERY
3.0816326530612246,14.714285714285714,True,False,54.400000000000006,-4.400000000000006,0.6732474786891286,-4.400000000000006,TIME_COLLAPSED,0.20943134535367547,4.774834437086092,LATE_RECOVERY
3.0816326530612246,15.204081632653061,True,False,55.900000000000006,-5.900000000000006,0.6798612671066443,-5.900000000000006,TIME_COLLAPSED,0.20268456375838928,4.933774834437086,LATE_RECOVERY
3.0816326530612246,15.693877551020408,True,False,57.35,-7.350000000000001,0.6861884327203452,-7.350000000000001,TIME_COLLAPSED,0.19635890767230169,5.0927152317880795,LATE_RECOVERY
3.0816326530612246,16.183673469387756,True,False,58.800000000000004,-8.800000000000004,0.6922475619276901,-8.800000000000004,TIME_COLLAPSED,0.19041614123581335,5.251655629139073,LATE_RECOVERY
3.0816326530612246,16.6734693877551,True,False,60.25,-10.25,0.6980555032551068,-10.25,TIME_COLLAPSED,0.18482252141982866,5.410596026490066,LATE_RECOVERY
3.0816326530612246,17.163265306122447,True,False,61.7,-11.700000000000003,0.7036292606305471,-11.700000000000003,TIME_COLLAPSED,0.1795481569560048,5.5695364238410585,LATE_RECOVERY
3.0816326530612246,17.653061224489797,True,False,63.150000000000006,-13.150000000000006,0.7089876538080119,-13.150000000000006,TIME_COLLAPSED,0.1745664739884393,5.728476821192053,LATE_RECOVERY
3.0816326530612246,18.142857142857142,True,False,64.65,-14.650000000000006,0.7141378253929723,-14.650000000000006,TIME_COLLAPSED,0.16985376827896514,5.887417218543046,LATE_RECOVERY
3.0816326530612246,18.632653061224488,True,False,66.10000000000001,-16.10000000000001,0.7190912720464308,-16.10000000000001,TIME_COLLAPSED,0.16538882803943047,6.046357615894039,LATE_RECOVERY
3.0816326530612246,19.122448979591837,True,False,67.55,-17.549999999999997,0.7238585957739654,-17.549999999999997,TIME_COLLAPSED,0.16115261472785486,6.2052980132450335,LATE_RECOVERY
3.0816326530612246,19.612244897959183,True,False,69.0,-19.0,0.7284545401649941,-19.0,TIME_COLLAPSED,0.1571279916753382,6.364238410596026,LATE_RECOVERY
3.0816326530612246,20.10204081632653,True,False,70.45,-20.450000000000003,0.7328910730736956,-20.450000000000003,TIME_COLLAPSED,0.15329949238578683,6.523178807947019,LATE_RECOVERY
3.0816326530612246,20.591836734693878,True,False,71.95,-21.950000000000003,0.7371690576470201,-21.950000000000003,TIME_COLLAPSED,0.14965312190287414,6.682119205298013,LATE_RECOVERY
3.0816326530612246,21.081632653061224,True,False,73.4,-23.400000000000006,0.7412961543111993,-23.400000000000006,TIME_COLLAPSED,0.14617618586640854,6.841059602649006,LATE_RECOVERY
3.0816326530612246,21.57142857142857,True,False,74.85000000000001,-24.85000000000001,0.7452940567922528,-24.85000000000001,TIME_COLLAPSED,0.14285714285714288,6.999999999999999,LATE_RECOVERY
3.0816326530612246,22.06122448979592,True,False,76.3,-26.299999999999997,0.7491554440144025,-26.299999999999997,TIME_COLLAPSED,0.1396854764107308,7.158940397350993,LATE_RECOVERY
3.0816326530612246,22.551020408163264,True,False,77.80000000000001,-27.80000000000001,0.7528873888384534,-27.80000000000001,TIME_COLLAPSED,0.13665158371040725,7.317880794701987,LATE_RECOVERY
3.0816326530612246,23.04081632653061,True,False,79.25,-29.25,0.7565093847871248,-29.25,TIME_COLLAPSED,0.1337466784765279,7.476821192052979,LATE_RECOVERY
3.0816326530612246,23.53061224489796,False,False,,-inf,0.7600117222037882,,TIME_COLLAPSED,0.13096270598438856,7.635761589403973,NO_RECOVERY
3.0816326530612246,24.020408163265305,False,False,,-inf,0.7634081310681341,,TIME_COLLAPSED,0.12829226847918437,7.7947019867549665,NO_RECOVERY
3.0816326530612246,24.51020408163265,False,False,,-inf,0.7667033514727979,,TIME_COLLAPSED,0.12572855953372192,7.953642384105959,NO_RECOVERY
3.0816326530612246,25.0,False,False,,-inf,0.7698951142587716,,TIME_COLLAPSED,0.12326530612244899,8.112582781456954,NO_RECOVERY
3.316326530612245,1.0,True,True,15.450000000000001,34.55,0.11565081556737893,34.55,ACCESSIBLE,3.316326530612245,0.30153846153846153,HIGH_MARGIN_ACCESSIBLE
3.316326530612245,1.489795918367347,True,True,17.0,33.0,0.16588597107999575,33.0,ACCESSIBLE,2.2260273972602738,0.44923076923076927,HIGH_MARGIN_ACCESSIBLE
3.316326530612245,1.9795918367346939,True,True,18.25,31.75,0.21116953735630117,31.75,ACCESSIBLE,1.675257731958763,0.5969230769230769,HIGH_MARGIN_ACCESSIBLE
3.316326530612245,2.4693877551020407,True,True,19.5,30.5,0.2518534666517024,30.5,ACCESSIBLE,1.3429752066115703,0.7446153846153846,HIGH_MARGIN_ACCESSIBLE
3.316326530612245,2.9591836734693877,True,True,20.700000000000003,29.299999999999997,0.2884278210572746,29.299999999999997,ACCESSIBLE,1.120689655172414,0.8923076923076922,HIGH_MARGIN_ACCESSIBLE
3.316326530612245,3.4489795918367347,True,True,21.950000000000003,28.049999999999997,0.3214056257615393,28.049999999999997,ACCESSIBLE,0.9615384615384616,1.04,HIGH_MARGIN_ACCESSIBLE
3.316326530612245,3.9387755102040813,True,True,23.200000000000003,26.799999999999997,0.3512640808180904,26.799999999999997,ACCESSIBLE,0.8419689119170986,1.1876923076923076,HIGH_MARGIN_ACCESSIBLE
3.316326530612245,4.428571428571429,True,True,24.55,25.45,0.3784063104242271,25.45,ACCESSIBLE,0.748847926267281,1.3353846153846154,HIGH_MARGIN_ACCESSIBLE
3.316326530612245,4.918367346938775,True,True,25.900000000000002,24.099999999999998,0.40317867809329755,24.099999999999998,ACCESSIBLE,0.6742738589211619,1.483076923076923,HIGH_MARGIN_ACCESSIBLE
3.316326530612245,5.408163265306122,True,True,27.25,22.75,0.4258791224164583,22.75,ACCESSIBLE,0.6132075471698114,1.6307692307692305,HIGH_MARGIN_ACCESSIBLE
3.316326530612245,5.8979591836734695,True,True,28.650000000000002,21.349999999999998,0.44675792463282,21.349999999999998,ACCESSIBLE,0.5622837370242214,1.7784615384615385,HIGH_MARGIN_ACCESSIBLE
3.316326530612245,6.387755102040816,True,True,30.0,20.0,0.46602913525552464,20.0,ACCESSIBLE,0.5191693290734825,1.926153846153846,LOW_MARGIN_ACCESSIBLE
3.316326530612245,6.877551020408163,True,True,31.450000000000003,18.549999999999997,0.48387805601491307,18.549999999999997,ACCESSIBLE,0.48219584569732943,2.0738461538461537,LOW_MARGIN_ACCESSIBLE
3.316326530612245,7.36734693877551,True,True,32.85,17.15,0.5004599919704156,17.15,ACCESSIBLE,0.4501385041551247,2.2215384615384615,LOW_MARGIN_ACCESSIBLE
3.316326530612245,7.857142857142857,True,True,34.25,15.75,0.515905186385617,15.75,ACCESSIBLE,0.4220779220779221,2.3692307692307693,LOW_MARGIN_ACCESSIBLE
3.316326530612245,8.346938775510203,True,True,35.7,14.299999999999997,0.530331303469435,14.299999999999997,ACCESSIBLE,0.3973105134474328,2.5169230769230766,LOW_MARGIN_ACCESSIBLE
3.316326530612245,8.83673469387755,True,True,37.1,12.899999999999999,0.5438381538416553,12.899999999999999,ACCESSIBLE,0.37528868360277134,2.6646153846153844,LOW_MARGIN_ACCESSIBLE
3.316326530612245,9.326530612244898,True,True,38.550000000000004,11.449999999999996,0.5565110636814063,11.449999999999996,ACCESSIBLE,0.35557986870897157,2.8123076923076926,LOW_MARGIN_ACCESSIBLE
3.316326530612245,9.816326530612244,True,True,40.0,10.0,0.5684390164353155,10.0,ACCESSIBLE,0.3378378378378379,2.9599999999999995,LOW_MARGIN_ACCESSIBLE
3.316326530612245,10.306122448979592,True,True,41.45,8.549999999999997,0.5796760132830454,8.549999999999997,ACCESSIBLE,0.3217821782178218,3.1076923076923078,LOW_MARGIN_ACCESSIBLE
3.316326530612245,10.795918367346939,True,True,42.85,7.149999999999999,0.5902852390241144,7.149999999999999,ACCESSIBLE,0.30718336483931946,3.2553846153846155,LOW_MARGIN_ACCESSIBLE
3.316326530612245,11.285714285714285,True,True,44.300000000000004,5.699999999999996,0.6003219602759116,5.699999999999996,ACCESSIBLE,0.2938517179023508,3.403076923076923,LOW_MARGIN_ACCESSIBLE
3.316326530612245,11.775510204081632,True,True,45.75,4.25,0.6098326347358783,4.25,ACCESSIBLE,0.28162911611785096,3.5507692307692307,NO_RECOVERY
3.316326530612245,12.26530612244898,True,True,47.2,2.799999999999997,0.6188522407084751,2.799999999999997,ACCESSIBLE,0.2703826955074875,3.6984615384615385,NO_RECOVERY
3.316326530612245,12.755102040816325,True,True,48.650000000000006,1.3499999999999943,0.6274310042323534,1.3499999999999943,ACCESSIBLE,0.26,3.846153846153846,NO_RECOVERY
3.316326530612245,13.244897959183673,True,False,50.1,-0.10000000000000142,0.6355952568867681,-0.10000000000000142,TIME_COLLAPSED,0.25038520801232667,3.9938461538461536,LATE_RECOVERY
3.316326530612245,13.73469387755102,True,False,51.550000000000004,-1.5500000000000043,0.6433736711518591,-1.5500000000000043,TIME_COLLAPSED,0.24145616641901932,4.141538461538461,LATE_RECOVERY
3.316326530612245,14.224489795918368,True,False,53.0,-3.0,0.6507948268832735,-3.0,TIME_COLLAPSED,0.23314203730272595,4.28923076923077,LATE_RECOVERY
3.316326530612245,14.714285714285714,True,False,54.45,-4.450000000000003,0.6578842282304428,-4.450000000000003,TIME_COLLAPSED,0.22538141470180306,4.436923076923077,LATE_RECOVERY
3.316326530612245,15.204081632653061,True,False,55.900000000000006,-5.900000000000006,0.6646648905017708,-5.900000000000006,TIME_COLLAPSED,0.2181208053691275,4.584615384615384,LATE_RECOVERY
3.316326530612245,15.693877551020408,True,False,57.400000000000006,-7.400000000000006,0.6711575555562395,-7.400000000000006,TIME_COLLAPSED,0.21131339401820545,4.7323076923076925,LATE_RECOVERY
3.316326530612245,16.183673469387756,True,False,58.85,-8.850000000000001,0.6773808398266161,-8.850000000000001,TIME_COLLAPSED,0.20491803278688522,4.88,LATE_RECOVERY
3.316326530612245,16.6734693877551,True,False,60.300000000000004,-10.300000000000004,0.6833517766639088,-10.300000000000004,TIME_COLLAPSED,0.1988984088127295,5.027692307692307,LATE_RECOVERY
3.316326530612245,17.163265306122447,True,False,61.75,-11.75,0.6890857955113451,-11.75,TIME_COLLAPSED,0.19322235434007137,5.175384615384615,LATE_RECOVERY
3.316326530612245,17.653061224489797,True,False,63.2,-13.200000000000003,0.6945969108953729,-13.200000000000003,TIME_COLLAPSED,0.18786127167630057,5.323076923076924,LATE_RECOVERY
3.316326530612245,18.142857142857142,True,False,64.65,-14.650000000000006,0.6998979575136954,-14.650000000000006,TIME_COLLAPSED,0.18278965129358832,5.47076923076923,LATE_RECOVERY
3.316326530612245,18.632653061224488,True,False,66.15,-16.150000000000006,0.7050006716585285,-16.150000000000006,TIME_COLLAPSED,0.1779846659364732,5.6184615384615375,LATE_RECOVERY
3.316326530612245,19.122448979591837,True,False,67.60000000000001,-17.60000000000001,0.7099158327593501,-17.60000000000001,TIME_COLLAPSED,0.1734258271077908,5.766153846153847,LATE_RECOVERY
3.316326530612245,19.612244897959183,True,False,69.05,-19.049999999999997,0.7146533553843307,-19.049999999999997,TIME_COLLAPSED,0.16909469302809574,5.913846153846154,LATE_RECOVERY
3.316326530612245,20.10204081632653,True,False,70.5,-20.5,0.7192311548332747,-20.5,TIME_COLLAPSED,0.16497461928934012,6.061538461538461,LATE_RECOVERY
3.316326530612245,20.591836734693878,True,False,71.95,-21.950000000000003,0.723649901435601,-21.950000000000003,TIME_COLLAPSED,0.16105054509415262,6.2092307692307696,LATE_RECOVERY
3.316326530612245,21.081632653061224,True,False,73.4,-23.400000000000006,0.7279169566153356,-23.400000000000006,TIME_COLLAPSED,0.15730880929332045,6.356923076923077,LATE_RECOVERY
3.316326530612245,21.57142857142857,True,False,74.9,-24.900000000000006,0.7320394765345714,-24.900000000000006,TIME_COLLAPSED,0.15373699148533587,6.504615384615384,LATE_RECOVERY
3.316326530612245,22.06122448979592,True,False,76.35000000000001,-26.35000000000001,0.7360351934117658,-26.35000000000001,TIME_COLLAPSED,0.15032377428307123,6.6523076923076925,LATE_RECOVERY
3.316326530612245,22.551020408163264,True,False,77.80000000000001,-27.80000000000001,0.739900463551203,-27.80000000000001,TIME_COLLAPSED,0.14705882352941177,6.8,LATE_RECOVERY
3.316326530612245,23.04081632653061,True,False,79.25,-29.25,0.7436402588203512,-29.25,TIME_COLLAPSED,0.14393268379096547,6.947692307692307,LATE_RECOVERY
3.316326530612245,23.53061224489796,False,False,,-inf,0.7472697039113031,,TIME_COLLAPSED,0.1409366869037294,7.095384615384615,NO_RECOVERY
3.316326530612245,24.020408163265305,False,False,,-inf,0.7507879289541383,,TIME_COLLAPSED,0.13806287170773152,7.243076923076923,NO_RECOVERY
3.316326530612245,24.51020408163265,False,False,,-inf,0.7541960111911421,,TIME_COLLAPSED,0.13530391340549544,7.39076923076923,NO_RECOVERY
3.316326530612245,25.0,False,False,,-inf,0.7575118737232479,,TIME_COLLAPSED,0.1326530612244898,7.538461538461538,NO_RECOVERY
3.5510204081632653,1.0,True,True,15.55,34.45,0.10849538874787476,34.45,ACCESSIBLE,3.5510204081632653,0.28160919540229884,HIGH_MARGIN_ACCESSIBLE
3.5510204081632653,1.489795918367347,True,True,17.2,32.8,0.15618670761124429,32.8,ACCESSIBLE,2.383561643835616,0.4195402298850575,HIGH_MARGIN_ACCESSIBLE
3.5510204081632653,1.9795918367346939,True,True,18.5,31.5,0.19954389091048466,31.5,ACCESSIBLE,1.7938144329896908,0.5574712643678161,HIGH_MARGIN_ACCESSIBLE
3.5510204081632653,2.4693877551020407,True,True,19.700000000000003,30.299999999999997,0.23877257642524322,30.299999999999997,ACCESSIBLE,1.43801652892562,0.6954022988505747,HIGH_MARGIN_ACCESSIBLE
3.5510204081632653,2.9591836734693877,True,True,20.950000000000003,29.049999999999997,0.27426566977966826,29.049999999999997,ACCESSIBLE,1.2,0.8333333333333334,HIGH_MARGIN_ACCESSIBLE
3.5510204081632653,3.4489795918367347,True,True,22.150000000000002,27.849999999999998,0.3064446185087456,27.849999999999998,ACCESSIBLE,1.029585798816568,0.9712643678160919,HIGH_MARGIN_ACCESSIBLE
3.5510204081632653,3.9387755102040813,True,True,23.400000000000002,26.599999999999998,0.335716840429324,26.599999999999998,ACCESSIBLE,0.9015544041450778,1.1091954022988506,HIGH_MARGIN_ACCESSIBLE
3.5510204081632653,4.428571428571429,True,True,24.700000000000003,25.299999999999997,0.36243015807918993,25.299999999999997,ACCESSIBLE,0.8018433179723502,1.2471264367816093,HIGH_MARGIN_ACCESSIBLE
3.5510204081632653,4.918367346938775,True,True,26.05,23.95,0.38691026441651755,23.95,ACCESSIBLE,0.7219917012448133,1.3850574712643677,HIGH_MARGIN_ACCESSIBLE
3.5510204081632653,5.408163265306122,True,True,27.400000000000002,22.599999999999998,0.40941104427539343,22.599999999999998,ACCESSIBLE,0.6566037735849057,1.5229885057471264,HIGH_MARGIN_ACCESSIBLE
3.5510204081632653,5.8979591836734695,True,True,28.75,21.25,0.430168055442419,21.25,ACCESSIBLE,0.6020761245674741,1.660919540229885,HIGH_MARGIN_ACCESSIBLE
3.5510204081632653,6.387755102040816,True,True,30.150000000000002,19.849999999999998,0.44937576421056646,19.849999999999998,ACCESSIBLE,0.5559105431309904,1.7988505747126435,LOW_MARGIN_ACCESSIBLE
3.5510204081632653,6.877551020408163,True,True,31.55,18.45,0.467208203185962,18.45,ACCESSIBLE,0.5163204747774481,1.9367816091954022,LOW_MARGIN_ACCESSIBLE
3.5510204081632653,7.36734693877551,True,True,32.95,17.049999999999997,0.48380588448530765,17.049999999999997,ACCESSIBLE,0.481994459833795,2.074712643678161,LOW_MARGIN_ACCESSIBLE
3.5510204081632653,7.857142857142857,True,True,34.35,15.649999999999999,0.49930371713536403,15.649999999999999,ACCESSIBLE,0.451948051948052,2.2126436781609193,LOW_MARGIN_ACCESSIBLE
3.5510204081632653,8.346938775510203,True,True,35.800000000000004,14.199999999999996,0.5138034285474601,14.199999999999996,ACCESSIBLE,0.4254278728606357,2.350574712643678,LOW_MARGIN_ACCESSIBLE
3.5510204081632653,8.83673469387755,True,True,37.2,12.799999999999997,0.5274023829288117,12.799999999999997,ACCESSIBLE,0.4018475750577367,2.4885057471264367,LOW_MARGIN_ACCESSIBLE
3.5510204081632653,9.326530612244898,True,True,38.650000000000006,11.349999999999994,0.5401840828331516,11.349999999999994,ACCESSIBLE,0.3807439824945295,2.6264367816091956,LOW_MARGIN_ACCESSIBLE
3.5510204081632653,9.816326530612244,True,True,40.050000000000004,9.949999999999996,0.5522205878714019,9.949999999999996,ACCESSIBLE,0.36174636174636177,2.764367816091954,LOW_MARGIN_ACCESSIBLE
3.5510204081632653,10.306122448979592,True,True,41.5,8.5,0.5635870029427023,8.5,ACCESSIBLE,0.3445544554455446,2.9022988505747125,LOW_MARGIN_ACCESSIBLE
3.5510204081632653,10.795918367346939,True,True,42.95,7.049999999999997,0.5743298240439412,7.049999999999997,ACCESSIBLE,0.32892249527410206,3.0402298850574714,LOW_MARGIN_ACCESSIBLE
3.5510204081632653,11.285714285714285,True,True,44.400000000000006,5.599999999999994,0.5845002845258344,5.599999999999994,ACCESSIBLE,0.3146473779385172,3.17816091954023,LOW_MARGIN_ACCESSIBLE
3.5510204081632653,11.775510204081632,True,True,45.85,4.149999999999999,0.5941528894281126,4.149999999999999,ACCESSIBLE,0.30155979202772965,3.3160919540229883,NO_RECOVERY
3.5510204081632653,12.26530612244898,True,True,47.25,2.75,0.6033185718949458,2.75,ACCESSIBLE,0.2895174708818636,3.454022988505747,NO_RECOVERY
3.5510204081632653,12.755102040816325,True,True,48.7,1.2999999999999972,0.6120382495670106,1.2999999999999972,ACCESSIBLE,0.27840000000000004,3.5919540229885056,NO_RECOVERY
3.5510204081632653,13.244897959183673,True,False,50.150000000000006,-0.15000000000000568,0.6203486766199332,-0.15000000000000568,TIME_COLLAPSED,0.26810477657935283,3.729885057471264,LATE_RECOVERY
3.5510204081632653,13.73469387755102,True,False,51.6,-1.6000000000000014,0.6282719282224056,-1.6000000000000014,TIME_COLLAPSED,0.2585438335809807,3.867816091954023,LATE_RECOVERY
3.5510204081632653,14.224489795918368,True,False,53.050000000000004,-3.0500000000000043,0.6358365491138113,-3.0500000000000043,TIME_COLLAPSED,0.24964131994261118,4.005747126436781,LATE_RECOVERY
3.5510204081632653,14.714285714285714,True,False,54.5,-4.5,0.6430720185953949,-4.5,TIME_COLLAPSED,0.24133148404993066,4.14367816091954,LATE_RECOVERY
3.5510204081632653,15.204081632653061,True,False,55.95,-5.950000000000003,0.6499991241540326,-5.950000000000003,TIME_COLLAPSED,0.23355704697986576,4.281609195402299,LATE_RECOVERY
3.5510204081632653,15.693877551020408,True,False,57.400000000000006,-7.400000000000006,0.656635366528876,-7.400000000000006,TIME_COLLAPSED,0.22626788036410922,4.419540229885057,LATE_RECOVERY
3.5510204081632653,16.183673469387756,True,False,58.900000000000006,-8.900000000000006,0.6629996922673471,-8.900000000000006,TIME_COLLAPSED,0.21941992433795712,4.557471264367816,LATE_RECOVERY
3.5510204081632653,16.6734693877551,True,False,60.35,-10.350000000000001,0.6691092633655484,-10.350000000000001,TIME_COLLAPSED,0.21297429620563035,4.695402298850575,LATE_RECOVERY
3.5510204081632653,17.163265306122447,True,False,61.800000000000004,-11.800000000000004,0.6749797059581755,-11.800000000000004,TIME_COLLAPSED,0.20689655172413796,4.833333333333333,LATE_RECOVERY
3.5510204081632653,17.653061224489797,True,False,63.25,-13.25,0.6806252745820044,-13.25,TIME_COLLAPSED,0.20115606936416183,4.971264367816092,LATE_RECOVERY
3.5510204081632653,18.142857142857142,True,False,64.7,-14.700000000000003,0.6860590112541552,-14.700000000000003,TIME_COLLAPSED,0.19572553430821146,5.109195402298851,LATE_RECOVERY
3.5510204081632653,18.632653061224488,True,False,66.15,-16.150000000000006,0.6912927563028622,-16.150000000000006,TIME_COLLAPSED,0.1905805038335159,5.247126436781609,LATE_RECOVERY
3.5510204081632653,19.122448979591837,True,False,67.60000000000001,-17.60000000000001,0.6963375461925913,-17.60000000000001,TIME_COLLAPSED,0.18569903948772679,5.385057471264368,LATE_RECOVERY
3.5510204081632653,19.612244897959183,True,False,69.05,-19.049999999999997,0.7012044925622553,-19.049999999999997,TIME_COLLAPSED,0.18106139438085328,5.522988505747127,LATE_RECOVERY
3.5510204081632653,20.10204081632653,True,False,70.55,-20.549999999999997,0.7059066477834011,-20.549999999999997,TIME_COLLAPSED,0.17664974619289342,5.660919540229885,LATE_RECOVERY
3.5510204081632653,20.591836734693878,True,False,72.0,-22.0,0.7104483844285139,-22.0,TIME_COLLAPSED,0.1724479682854311,5.7988505747126435,LATE_RECOVERY
3.5510204081632653,21.081632653061224,True,False,73.45,-23.450000000000003,0.7148375525064709,-23.450000000000003,TIME_COLLAPSED,0.16844143272023235,5.936781609195402,LATE_RECOVERY
3.5510204081632653,21.57142857142857,True,False,74.9,-24.900000000000006,0.7190814536644616,-24.900000000000006,TIME_COLLAPSED,0.16461684011352887,6.07471264367816,LATE_RECOVERY
3.5510204081632653,22.06122448979592,True,False,76.35000000000001,-26.35000000000001,0.7231879275617897,-26.35000000000001,TIME_COLLAPSED,0.16096207215541164,6.212643678160919,LATE_RECOVERY
3.5510204081632653,22.551020408163264,True,False,77.85000000000001,-27.85000000000001,0.7271703398780941,-27.85000000000001,TIME_COLLAPSED,0.15746606334841629,6.350574712643678,LATE_RECOVERY
3.5510204081632653,23.04081632653061,True,False,79.30000000000001,-29.30000000000001,0.7310268260135213,-29.30000000000001,TIME_COLLAPSED,0.15411868910540302,6.488505747126436,LATE_RECOVERY
3.5510204081632653,23.53061224489796,False,False,,-inf,0.7347628561803943,,TIME_COLLAPSED,0.15091066782307025,6.626436781609195,NO_RECOVERY
3.5510204081632653,24.020408163265305,False,False,,-inf,0.7383890122866775,,TIME_COLLAPSED,0.14783347493627869,6.764367816091954,NO_RECOVERY
3.5510204081632653,24.51020408163265,False,False,,-inf,0.741910066310963,,TIME_COLLAPSED,0.14487926727726896,6.902298850574712,NO_RECOVERY
3.5510204081632653,25.0,False,False,,-inf,0.7453252348579511,,TIME_COLLAPSED,0.14204081632653062,7.040229885057471,NO_RECOVERY
3.785714285714286,1.0,True,True,15.65,34.35,0.10215553570787729,34.35,ACCESSIBLE,3.785714285714286,0.2641509433962264,HIGH_MARGIN_ACCESSIBLE
3.785714285714286,1.489795918367347,True,True,17.35,32.65,0.14752675356117587,32.65,ACCESSIBLE,2.541095890410959,0.3935309973045822,HIGH_MARGIN_ACCESSIBLE
3.785714285714286,1.9795918367346939,True,True,18.7,31.3,0.1890747855536565,31.3,ACCESSIBLE,1.9123711340206186,0.5229110512129379,HIGH_MARGIN_ACCESSIBLE
3.785714285714286,2.4693877551020407,True,True,19.950000000000003,30.049999999999997,0.2269187761814166,30.049999999999997,ACCESSIBLE,1.5330578512396695,0.6522911051212937,HIGH_MARGIN_ACCESSIBLE
3.785714285714286,2.9591836734693877,True,True,21.150000000000002,28.849999999999998,0.2613578578424232,28.849999999999998,ACCESSIBLE,1.2793103448275864,0.7816711590296496,HIGH_MARGIN_ACCESSIBLE
3.785714285714286,3.4489795918367347,True,True,22.400000000000002,27.599999999999998,0.2927369909802662,27.599999999999998,ACCESSIBLE,1.0976331360946747,0.9110512129380053,HIGH_MARGIN_ACCESSIBLE
3.785714285714286,3.9387755102040813,True,True,23.650000000000002,26.349999999999998,0.32140284166508043,26.349999999999998,ACCESSIBLE,0.9611398963730572,1.0404312668463611,HIGH_MARGIN_ACCESSIBLE
3.785714285714286,4.428571428571429,True,True,24.900000000000002,25.099999999999998,0.3476680458603553,25.099999999999998,ACCESSIBLE,0.8548387096774194,1.169811320754717,HIGH_MARGIN_ACCESSIBLE
3.785714285714286,4.918367346938775,True,True,26.200000000000003,23.799999999999997,0.37180864779842726,23.799999999999997,ACCESSIBLE,0.7697095435684648,1.2991913746630726,HIGH_MARGIN_ACCESSIBLE
3.785714285714286,5.408163265306122,True,True,27.55,22.45,0.39407195886731455,22.45,ACCESSIBLE,0.7000000000000001,1.4285714285714284,HIGH_MARGIN_ACCESSIBLE
3.785714285714286,5.8979591836734695,True,True,28.900000000000002,21.099999999999998,0.4146631429013555,21.099999999999998,ACCESSIBLE,0.6418685121107267,1.5579514824797842,HIGH_MARGIN_ACCESSIBLE
3.785714285714286,6.387755102040816,True,True,30.3,19.7,0.433766599812872,19.7,ACCESSIBLE,0.5926517571884985,1.68733153638814,LOW_MARGIN_ACCESSIBLE
3.785714285714286,6.877551020408163,True,True,31.650000000000002,18.349999999999998,0.45153652639304226,18.349999999999998,ACCESSIBLE,0.5504451038575668,1.8167115902964956,LOW_MARGIN_ACCESSIBLE
3.785714285714286,7.36734693877551,True,True,33.050000000000004,16.949999999999996,0.46811679795400923,16.949999999999996,ACCESSIBLE,0.5138504155124655,1.9460916442048515,LOW_MARGIN_ACCESSIBLE
3.785714285714286,7.857142857142857,True,True,34.45,15.549999999999997,0.4836155812939004,15.549999999999997,ACCESSIBLE,0.48181818181818187,2.075471698113207,LOW_MARGIN_ACCESSIBLE
3.785714285714286,8.346938775510203,True,True,35.9,14.100000000000001,0.4981508195688059,14.100000000000001,ACCESSIBLE,0.4535452322738387,2.204851752021563,LOW_MARGIN_ACCESSIBLE
3.785714285714286,8.83673469387755,True,True,37.300000000000004,12.699999999999996,0.5118030041293141,12.699999999999996,ACCESSIBLE,0.42840646651270214,2.3342318059299187,LOW_MARGIN_ACCESSIBLE
3.785714285714286,9.326530612244898,True,True,38.7,11.299999999999997,0.5246536867478118,11.299999999999997,ACCESSIBLE,0.40590809628008756,2.463611859838275,LOW_MARGIN_ACCESSIBLE
3.785714285714286,9.816326530612244,True,True,40.150000000000006,9.849999999999994,0.5367734636652026,9.849999999999994,ACCESSIBLE,0.3856548856548857,2.5929919137466304,LOW_MARGIN_ACCESSIBLE
3.785714285714286,10.306122448979592,True,True,41.6,8.399999999999999,0.5482235907655193,8.399999999999999,ACCESSIBLE,0.3673267326732674,2.7223719676549862,LOW_MARGIN_ACCESSIBLE
3.785714285714286,10.795918367346939,True,True,43.0,7.0,0.5590676706651432,7.0,ACCESSIBLE,0.3506616257088847,2.851752021563342,LOW_MARGIN_ACCESSIBLE
3.785714285714286,11.285714285714285,True,True,44.45,5.549999999999997,0.5693468904891993,5.549999999999997,ACCESSIBLE,0.3354430379746836,2.9811320754716975,LOW_MARGIN_ACCESSIBLE
3.785714285714286,11.775510204081632,True,True,45.900000000000006,4.099999999999994,0.5791021038194881,4.099999999999994,ACCESSIBLE,0.3214904679376084,3.1105121293800537,NO_RECOVERY
3.785714285714286,12.26530612244898,True,True,47.35,2.6499999999999986,0.5883872483357602,2.6499999999999986,ACCESSIBLE,0.3086522462562396,3.2398921832884096,NO_RECOVERY
3.785714285714286,12.755102040816325,True,True,48.800000000000004,1.1999999999999957,0.5972206286989031,1.1999999999999957,ACCESSIBLE,0.29680000000000006,3.369272237196765,NO_RECOVERY
3.785714285714286,13.244897959183673,True,False,50.2,-0.20000000000000284,0.6056499685061306,-0.20000000000000284,TIME_COLLAPSED,0.28582434514637906,3.4986522911051208,LATE_RECOVERY
3.785714285714286,13.73469387755102,True,False,51.650000000000006,-1.6500000000000057,0.6136936392519021,-1.6500000000000057,TIME_COLLAPSED,0.27563150074294207,3.6280323450134766,LATE_RECOVERY
3.785714285714286,14.224489795918368,True,False,53.1,-3.1000000000000014,0.6213778467961297,-3.1000000000000014,TIME_COLLAPSED,0.26614060258249644,3.757412398921833,LATE_RECOVERY
3.785714285714286,14.714285714285714,True,False,54.550000000000004,-4.550000000000004,0.6287370061759071,-4.550000000000004,TIME_COLLAPSED,0.2572815533980583,3.8867924528301883,LATE_RECOVERY
3.785714285714286,15.204081632653061,True,False,56.0,-6.0,0.6357842857257123,-6.0,TIME_COLLAPSED,0.24899328859060404,4.016172506738544,LATE_RECOVERY
3.785714285714286,15.693877551020408,True,False,57.45,-7.450000000000003,0.6425399055025011,-7.450000000000003,TIME_COLLAPSED,0.24122236671001301,4.1455525606469,LATE_RECOVERY
3.785714285714286,16.183673469387756,True,False,58.900000000000006,-8.900000000000006,0.6490227769179221,-8.900000000000006,TIME_COLLAPSED,0.23392181588902902,4.274932614555256,LATE_RECOVERY
3.785714285714286,16.6734693877551,True,False,60.35,-10.350000000000001,0.6552501597359321,-10.350000000000001,TIME_COLLAPSED,0.22705018359853124,4.404312668463612,LATE_RECOVERY
3.785714285714286,17.163265306122447,True,False,61.800000000000004,-11.800000000000004,0.6612377421966574,-11.800000000000004,TIME_COLLAPSED,0.22057074910820457,4.533692722371967,LATE_RECOVERY
3.785714285714286,17.653061224489797,True,False,63.300000000000004,-13.300000000000004,0.6669998254415284,-13.300000000000004,TIME_COLLAPSED,0.21445086705202313,4.663072776280323,LATE_RECOVERY
3.785714285714286,18.142857142857142,True,False,64.75,-14.75,0.6725494351703891,-14.75,TIME_COLLAPSED,0.20866141732283466,4.792452830188679,LATE_RECOVERY
3.785714285714286,18.632653061224488,True,False,66.2,-16.200000000000003,0.6778985631707427,-16.200000000000003,TIME_COLLAPSED,0.20317634173055862,4.921832884097034,LATE_RECOVERY
3.785714285714286,19.122448979591837,True,False,67.65,-17.650000000000006,0.6830582293067403,-17.650000000000006,TIME_COLLAPSED,0.19797225186766276,5.05121293800539,LATE_RECOVERY
3.785714285714286,19.612244897959183,True,False,69.10000000000001,-19.10000000000001,0.6880385621776187,-19.10000000000001,TIME_COLLAPSED,0.19302809573361085,5.180592991913746,LATE_RECOVERY
3.785714285714286,20.10204081632653,True,False,70.55,-20.549999999999997,0.6928488696954925,-20.549999999999997,TIME_COLLAPSED,0.18832487309644674,5.309973045822101,LATE_RECOVERY
3.785714285714286,20.591836734693878,True,False,72.0,-22.0,0.6974977671780281,-22.0,TIME_COLLAPSED,0.1838453914767096,5.439353099730458,LATE_RECOVERY
3.785714285714286,21.081632653061224,True,False,73.45,-23.450000000000003,0.701993231066419,-23.450000000000003,TIME_COLLAPSED,0.17957405614714425,5.568733153638814,LATE_RECOVERY
3.785714285714286,21.57142857142857,True,False,74.95,-24.950000000000003,0.706342653748089,-24.950000000000003,TIME_COLLAPSED,0.1754966887417219,5.698113207547169,LATE_RECOVERY
3.785714285714286,22.06122448979592,True,False,76.4,-26.400000000000006,0.7105529023110813,-26.400000000000006,TIME_COLLAPSED,0.17160037002775208,5.827493261455525,LATE_RECOVERY
3.785714285714286,22.551020408163264,True,False,77.85000000000001,-27.85000000000001,0.7146344446668255,-27.85000000000001,TIME_COLLAPSED,0.16787330316742083,5.956873315363881,LATE_RECOVERY
3.785714285714286,23.04081632653061,True,False,79.30000000000001,-29.30000000000001,0.7185921700540208,-29.30000000000001,TIME_COLLAPSED,0.1643046944198406,6.086253369272236,LATE_RECOVERY
3.785714285714286,23.53061224489796,False,False,,-inf,0.7224290237243691,,TIME_COLLAPSED,0.16088464874241112,6.215633423180592,NO_RECOVERY
3.785714285714286,24.020408163265305,False,False,,-inf,0.7261501347510791,,TIME_COLLAPSED,0.15760407816482586,6.345013477088948,NO_RECOVERY
3.785714285714286,24.51020408163265,False,False,,-inf,0.7297641032683745,,TIME_COLLAPSED,0.1544546211490425,6.474393530997303,NO_RECOVERY
3.785714285714286,25.0,False,False,,-inf,0.733276811307345,,TIME_COLLAPSED,0.15142857142857144,6.60377358490566,NO_RECOVERY
4.020408163265307,1.0,True,True,15.75,34.25,0.09650161283991361,34.25,ACCESSIBLE,4.020408163265307,0.24873096446700504,HIGH_MARGIN_ACCESSIBLE
4.020408163265307,1.489795918367347,True,True,17.55,32.45,0.1397480413596504,32.45,ACCESSIBLE,2.6986301369863015,0.3705583756345177,HIGH_MARGIN_ACCESSIBLE
4.020408163265307,1.9795918367346939,True,True,18.95,31.05,0.17961163489002818,31.05,ACCESSIBLE,2.0309278350515467,0.4923857868020304,HIGH_MARGIN_ACCESSIBLE
4.020408163265307,2.4693877551020407,True,True,20.200000000000003,29.799999999999997,0.2161351560072148,29.799999999999997,ACCESSIBLE,1.6280991735537194,0.614213197969543,HIGH_MARGIN_ACCESSIBLE
4.020408163265307,2.9591836734693877,True,True,21.400000000000002,28.599999999999998,0.24954644838928022,28.599999999999998,ACCESSIBLE,1.3586206896551727,0.7360406091370557,HIGH_MARGIN_ACCESSIBLE
4.020408163265307,3.4489795918367347,True,True,22.6,27.4,0.2801299835850788,27.4,ACCESSIBLE,1.1656804733727812,0.8578680203045684,HIGH_MARGIN_ACCESSIBLE
4.020408163265307,3.9387755102040813,True,True,23.85,26.15,0.3081768202617532,26.15,ACCESSIBLE,1.0207253886010366,0.9796954314720809,HIGH_MARGIN_ACCESSIBLE
4.020408163265307,4.428571428571429,True,True,25.1,24.9,0.33396788934472965,24.9,ACCESSIBLE,0.9078341013824885,1.1015228426395938,HIGH_MARGIN_ACCESSIBLE
4.020408163265307,4.918367346938775,True,True,26.400000000000002,23.599999999999998,0.35774913166447003,23.599999999999998,ACCESSIBLE,0.8174273858921164,1.2233502538071064,HIGH_MARGIN_ACCESSIBLE
4.020408163265307,5.408163265306122,True,True,27.700000000000003,22.299999999999997,0.379740762287324,22.299999999999997,ACCESSIBLE,0.7433962264150945,1.345177664974619,HIGH_MARGIN_ACCESSIBLE
4.020408163265307,5.8979591836734695,True,True,29.05,20.95,0.400131511120683,20.95,ACCESSIBLE,0.6816608996539794,1.4670050761421318,HIGH_MARGIN_ACCESSIBLE
4.020408163265307,6.387755102040816,True,True,30.400000000000002,19.599999999999998,0.4190913478122986,19.599999999999998,ACCESSIBLE,0.6293929712460066,1.5888324873096444,LOW_MARGIN_ACCESSIBLE
4.020408163265307,6.877551020408163,True,True,31.8,18.2,0.43676735230522024,18.2,ACCESSIBLE,0.5845697329376857,1.7106598984771568,LOW_MARGIN_ACCESSIBLE
4.020408163265307,7.36734693877551,True,True,33.2,16.799999999999997,0.4532838905394303,16.799999999999997,ACCESSIBLE,0.5457063711911359,1.8324873096446697,LOW_MARGIN_ACCESSIBLE
4.020408163265307,7.857142857142857,True,True,34.6,15.399999999999999,0.4687612110497019,15.399999999999999,ACCESSIBLE,0.5116883116883117,1.9543147208121823,LOW_MARGIN_ACCESSIBLE
4.020408163265307,8.346938775510203,True,True,36.0,14.0,0.4832858576110613,14.0,ACCESSIBLE,0.4816625916870417,2.076142131979695,LOW_MARGIN_ACCESSIBLE
4.020408163265307,8.83673469387755,True,True,37.4,12.600000000000001,0.49695650422709087,12.600000000000001,ACCESSIBLE,0.4549653579676675,2.1979695431472077,LOW_MARGIN_ACCESSIBLE
4.020408163265307,9.326530612244898,True,True,38.800000000000004,11.199999999999996,0.5098422432797207,11.199999999999996,ACCESSIBLE,0.43107221006564556,2.3197969543147203,LOW_MARGIN_ACCESSIBLE
4.020408163265307,9.816326530612244,True,True,40.25,9.75,0.522010642122856,9.75,ACCESSIBLE,0.4095634095634097,2.441624365482233,LOW_MARGIN_ACCESSIBLE
4.020408163265307,10.306122448979592,True,True,41.650000000000006,8.349999999999994,0.5335218461719761,8.349999999999994,ACCESSIBLE,0.39009900990099017,2.5634517766497456,LOW_MARGIN_ACCESSIBLE
4.020408163265307,10.795918367346939,True,True,43.1,6.899999999999999,0.5444284841133484,6.899999999999999,ACCESSIBLE,0.37240075614366736,2.6852791878172586,LOW_MARGIN_ACCESSIBLE
4.020408163265307,11.285714285714285,True,True,44.5,5.5,0.5547840572138693,5.5,ACCESSIBLE,0.35623869801085,2.8071065989847708,LOW_MARGIN_ACCESSIBLE
4.020408163265307,11.775510204081632,True,True,45.95,4.049999999999997,0.5646266853832492,4.049999999999997,ACCESSIBLE,0.34142114384748706,2.928934010152284,NO_RECOVERY
4.020408163265307,12.26530612244898,True,True,47.400000000000006,2.5999999999999943,0.5739904670482598,2.5999999999999943,ACCESSIBLE,0.3277870216306157,3.0507614213197964,NO_RECOVERY
4.020408163265307,12.755102040816325,True,True,48.85,1.1499999999999986,0.5829206003043688,1.1499999999999986,ACCESSIBLE,0.3152000000000001,3.1725888324873086,NO_RECOVERY
4.020408163265307,13.244897959183673,True,False,50.300000000000004,-0.30000000000000426,0.591437376640019,-0.30000000000000426,TIME_COLLAPSED,0.3035439137134053,3.2944162436548217,LATE_RECOVERY
4.020408163265307,13.73469387755102,True,False,51.7,-1.7000000000000028,0.5995792190780339,-1.7000000000000028,TIME_COLLAPSED,0.2927191679049035,3.4162436548223343,LATE_RECOVERY
4.020408163265307,14.224489795918368,True,False,53.150000000000006,-3.1500000000000057,0.6073612772786783,-3.1500000000000057,TIME_COLLAPSED,0.28263988522238165,3.5380710659898473,LATE_RECOVERY
4.020408163265307,14.714285714285714,True,False,54.6,-4.600000000000001,0.6148178054113356,-4.600000000000001,TIME_COLLAPSED,0.2732316227461859,3.6598984771573595,LATE_RECOVERY
4.020408163265307,15.204081632653061,True,False,56.050000000000004,-6.050000000000004,0.62196388228176,-6.050000000000004,TIME_COLLAPSED,0.26442953020134236,3.7817258883248726,LATE_RECOVERY
4.020408163265307,15.693877551020408,True,False,57.5,-7.5,0.6288178522583537,-7.5,TIME_COLLAPSED,0.2561768530559168,3.903553299492385,LATE_RECOVERY
4.020408163265307,16.183673469387756,True,False,58.95,-8.950000000000003,0.6353986608903719,-8.950000000000003,TIME_COLLAPSED,0.24842370744010092,4.025380710659898,LATE_RECOVERY
4.020408163265307,16.6734693877551,True,False,60.400000000000006,-10.400000000000006,0.6417290156203659,-10.400000000000006,TIME_COLLAPSED,0.24112607099143213,4.14720812182741,LATE_RECOVERY
4.020408163265307,17.163265306122447,True,False,61.85,-11.850000000000001,0.6478179612892737,-11.850000000000001,TIME_COLLAPSED,0.23424494649227118,4.2690355329949226,LATE_RECOVERY
4.020408163265307,17.653061224489797,True,False,63.300000000000004,-13.300000000000004,0.6536798240004134,-13.300000000000004,TIME_COLLAPSED,0.22774566473988442,4.390862944162436,LATE_RECOVERY
4.020408163265307,18.142857142857142,True,False,64.75,-14.75,0.6593277686034101,-14.75,TIME_COLLAPSED,0.22159730033745786,4.512690355329949,LATE_RECOVERY
4.020408163265307,18.632653061224488,True,False,66.2,-16.200000000000003,0.6647739575728742,-16.200000000000003,TIME_COLLAPSED,0.21577217962760137,4.634517766497461,LATE_RECOVERY
4.020408163265307,19.122448979591837,True,False,67.65,-17.650000000000006,0.6700294597856814,-17.650000000000006,TIME_COLLAPSED,0.21024546424759874,4.756345177664974,LATE_RECOVERY
4.020408163265307,19.612244897959183,True,False,69.10000000000001,-19.10000000000001,0.6751045046596525,-19.10000000000001,TIME_COLLAPSED,0.20499479708636842,4.878172588832486,LATE_RECOVERY
4.020408163265307,20.10204081632653,True,False,70.55,-20.549999999999997,0.6800085262705876,-20.549999999999997,TIME_COLLAPSED,0.20000000000000007,4.999999999999999,LATE_RECOVERY
4.020408163265307,20.591836734693878,True,False,72.05,-22.049999999999997,0.684750240951406,-22.049999999999997,TIME_COLLAPSED,0.19524281466798812,5.121827411167512,LATE_RECOVERY
4.020408163265307,21.081632653061224,True,False,73.5,-23.5,0.689337712217753,-23.5,TIME_COLLAPSED,0.19070667957405618,5.243654822335024,LATE_RECOVERY
4.020408163265307,21.57142857142857,True,False,74.95,-24.950000000000003,0.6937784185807744,-24.950000000000003,TIME_COLLAPSED,0.1863765373699149,5.3654822335025365,LATE_RECOVERY
4.020408163265307,22.06122448979592,True,False,76.4,-26.400000000000006,0.6980793048359047,-26.400000000000006,TIME_COLLAPSED,0.18223866790009255,5.48730964467005,LATE_RECOVERY
4.020408163265307,22.551020408163264,True,False,77.85000000000001,-27.85000000000001,0.7022492546004963,-27.85000000000001,TIME_COLLAPSED,0.17828054298642537,5.609137055837563,LATE_RECOVERY
4.020408163265307,23.04081632653061,True,False,79.30000000000001,-29.30000000000001,0.7062943944836902,-29.30000000000001,TIME_COLLAPSED,0.17449069973427817,5.730964467005075,LATE_RECOVERY
4.020408163265307,23.53061224489796,False,False,,-inf,0.7102182741342453,,TIME_COLLAPSED,0.17085862966175197,5.852791878172588,NO_RECOVERY
4.020408163265307,24.020408163265305,False,False,,-inf,0.7140260684045481,,TIME_COLLAPSED,0.16737468139337303,5.9746192893401,NO_RECOVERY
4.020408163265307,24.51020408163265,False,False,,-inf,0.7177226883054584,,TIME_COLLAPSED,0.16402997502081604,6.096446700507612,NO_RECOVERY
4.020408163265307,25.0,False,False,,-inf,0.7213159358301023,,TIME_COLLAPSED,0.16081632653061229,6.218274111675126,NO_RECOVERY
4.255102040816327,1.0,True,True,15.8,34.2,0.09142969680616099,34.2,ACCESSIBLE,4.255102040816327,0.23501199040767382,HIGH_MARGIN_ACCESSIBLE
4.255102040816327,1.489795918367347,True,True,17.7,32.3,0.13272422291052338,32.3,ACCESSIBLE,2.856164383561644,0.3501199040767386,HIGH_MARGIN_ACCESSIBLE
4.255102040816327,1.9795918367346939,True,True,19.150000000000002,30.849999999999998,0.17101110875801984,30.849999999999998,ACCESSIBLE,2.1494845360824746,0.4652278177458033,HIGH_MARGIN_ACCESSIBLE
4.255102040816327,2.4693877551020407,True,True,20.450000000000003,29.549999999999997,0.20628333114803046,29.549999999999997,ACCESSIBLE,1.723140495867769,0.5803357314148679,HIGH_MARGIN_ACCESSIBLE
4.255102040816327,2.9591836734693877,True,True,21.650000000000002,28.349999999999998,0.2386989157775458,28.349999999999998,ACCESSIBLE,1.437931034482759,0.6954436450839327,HIGH_MARGIN_ACCESSIBLE
4.255102040816327,3.4489795918367347,True,True,22.85,27.15,0.2684978376761911,27.15,ACCESSIBLE,1.2337278106508878,0.8105515587529974,HIGH_MARGIN_ACCESSIBLE
4.255102040816327,3.9387755102040813,True,True,24.05,25.95,0.2959252910638208,25.95,ACCESSIBLE,1.0803108808290158,0.9256594724220621,HIGH_MARGIN_ACCESSIBLE
4.255102040816327,4.428571428571429,True,True,25.3,24.7,0.32122946676991526,24.7,ACCESSIBLE,0.9608294930875577,1.040767386091127,HIGH_MARGIN_ACCESSIBLE
4.255102040816327,4.918367346938775,True,True,26.6,23.4,0.3446264914325807,23.4,ACCESSIBLE,0.8651452282157678,1.1558752997601918,HIGH_MARGIN_ACCESSIBLE
4.255102040816327,5.408163265306122,True,True,27.900000000000002,22.099999999999998,0.36631498616278724,22.099999999999998,ACCESSIBLE,0.7867924528301888,1.2709832134292562,HIGH_MARGIN_ACCESSIBLE
4.255102040816327,5.8979591836734695,True,True,29.200000000000003,20.799999999999997,0.38647783079607145,20.799999999999997,ACCESSIBLE,0.7214532871972319,1.3860911270983212,HIGH_MARGIN_ACCESSIBLE
4.255102040816327,6.387755102040816,True,True,30.55,19.45,0.4052626744305054,19.45,ACCESSIBLE,0.6661341853035145,1.5011990407673859,LOW_MARGIN_ACCESSIBLE
4.255102040816327,6.877551020408163,True,True,31.950000000000003,18.049999999999997,0.42280967241143264,18.049999999999997,ACCESSIBLE,0.6186943620178043,1.6163069544364506,LOW_MARGIN_ACCESSIBLE
4.255102040816327,7.36734693877551,True,True,33.300000000000004,16.699999999999996,0.4392380647981857,16.699999999999996,ACCESSIBLE,0.5775623268698061,1.7314148681055153,LOW_MARGIN_ACCESSIBLE
4.255102040816327,7.857142857142857,True,True,34.7,15.299999999999997,0.45464963565225247,15.299999999999997,ACCESSIBLE,0.5415584415584417,1.84652278177458,LOW_MARGIN_ACCESSIBLE
4.255102040816327,8.346938775510203,True,True,36.1,13.899999999999999,0.4691453337034867,13.899999999999999,ACCESSIBLE,0.5097799511002447,1.9616306954436447,LOW_MARGIN_ACCESSIBLE
4.255102040816327,8.83673469387755,True,True,37.5,12.5,0.4827965837111095,12.5,ACCESSIBLE,0.4815242494226329,2.0767386091127094,LOW_MARGIN_ACCESSIBLE
4.255102040816327,9.326530612244898,True,True,38.900000000000006,11.099999999999994,0.49568617894260514,11.099999999999994,ACCESSIBLE,0.45623632385120355,2.1918465227817743,LOW_MARGIN_ACCESSIBLE
4.255102040816327,9.816326530612244,True,True,40.35,9.649999999999999,0.5078735719168047,9.649999999999999,ACCESSIBLE,0.4334719334719336,2.3069544364508388,LOW_MARGIN_ACCESSIBLE
4.255102040816327,10.306122448979592,True,True,41.75,8.25,0.5194156993096937,8.25,ACCESSIBLE,0.41287128712871296,2.4220623501199037,LOW_MARGIN_ACCESSIBLE
4.255102040816327,10.795918367346939,True,True,43.150000000000006,6.849999999999994,0.5303642787617298,6.849999999999994,ACCESSIBLE,0.39413988657844995,2.5371702637889686,LOW_MARGIN_ACCESSIBLE
4.255102040816327,11.285714285714285,True,True,44.6,5.399999999999999,0.5407647837533733,5.399999999999999,ACCESSIBLE,0.37703435804701635,2.652278177458033,LOW_MARGIN_ACCESSIBLE
4.255102040816327,11.775510204081632,True,True,46.050000000000004,3.9499999999999957,0.5506614484208515,3.9499999999999957,ACCESSIBLE,0.36135181975736574,2.767386091127098,NO_RECOVERY
4.255102040816327,12.26530612244898,True,True,47.45,2.549999999999997,0.5600916245237846,2.549999999999997,ACCESSIBLE,0.3469217970049917,2.8824940047961625,NO_RECOVERY
4.255102040816327,12.755102040816325,True,True,48.900000000000006,1.0999999999999943,0.5690835877664482,1.0999999999999943,ACCESSIBLE,0.33360000000000006,2.997601918465227,NO_RECOVERY
4.255102040816327,13.244897959183673,True,False,50.35,-0.3500000000000014,0.5776724319383386,-0.3500000000000014,TIME_COLLAPSED,0.3212634822804315,3.112709832134292,LATE_RECOVERY
4.255102040816327,13.73469387755102,True,False,51.800000000000004,-1.8000000000000043,0.5858851961809405,-1.8000000000000043,TIME_COLLAPSED,0.30980683506686485,3.227817745803357,LATE_RECOVERY
4.255102040816327,14.224489795918368,True,False,53.2,-3.200000000000003,0.5937452052181906,-3.200000000000003,TIME_COLLAPSED,0.2991391678622669,3.3429256594724217,LATE_RECOVERY
4.255102040816327,14.714285714285714,True,False,54.650000000000006,-4.650000000000006,0.6012764259778555,-4.650000000000006,TIME_COLLAPSED,0.2891816920943135,3.458033573141486,LATE_RECOVERY
4.255102040816327,15.204081632653061,True,False,56.1,-6.100000000000001,0.6085020446040769,-6.100000000000001,TIME_COLLAPSED,0.27986577181208055,3.573141486810551,LATE_RECOVERY
4.255102040816327,15.693877551020408,True,False,57.550000000000004,-7.550000000000004,0.6154354004971674,-7.550000000000004,TIME_COLLAPSED,0.2711313394018206,3.688249400479616,LATE_RECOVERY
4.255102040816327,16.183673469387756,True,False,59.0,-9.0,0.6220998799739862,-9.0,TIME_COLLAPSED,0.2629255989911728,3.8033573141486805,LATE_RECOVERY
4.255102040816327,16.6734693877551,True,False,60.45,-10.450000000000003,0.6285110804419575,-10.450000000000003,TIME_COLLAPSED,0.25520195838433296,3.918465227817745,LATE_RECOVERY
4.255102040816327,17.163265306122447,True,False,61.900000000000006,-11.900000000000006,0.6346806581597452,-11.900000000000006,TIME_COLLAPSED,0.24791914387633776,4.0335731414868095,LATE_RECOVERY
4.255102040816327,17.653061224489797,True,False,63.35,-13.350000000000001,0.6406230202488239,-13.350000000000001,TIME_COLLAPSED,0.24104046242774568,4.148681055155875,LATE_RECOVERY
4.255102040816327,18.142857142857142,True,False,64.8,-14.799999999999997,0.6463513703096568,-14.799999999999997,TIME_COLLAPSED,0.23453318335208104,4.263788968824939,LATE_RECOVERY
4.255102040816327,18.632653061224488,True,False,66.25,-16.25,0.6518777406485078,-16.25,TIME_COLLAPSED,0.22836801752464408,4.378896882494003,LATE_RECOVERY
4.255102040816327,19.122448979591837,True,False,67.7,-17.700000000000003,0.6572152500114105,-17.700000000000003,TIME_COLLAPSED,0.22251867662753472,4.494004796163069,LATE_RECOVERY
4.255102040816327,19.612244897959183,True,False,69.15,-19.150000000000006,0.6623715970989064,-19.150000000000006,TIME_COLLAPSED,0.21696149843912596,4.609112709832133,LATE_RECOVERY
4.255102040816327,20.10204081632653,True,False,70.60000000000001,-20.60000000000001,0.6673560654042437,-20.60000000000001,TIME_COLLAPSED,0.21167512690355336,4.724220623501198,LATE_RECOVERY
4.255102040816327,20.591836734693878,True,False,72.05,-22.049999999999997,0.6721774507571263,-22.049999999999997,TIME_COLLAPSED,0.20664023785926663,4.839328537170263,LATE_RECOVERY
4.255102040816327,21.081632653061224,True,False,73.5,-23.5,0.6768438956311841,-23.5,TIME_COLLAPSED,0.20183930300096808,4.954436450839328,LATE_RECOVERY
4.255102040816327,21.57142857142857,True,False,74.95,-24.950000000000003,0.681362943314124,-24.950000000000003,TIME_COLLAPSED,0.1972563859981079,5.069544364508392,LATE_RECOVERY
4.255102040816327,22.06122448979592,True,False,76.4,-26.400000000000006,0.6857427726813972,-26.400000000000006,TIME_COLLAPSED,0.19287696577243296,5.184652278177458,LATE_RECOVERY
4.255102040816327,22.551020408163264,True,False,77.85000000000001,-27.85000000000001,0.689990224919896,-27.85000000000001,TIME_COLLAPSED,0.1886877828054299,5.299760191846522,LATE_RECOVERY
4.255102040816327,23.04081632653061,True,False,79.30000000000001,-29.30000000000001,0.6941103867629411,-29.30000000000001,TIME_COLLAPSED,0.18467670504871572,5.414868105515586,LATE_RECOVERY
4.255102040816327,23.53061224489796,False,False,,-inf,0.6981088889867633,,TIME_COLLAPSED,0.18083261058109282,5.529976019184652,NO_RECOVERY
4.255102040816327,24.020408163265305,False,False,,-inf,0.7019910346695956,,TIME_COLLAPSED,0.17714528462192017,5.645083932853716,NO_RECOVERY
4.255102040816327,24.51020408163265,False,False,,-inf,0.7057617103067901,,TIME_COLLAPSED,0.17360532889258956,5.760191846522781,NO_RECOVERY
4.255102040816327,25.0,False,False,,-inf,0.7094255423245188,,TIME_COLLAPSED,0.17020408163265308,5.8752997601918455,NO_RECOVERY
4.4897959183673475,1.0,True,True,15.8,34.2,0.08685558647825647,34.2,ACCESSIBLE,4.4897959183673475,0.2227272727272727,HIGH_MARGIN_ACCESSIBLE
4.4897959183673475,1.489795918367347,True,True,17.85,32.15,0.12635305726539975,32.15,ACCESSIBLE,3.0136986301369864,0.3318181818181818,HIGH_MARGIN_ACCESSIBLE
4.4897959183673475,1.9795918367346939,True,True,19.35,30.65,0.16316981194131613,30.65,ACCESSIBLE,2.2680412371134024,0.44090909090909086,HIGH_MARGIN_ACCESSIBLE
4.4897959183673475,2.4693877551020407,True,True,20.650000000000002,29.349999999999998,0.19724742220988134,29.349999999999998,ACCESSIBLE,1.8181818181818186,0.5499999999999999,HIGH_MARGIN_ACCESSIBLE
4.4897959183673475,2.9591836734693877,True,True,21.900000000000002,28.099999999999998,0.22870508266551431,28.099999999999998,ACCESSIBLE,1.517241379310345,0.659090909090909,HIGH_MARGIN_ACCESSIBLE
4.4897959183673475,3.4489795918367347,True,True,23.1,26.9,0.2577332234109785,26.9,ACCESSIBLE,1.3017751479289943,0.7681818181818181,HIGH_MARGIN_ACCESSIBLE
4.4897959183673475,3.9387755102040813,True,True,24.3,25.7,0.28454193935388544,25.7,ACCESSIBLE,1.139896373056995,0.8772727272727271,HIGH_MARGIN_ACCESSIBLE
4.4897959183673475,4.428571428571429,True,True,25.55,24.45,0.3093453295577992,24.45,ACCESSIBLE,1.0138248847926268,0.9863636363636363,HIGH_MARGIN_ACCESSIBLE
4.4897959183673475,4.918367346938775,True,True,26.8,23.2,0.33234093174316226,23.2,ACCESSIBLE,0.9128630705394192,1.0954545454545452,HIGH_MARGIN_ACCESSIBLE
4.4897959183673475,5.408163265306122,True,True,28.1,21.9,0.3537135894674296,21.9,ACCESSIBLE,0.8301886792452832,1.2045454545454544,HIGH_MARGIN_ACCESSIBLE
4.4897959183673475,5.8979591836734695,True,True,29.400000000000002,20.599999999999998,0.3736210226884859,20.599999999999998,ACCESSIBLE,0.7612456747404845,1.3136363636363635,HIGH_MARGIN_ACCESSIBLE
4.4897959183673475,6.387755102040816,True,True,30.75,19.25,0.39220583624552413,19.25,ACCESSIBLE,0.7028753993610225,1.4227272727272724,LOW_MARGIN_ACCESSIBLE
4.4897959183673475,6.877551020408163,True,True,32.1,17.9,0.40959571174646325,17.9,ACCESSIBLE,0.652818991097923,1.5318181818181815,LOW_MARGIN_ACCESSIBLE
4.4897959183673475,7.36734693877551,True,True,33.45,16.549999999999997,0.42590494508836624,16.549999999999997,ACCESSIBLE,0.6094182825484765,1.6409090909090907,LOW_MARGIN_ACCESSIBLE
4.4897959183673475,7.857142857142857,True,True,34.85,15.149999999999999,0.44123151647987124,15.149999999999999,ACCESSIBLE,0.5714285714285715,1.7499999999999998,LOW_MARGIN_ACCESSIBLE
4.4897959183673475,8.346938775510203,True,True,36.2,13.799999999999997,0.4556597853505885,13.799999999999997,ACCESSIBLE,0.5378973105134476,1.8590909090909087,LOW_MARGIN_ACCESSIBLE
4.4897959183673475,8.83673469387755,True,True,37.6,12.399999999999999,0.4692743928386873,12.399999999999999,ACCESSIBLE,0.5080831408775982,1.9681818181818178,LOW_MARGIN_ACCESSIBLE
4.4897959183673475,9.326530612244898,True,True,39.0,11.0,0.4821359022770455,11.0,ACCESSIBLE,0.48140043763676155,2.077272727272727,LOW_MARGIN_ACCESSIBLE
4.4897959183673475,9.816326530612244,True,True,40.400000000000006,9.599999999999994,0.4943156131945839,9.599999999999994,ACCESSIBLE,0.45738045738045746,2.186363636363636,LOW_MARGIN_ACCESSIBLE
4.4897959183673475,10.306122448979592,True,True,41.85,8.149999999999999,0.5058628633253347,8.149999999999999,ACCESSIBLE,0.4356435643564357,2.295454545454545,LOW_MARGIN_ACCESSIBLE
4.4897959183673475,10.795918367346939,True,True,43.25,6.75,0.5168271600715431,6.75,ACCESSIBLE,0.41587901701323254,2.4045454545454543,LOW_MARGIN_ACCESSIBLE
4.4897959183673475,11.285714285714285,True,True,44.7,5.299999999999997,0.5272531695495677,5.299999999999997,ACCESSIBLE,0.39783001808318275,2.5136363636363632,LOW_MARGIN_ACCESSIBLE
4.4897959183673475,11.775510204081632,True,True,46.1,3.8999999999999986,0.537180498207707,3.8999999999999986,ACCESSIBLE,0.3812824956672444,2.622727272727272,NO_RECOVERY
4.4897959183673475,12.26530612244898,True,True,47.550000000000004,2.4499999999999957,0.546644776339426,2.4499999999999957,ACCESSIBLE,0.3660565723793678,2.7318181818181815,NO_RECOVERY
4.4897959183673475,12.755102040816325,True,True,48.95,1.0499999999999972,0.5556844866237785,1.0499999999999972,ACCESSIBLE,0.3520000000000001,2.8409090909090904,NO_RECOVERY
4.4897959183673475,13.244897959183673,True,False,50.400000000000006,-0.4000000000000057,0.5643220427123317,-0.4000000000000057,TIME_COLLAPSED,0.33898305084745767,2.9499999999999993,LATE_RECOVERY
4.4897959183673475,13.73469387755102,True,False,51.85,-1.8500000000000014,0.5725833397356984,-1.8500000000000014,TIME_COLLAPSED,0.3268945022288262,3.0590909090909086,LATE_RECOVERY
4.4897959183673475,14.224489795918368,True,False,53.25,-3.25,0.5805023546360399,-3.25,TIME_COLLAPSED,0.3156384505021521,3.168181818181818,LATE_RECOVERY
4.4897959183673475,14.714285714285714,True,False,54.7,-4.700000000000003,0.5880887510774374,-4.700000000000003,TIME_COLLAPSED,0.3051317614424411,3.277272727272727,LATE_RECOVERY
4.4897959183673475,15.204081632653061,True,False,56.150000000000006,-6.150000000000006,0.5953763118039305,-6.150000000000006,TIME_COLLAPSED,0.2953020134228188,3.386363636363636,LATE_RECOVERY
4.4897959183673475,15.693877551020408,True,False,57.6,-7.600000000000001,0.6023720066724417,-7.600000000000001,TIME_COLLAPSED,0.28608582574772434,3.495454545454545,LATE_RECOVERY
4.4897959183673475,16.183673469387756,True,False,59.050000000000004,-9.050000000000004,0.6091001833490168,-9.050000000000004,TIME_COLLAPSED,0.27742749054224464,3.6045454545454545,LATE_RECOVERY
4.4897959183673475,16.6734693877551,True,False,60.45,-10.450000000000003,0.6155754386003432,-10.450000000000003,TIME_COLLAPSED,0.2692778457772338,3.713636363636363,LATE_RECOVERY
4.4897959183673475,17.163265306122447,True,False,61.900000000000006,-11.900000000000006,0.621809209837998,-11.900000000000006,TIME_COLLAPSED,0.26159334126040434,3.822727272727272,LATE_RECOVERY
4.4897959183673475,17.653061224489797,True,False,63.35,-13.350000000000001,0.6278163710003783,-13.350000000000001,TIME_COLLAPSED,0.254335260115607,3.9318181818181817,LATE_RECOVERY
4.4897959183673475,18.142857142857142,True,False,64.8,-14.799999999999997,0.6336144600412192,-14.799999999999997,TIME_COLLAPSED,0.2474690663667042,4.04090909090909,LATE_RECOVERY
4.4897959183673475,18.632653061224488,True,False,66.25,-16.25,0.6392097889431673,-16.25,TIME_COLLAPSED,0.2409638554216868,4.1499999999999995,LATE_RECOVERY
4.4897959183673475,19.122448979591837,True,False,67.7,-17.700000000000003,0.6446135180745866,-17.700000000000003,TIME_COLLAPSED,0.23479188900747067,4.259090909090909,LATE_RECOVERY
4.4897959183673475,19.612244897959183,True,False,69.15,-19.150000000000006,0.649835950726337,-19.150000000000006,TIME_COLLAPSED,0.2289281997918835,4.368181818181817,LATE_RECOVERY
4.4897959183673475,20.10204081632653,True,False,70.60000000000001,-20.60000000000001,0.6548865679007201,-20.60000000000001,TIME_COLLAPSED,0.22335025380710666,4.477272727272727,LATE_RECOVERY
4.4897959183673475,20.591836734693878,True,False,72.05,-22.049999999999997,0.6597742442452822,-22.049999999999997,TIME_COLLAPSED,0.21803766105054512,4.586363636363636,LATE_RECOVERY
4.4897959183673475,21.081632653061224,True,False,73.5,-23.5,0.6645070868961249,-23.5,TIME_COLLAPSED,0.21297192642788,4.695454545454544,LATE_RECOVERY
4.4897959183673475,21.57142857142857,True,False,74.95,-24.950000000000003,0.6690926549903359,-24.950000000000003,TIME_COLLAPSED,0.2081362346263009,4.804545454545454,LATE_RECOVERY
4.4897959183673475,22.06122448979592,True,False,76.4,-26.400000000000006,0.6735379703344684,-26.400000000000006,TIME_COLLAPSED,0.20351526364477338,4.913636363636363,LATE_RECOVERY
4.4897959183673475,22.551020408163264,True,False,77.85000000000001,-27.85000000000001,0.6778495682549905,-27.85000000000001,TIME_COLLAPSED,0.19909502262443443,5.022727272727272,LATE_RECOVERY
4.4897959183673475,23.04081632653061,True,False,79.30000000000001,-29.30000000000001,0.6820335380799111,-29.30000000000001,TIME_COLLAPSED,0.19486271036315328,5.131818181818181,LATE_RECOVERY
4.4897959183673475,23.53061224489796,False,False,,-inf,0.686095561381676,,TIME_COLLAPSED,0.19080659150043366,5.24090909090909,NO_RECOVERY
4.4897959183673475,24.020408163265305,False,False,,-inf,0.6900409477623801,,TIME_COLLAPSED,0.1869158878504673,5.349999999999999,NO_RECOVERY
4.4897959183673475,24.51020408163265,False,False,,-inf,0.6938746657178787,,TIME_COLLAPSED,0.18318068276436308,5.459090909090908,NO_RECOVERY
4.4897959183673475,25.0,False,False,,-inf,0.6976013700415212,,TIME_COLLAPSED,0.1795918367346939,5.5681818181818175,NO_RECOVERY
4.724489795918368,1.0,True,True,15.850000000000001,34.15,0.08271038646097247,34.15,ACCESSIBLE,4.724489795918368,0.2116630669546436,HIGH_MARGIN_ACCESSIBLE
4.724489795918368,1.489795918367347,True,True,18.0,32.0,0.1205506624307827,32.0,ACCESSIBLE,3.171232876712329,0.3153347732181425,HIGH_MARGIN_ACCESSIBLE
4.724489795918368,1.9795918367346939,True,True,19.55,30.45,0.15598964364888687,30.45,ACCESSIBLE,2.3865979381443303,0.41900647948164144,HIGH_MARGIN_ACCESSIBLE
4.724489795918368,2.4693877551020407,True,True,20.900000000000002,29.099999999999998,0.18893846849705306,29.099999999999998,ACCESSIBLE,1.9132231404958682,0.5226781857451404,HIGH_MARGIN_ACCESSIBLE
4.724489795918368,2.9591836734693877,True,True,22.1,27.9,0.21947237635046354,27.9,ACCESSIBLE,1.5965517241379312,0.6263498920086392,HIGH_MARGIN_ACCESSIBLE
4.724489795918368,3.4489795918367347,True,True,23.35,26.65,0.24774420378724626,26.65,ACCESSIBLE,1.3698224852071008,0.7300215982721382,HIGH_MARGIN_ACCESSIBLE
4.724489795918368,3.9387755102040813,True,True,24.55,25.45,0.27393798347944803,25.45,ACCESSIBLE,1.1994818652849744,0.8336933045356371,HIGH_MARGIN_ACCESSIBLE
4.724489795918368,4.428571428571429,True,True,25.75,24.25,0.29823659760107635,24.25,ACCESSIBLE,1.066820276497696,0.937365010799136,HIGH_MARGIN_ACCESSIBLE
4.724489795918368,4.918367346938775,True,True,27.0,23.0,0.32082488171567736,23.0,ACCESSIBLE,0.9605809128630707,1.041036717062635,HIGH_MARGIN_ACCESSIBLE
4.724489795918368,5.408163265306122,True,True,28.25,21.75,0.3418603820663452,21.75,ACCESSIBLE,0.8735849056603775,1.1447084233261338,HIGH_MARGIN_ACCESSIBLE
4.724489795918368,5.8979591836734695,True,True,29.55,20.45,0.3614919410392537,20.45,ACCESSIBLE,0.8010380622837371,1.2483801295896326,HIGH_MARGIN_ACCESSIBLE
4.724489795918368,6.387755102040816,True,True,30.900000000000002,19.099999999999998,0.3798569388732645,19.099999999999998,ACCESSIBLE,0.7396166134185305,1.3520518358531315,LOW_MARGIN_ACCESSIBLE
4.724489795918368,6.877551020408163,True,True,32.25,17.75,0.3970672834498961,17.75,ACCESSIBLE,0.6869436201780417,1.4557235421166304,LOW_MARGIN_ACCESSIBLE
4.724489795918368,7.36734693877551,True,True,33.6,16.4,0.4132324241435735,16.4,ACCESSIBLE,0.6412742382271469,1.5593952483801294,LOW_MARGIN_ACCESSIBLE
4.724489795918368,7.857142857142857,True,True,34.95,15.049999999999997,0.4284467407195192,15.049999999999997,ACCESSIBLE,0.6012987012987013,1.6630669546436283,LOW_MARGIN_ACCESSIBLE
4.724489795918368,8.346938775510203,True,True,36.35,13.649999999999999,0.4427917289147661,13.649999999999999,ACCESSIBLE,0.5660146699266505,1.7667386609071272,LOW_MARGIN_ACCESSIBLE
4.724489795918368,8.83673469387755,True,True,37.7,12.299999999999997,0.45633809059396496,12.299999999999997,ACCESSIBLE,0.5346420323325636,1.870410367170626,LOW_MARGIN_ACCESSIBLE
4.724489795918368,9.326530612244898,True,True,39.1,10.899999999999999,0.46915620984538137,10.899999999999999,ACCESSIBLE,0.5065645514223195,1.9740820734341251,LOW_MARGIN_ACCESSIBLE
4.724489795918368,9.816326530612244,True,True,40.5,9.5,0.48129982603484983,9.5,ACCESSIBLE,0.4812889812889814,2.0777537796976238,LOW_MARGIN_ACCESSIBLE
4.724489795918368,10.306122448979592,True,True,41.95,8.049999999999997,0.4928301053073052,8.049999999999997,ACCESSIBLE,0.4584158415841585,2.181425485961123,LOW_MARGIN_ACCESSIBLE
4.724489795918368,10.795918367346939,True,True,43.35,6.649999999999999,0.5037877445650899,6.649999999999999,ACCESSIBLE,0.43761814744801514,2.285097192224622,LOW_MARGIN_ACCESSIBLE
4.724489795918368,11.285714285714285,True,True,44.75,5.25,0.5142166000039333,5.25,ACCESSIBLE,0.4186256781193491,2.3887688984881206,LOW_MARGIN_ACCESSIBLE
4.724489795918368,11.775510204081632,True,True,46.2,3.799999999999997,0.5241556141108227,3.799999999999997,ACCESSIBLE,0.4012131715771231,2.4924406047516197,NO_RECOVERY
4.724489795918368,12.26530612244898,True,True,47.6,2.3999999999999986,0.5336394065236624,2.3999999999999986,ACCESSIBLE,0.3851913477537438,2.5961123110151187,NO_RECOVERY
4.724489795918368,12.755102040816325,True,True,49.050000000000004,0.9499999999999957,0.5426989207060916,0.9499999999999957,ACCESSIBLE,0.37040000000000006,2.6997840172786174,NO_RECOVERY
4.724489795918368,13.244897959183673,True,False,50.45,-0.45000000000000284,0.5513650274561472,-0.45000000000000284,TIME_COLLAPSED,0.3567026194144839,2.803455723542116,LATE_RECOVERY
4.724489795918368,13.73469387755102,True,False,51.900000000000006,-1.9000000000000057,0.5596645975060957,-1.9000000000000057,TIME_COLLAPSED,0.3439821693907876,2.907127429805615,LATE_RECOVERY
4.724489795918368,14.224489795918368,True,False,53.300000000000004,-3.3000000000000043,0.5676165319458966,-3.3000000000000043,TIME_COLLAPSED,0.3321377331420373,3.010799136069114,LATE_RECOVERY
4.724489795918368,14.714285714285714,True,False,54.75,-4.75,0.5752471047245323,-4.75,TIME_COLLAPSED,0.3210818307905687,3.114470842332613,LATE_RECOVERY
4.724489795918368,15.204081632653061,True,False,56.2,-6.200000000000003,0.5825747912056682,-6.200000000000003,TIME_COLLAPSED,0.31073825503355706,3.218142548596112,LATE_RECOVERY
4.724489795918368,15.693877551020408,True,False,57.650000000000006,-7.650000000000006,0.5896174148634344,-7.650000000000006,TIME_COLLAPSED,0.30104031209362814,3.321814254859611,LATE_RECOVERY
4.724489795918368,16.183673469387756,True,False,59.050000000000004,-9.050000000000004,0.5963921341256444,-9.050000000000004,TIME_COLLAPSED,0.29192938209331654,3.42548596112311,LATE_RECOVERY
4.724489795918368,16.6734693877551,True,False,60.5,-10.5,0.6029164277511682,-10.5,TIME_COLLAPSED,0.2833537331701347,3.5291576673866087,LATE_RECOVERY
4.724489795918368,17.163265306122447,True,False,61.95,-11.950000000000003,0.6091997021720416,-11.950000000000003,TIME_COLLAPSED,0.2752675386444709,3.6328293736501074,LATE_RECOVERY
4.724489795918368,17.653061224489797,True,False,63.400000000000006,-13.400000000000006,0.6152613514235119,-13.400000000000006,TIME_COLLAPSED,0.2676300578034682,3.7365010799136065,LATE_RECOVERY
4.724489795918368,18.142857142857142,True,False,64.85000000000001,-14.850000000000009,0.6211108224601396,-14.850000000000009,TIME_COLLAPSED,0.26040494938132736,3.8401727861771056,LATE_RECOVERY
4.724489795918368,18.632653061224488,True,False,66.3,-16.299999999999997,0.6267578508875715,-16.299999999999997,TIME_COLLAPSED,0.2535596933187295,3.943844492440604,LATE_RECOVERY
4.724489795918368,19.122448979591837,True,False,67.7,-17.700000000000003,0.6322135675406108,-17.700000000000003,TIME_COLLAPSED,0.24706510138740664,4.047516198704104,LATE_RECOVERY
4.724489795918368,19.612244897959183,True,False,69.15,-19.150000000000006,0.637489845316806,-19.150000000000006,TIME_COLLAPSED,0.24089490114464104,4.151187904967602,LATE_RECOVERY
4.724489795918368,20.10204081632653,True,False,70.60000000000001,-20.60000000000001,0.6425962852876362,-20.60000000000001,TIME_COLLAPSED,0.23502538071065995,4.254859611231101,LATE_RECOVERY
4.724489795918368,20.591836734693878,True,False,72.05,-22.049999999999997,0.6475393242188894,-22.049999999999997,TIME_COLLAPSED,0.2294350842418236,4.3585313174946,LATE_RECOVERY
4.724489795918368,21.081632653061224,True,False,73.5,-23.5,0.6523270915262136,-23.5,TIME_COLLAPSED,0.2241045498547919,4.462203023758098,LATE_RECOVERY
4.724489795918368,21.57142857142857,True,False,74.95,-24.950000000000003,0.6569672156948684,-24.950000000000003,TIME_COLLAPSED,0.2190160832544939,4.565874730021598,LATE_RECOVERY
4.724489795918368,22.06122448979592,True,False,76.4,-26.400000000000006,0.6614667373946804,-26.400000000000006,TIME_COLLAPSED,0.2141535615171138,4.6695464362850965,LATE_RECOVERY
4.724489795918368,22.551020408163264,True,False,77.85000000000001,-27.85000000000001,0.6658322682968664,-27.85000000000001,TIME_COLLAPSED,0.20950226244343895,4.773218142548595,LATE_RECOVERY
4.724489795918368,23.04081632653061,True,False,79.30000000000001,-29.30000000000001,0.6700699197175161,-29.30000000000001,TIME_COLLAPSED,0.20504871567759084,4.876889848812094,LATE_RECOVERY
4.724489795918368,23.53061224489796,False,False,,-inf,0.674185391228419,,TIME_COLLAPSED,0.2007805724197745,4.980561555075593,NO_RECOVERY
4.724489795918368,24.020408163265305,False,False,,-inf,0.6781840771407919,,TIME_COLLAPSED,0.19668649107901448,5.084233261339092,NO_RECOVERY
4.724489795918368,24.51020408163265,False,False,,-inf,0.6820709442648665,,TIME_COLLAPSED,0.19275603663613658,5.187904967602591,NO_RECOVERY
4.724489795918368,25.0,False,False,,-inf,0.6858506831269551,,TIME_COLLAPSED,0.1889795918367347,5.29157667386609,NO_RECOVERY
4.959183673469388,1.0,True,True,15.850000000000001,34.15,0.07893721657158777,34.15,ACCESSIBLE,4.959183673469388,0.2016460905349794,HIGH_MARGIN_ACCESSIBLE
4.959183673469388,1.489795918367347,True,True,18.1,31.9,0.1152454580865304,31.9,ACCESSIBLE,3.328767123287671,0.3004115226337449,HIGH_MARGIN_ACCESSIBLE
4.959183673469388,1.9795918367346939,True,True,19.75,30.25,0.1493918601458284,30.25,ACCESSIBLE,2.505154639175258,0.39917695473251025,HIGH_MARGIN_ACCESSIBLE
4.959183673469388,2.4693877551020407,True,True,21.1,28.9,0.18126761005307104,28.9,ACCESSIBLE,2.0082644628099175,0.4979423868312757,HIGH_MARGIN_ACCESSIBLE
4.959183673469388,2.9591836734693877,True,True,22.35,27.65,0.21091498422227836,27.65,ACCESSIBLE,1.6758620689655175,0.5967078189300411,HIGH_MARGIN_ACCESSIBLE
4.959183673469388,3.4489795918367347,True,True,23.55,26.45,0.2384516309261937,26.45,ACCESSIBLE,1.4378698224852071,0.6954732510288065,HIGH_MARGIN_ACCESSIBLE
4.959183673469388,3.9387755102040813,True,True,24.75,25.25,0.26403823815452865,25.25,ACCESSIBLE,1.2590673575129536,0.7942386831275718,HIGH_MARGIN_ACCESSIBLE
4.959183673469388,4.428571428571429,True,True,26.0,24.0,0.2878343727454426,24.0,ACCESSIBLE,1.119815668202765,0.8930041152263374,HIGH_MARGIN_ACCESSIBLE
4.959183673469388,4.918367346938775,True,True,27.200000000000003,22.799999999999997,0.3100018027324534,22.799999999999997,ACCESSIBLE,1.0082987551867222,0.9917695473251028,HIGH_MARGIN_ACCESSIBLE
4.959183673469388,5.408163265306122,True,True,28.5,21.5,0.33068848175085525,21.5,ACCESSIBLE,0.9169811320754718,1.0905349794238681,HIGH_MARGIN_ACCESSIBLE
4.959183673469388,5.8979591836734695,True,True,29.75,20.25,0.35003450033180233,20.25,ACCESSIBLE,0.8408304498269896,1.1893004115226338,HIGH_MARGIN_ACCESSIBLE
4.959183673469388,6.387755102040816,True,True,31.05,18.95,0.3681609137501335,18.95,ACCESSIBLE,0.7763578274760384,1.288065843621399,LOW_MARGIN_ACCESSIBLE
4.959183673469388,6.877551020408163,True,True,32.4,17.6,0.38517401586531785,17.6,ACCESSIBLE,0.7210682492581604,1.3868312757201644,LOW_MARGIN_ACCESSIBLE
4.959183673469388,7.36734693877551,True,True,33.75,16.25,0.4011782184014221,16.25,ACCESSIBLE,0.6731301939058172,1.4855967078189298,LOW_MARGIN_ACCESSIBLE
4.959183673469388,7.857142857142857,True,True,35.1,14.899999999999999,0.41625920612635964,14.899999999999999,ACCESSIBLE,0.6311688311688313,1.5843621399176953,LOW_MARGIN_ACCESSIBLE
4.959183673469388,8.346938775510203,True,True,36.45,13.549999999999997,0.43049392651335494,13.549999999999997,ACCESSIBLE,0.5941320293398534,1.6831275720164607,LOW_MARGIN_ACCESSIBLE
4.959183673469388,8.83673469387755,True,True,37.85,12.149999999999999,0.44395761931699806,12.149999999999999,ACCESSIBLE,0.561200923787529,1.781893004115226,LOW_MARGIN_ACCESSIBLE
4.959183673469388,9.326530612244898,True,True,39.25,10.75,0.45670787357457837,10.75,ACCESSIBLE,0.5317286652078775,1.8806584362139918,LOW_MARGIN_ACCESSIBLE
4.959183673469388,9.816326530612244,True,True,40.650000000000006,9.349999999999994,0.4688018043942332,9.349999999999994,ACCESSIBLE,0.5051975051975053,1.979423868312757,LOW_MARGIN_ACCESSIBLE
4.959183673469388,10.306122448979592,True,True,42.050000000000004,7.949999999999996,0.4802910237622068,7.949999999999996,ACCESSIBLE,0.4811881188118812,2.0781893004115224,LOW_MARGIN_ACCESSIBLE
4.959183673469388,10.795918367346939,True,True,43.45,6.549999999999997,0.49122300828566967,6.549999999999997,ACCESSIBLE,0.45935727788279773,2.176954732510288,LOW_MARGIN_ACCESSIBLE
4.959183673469388,11.285714285714285,True,True,44.85,5.149999999999999,0.5016354975397365,5.149999999999999,ACCESSIBLE,0.43942133815551543,2.2757201646090532,LOW_MARGIN_ACCESSIBLE
4.959183673469388,11.775510204081632,True,True,46.25,3.75,0.5115667031060028,3.75,ACCESSIBLE,0.4211438474870018,2.3744855967078187,NO_RECOVERY
4.959183673469388,12.26530612244898,True,True,47.7,2.299999999999997,0.5210506952690818,2.299999999999997,ACCESSIBLE,0.40432612312811983,2.473251028806584,NO_RECOVERY
4.959183673469388,12.755102040816325,True,True,49.1,0.8999999999999986,0.530117924507292,0.8999999999999986,ACCESSIBLE,0.3888000000000001,2.5720164609053495,NO_RECOVERY
4.959183673469388,13.244897959183673,True,False,50.5,-0.5,0.5387957355099227,-0.5,TIME_COLLAPSED,0.37442218798151006,2.670781893004115,LATE_RECOVERY
4.959183673469388,13.73469387755102,True,False,51.95,-1.9500000000000028,0.5471087357896005,-1.9500000000000028,TIME_COLLAPSED,0.36106983655274894,2.7695473251028804,LATE_RECOVERY
4.959183673469388,14.224489795918368,True,False,53.35,-3.3500000000000014,0.5550837927591067,-3.3500000000000014,TIME_COLLAPSED,0.3486370157819225,2.868312757201646,LATE_RECOVERY
4.959183673469388,14.714285714285714,True,False,54.800000000000004,-4.800000000000004,0.5627398791781528,-4.800000000000004,TIME_COLLAPSED,0.33703190013869627,2.9670781893004112,LATE_RECOVERY
4.959183673469388,15.204081632653061,True,False,56.25,-6.25,0.5700928682144246,-6.25,TIME_COLLAPSED,0.3261744966442953,3.0658436213991767,LATE_RECOVERY
4.959183673469388,15.693877551020408,True,False,57.650000000000006,-7.650000000000006,0.5771686851462866,-7.650000000000006,TIME_COLLAPSED,0.3159947984395319,3.164609053497942,LATE_RECOVERY
4.959183673469388,16.183673469387756,True,False,59.1,-9.100000000000001,0.5839751320486667,-9.100000000000001,TIME_COLLAPSED,0.3064312736443884,3.263374485596708,LATE_RECOVERY
4.959183673469388,16.6734693877551,True,False,60.550000000000004,-10.550000000000004,0.5905351516879752,-10.550000000000004,TIME_COLLAPSED,0.2974296205630355,3.362139917695473,LATE_RECOVERY
4.959183673469388,17.163265306122447,True,False,62.0,-12.0,0.5968549082031025,-12.0,TIME_COLLAPSED,0.2889417360285375,3.460905349794238,LATE_RECOVERY
4.959183673469388,17.653061224489797,True,False,63.400000000000006,-13.400000000000006,0.602955943709745,-13.400000000000006,TIME_COLLAPSED,0.2809248554913295,3.559670781893004,LATE_RECOVERY
4.959183673469388,18.142857142857142,True,False,64.85000000000001,-14.850000000000009,0.6088440628178974,-14.850000000000009,TIME_COLLAPSED,0.27334083239595053,3.658436213991769,LATE_RECOVERY
4.959183673469388,18.632653061224488,True,False,66.3,-16.299999999999997,0.6145302719659829,-16.299999999999997,TIME_COLLAPSED,0.26615553121577223,3.757201646090534,LATE_RECOVERY
4.959183673469388,19.122448979591837,True,False,67.75,-17.75,0.6200302745867935,-17.75,TIME_COLLAPSED,0.2593383137673426,3.8559670781893,LATE_RECOVERY
4.959183673469388,19.612244897959183,True,False,69.2,-19.200000000000003,0.6253500911846208,-19.200000000000003,TIME_COLLAPSED,0.2528616024973986,3.9547325102880655,LATE_RECOVERY
4.959183673469388,20.10204081632653,True,False,70.60000000000001,-20.60000000000001,0.6304980919898261,-20.60000000000001,TIME_COLLAPSED,0.24670050761421325,4.053497942386831,LATE_RECOVERY
4.959183673469388,20.591836734693878,True,False,72.05,-22.049999999999997,0.6354830877751378,-22.049999999999997,TIME_COLLAPSED,0.24083250743310208,4.152263374485597,LATE_RECOVERY
4.959183673469388,21.081632653061224,True,False,73.5,-23.5,0.6403132479881752,-23.5,TIME_COLLAPSED,0.2352371732817038,4.251028806584362,LATE_RECOVERY
4.959183673469388,21.57142857142857,True,False,74.95,-24.950000000000003,0.6449970717294266,-24.950000000000003,TIME_COLLAPSED,0.2298959318826869,4.349794238683127,LATE_RECOVERY
4.959183673469388,22.06122448979592,True,False,76.4,-26.400000000000006,0.6495415390016851,-26.400000000000006,TIME_COLLAPSED,0.22479185938945423,4.448559670781893,LATE_RECOVERY
4.959183673469388,22.551020408163264,True,False,77.85000000000001,-27.85000000000001,0.6539518261097976,-27.85000000000001,TIME_COLLAPSED,0.21990950226244346,4.547325102880658,LATE_RECOVERY
4.959183673469388,23.04081632653061,True,False,79.30000000000001,-29.30000000000001,0.6582340867729155,-29.30000000000001,TIME_COLLAPSED,0.2152347209920284,4.6460905349794235,LATE_RECOVERY
4.959183673469388,23.53061224489796,False,False,,-inf,0.6623940661247883,,TIME_COLLAPSED,0.21075455333911536,4.744855967078189,NO_RECOVERY
4.959183673469388,24.020408163265305,False,False,,-inf,0.6664371347496684,,TIME_COLLAPSED,0.20645709430756162,4.843621399176954,NO_RECOVERY
4.959183673469388,24.51020408163265,False,False,,-inf,0.6703683194042509,,TIME_COLLAPSED,0.2023313905079101,4.942386831275719,NO_RECOVERY
4.959183673469388,25.0,False,False,,-inf,0.6741923308188545,,TIME_COLLAPSED,0.19836734693877553,5.041152263374485,NO_RECOVERY
5.1938775510204085,1.0,True,True,15.8,34.2,0.07548872509468862,34.2,ACCESSIBLE,5.1938775510204085,0.19253438113948917,HIGH_MARGIN_ACCESSIBLE
5.1938775510204085,1.489795918367347,True,True,18.25,31.75,0.11037636423761071,31.75,ACCESSIBLE,3.4863013698630136,0.2868369351669941,HIGH_MARGIN_ACCESSIBLE
5.1938775510204085,1.9795918367346939,True,True,19.900000000000002,30.099999999999998,0.14331327738734498,30.099999999999998,ACCESSIBLE,2.6237113402061856,0.38113948919449897,HIGH_MARGIN_ACCESSIBLE
5.1938775510204085,2.4693877551020407,True,True,21.3,28.7,0.1741717350570436,28.7,ACCESSIBLE,2.1033057851239674,0.4754420432220039,HIGH_MARGIN_ACCESSIBLE
5.1938775510204085,2.9591836734693877,True,True,22.6,27.4,0.20296417270738284,27.4,ACCESSIBLE,1.7551724137931035,0.5697445972495088,HIGH_MARGIN_ACCESSIBLE
5.1938775510204085,3.4489795918367347,True,True,23.8,26.2,0.2297885803348457,26.2,ACCESSIBLE,1.5059171597633136,0.6640471512770137,HIGH_MARGIN_ACCESSIBLE
5.1938775510204085,3.9387755102040813,True,True,25.0,25.0,0.2547770832989464,25.0,ACCESSIBLE,1.3186528497409329,0.7583497053045185,HIGH_MARGIN_ACCESSIBLE
5.1938775510204085,4.428571428571429,True,True,26.200000000000003,23.799999999999997,0.27807186123908895,23.799999999999997,ACCESSIBLE,1.172811059907834,0.8526522593320236,HIGH_MARGIN_ACCESSIBLE
5.1938775510204085,4.918367346938775,True,True,27.450000000000003,22.549999999999997,0.29981640349135114,22.549999999999997,ACCESSIBLE,1.0560165975103735,0.9469548133595284,HIGH_MARGIN_ACCESSIBLE
5.1938775510204085,5.408163265306122,True,True,28.700000000000003,21.299999999999997,0.32015096762606426,21.299999999999997,ACCESSIBLE,0.9603773584905662,1.0412573673870333,HIGH_MARGIN_ACCESSIBLE
5.1938775510204085,5.8979591836734695,True,True,29.950000000000003,20.049999999999997,0.3391970230337012,20.049999999999997,ACCESSIBLE,0.8806228373702423,1.1355599214145382,HIGH_MARGIN_ACCESSIBLE
5.1938775510204085,6.387755102040816,True,True,31.25,18.75,0.3570698037089244,18.75,ACCESSIBLE,0.8130990415335464,1.229862475442043,LOW_MARGIN_ACCESSIBLE
5.1938775510204085,6.877551020408163,True,True,32.550000000000004,17.449999999999996,0.37387195220310393,17.449999999999996,ACCESSIBLE,0.7551928783382791,1.324165029469548,LOW_MARGIN_ACCESSIBLE
5.1938775510204085,7.36734693877551,True,True,33.9,16.1,0.3896986286705103,16.1,ACCESSIBLE,0.7049861495844876,1.418467583497053,LOW_MARGIN_ACCESSIBLE
5.1938775510204085,7.857142857142857,True,True,35.25,14.75,0.40463107125231645,14.75,ACCESSIBLE,0.6610389610389611,1.5127701375245577,LOW_MARGIN_ACCESSIBLE
5.1938775510204085,8.346938775510203,True,True,36.6,13.399999999999999,0.41874290809251075,13.399999999999999,ACCESSIBLE,0.6222493887530564,1.6070726915520626,LOW_MARGIN_ACCESSIBLE
5.1938775510204085,8.83673469387755,True,True,37.95,12.049999999999997,0.43210082607963085,12.049999999999997,ACCESSIBLE,0.5877598152424943,1.7013752455795677,LOW_MARGIN_ACCESSIBLE
5.1938775510204085,9.326530612244898,True,True,39.35,10.649999999999999,0.4447649711793295,10.649999999999999,ACCESSIBLE,0.5568927789934355,1.7956777996070727,LOW_MARGIN_ACCESSIBLE
5.1938775510204085,9.816326530612244,True,True,40.75,9.25,0.45679273050818964,9.25,ACCESSIBLE,0.5291060291060292,1.8899803536345774,LOW_MARGIN_ACCESSIBLE
5.1938775510204085,10.306122448979592,True,True,42.150000000000006,7.849999999999994,0.4682250945809973,7.849999999999994,ACCESSIBLE,0.503960396039604,1.9842829076620823,LOW_MARGIN_ACCESSIBLE
5.1938775510204085,10.795918367346939,True,True,43.550000000000004,6.449999999999996,0.47911427729045575,6.449999999999996,ACCESSIBLE,0.4810964083175804,2.0785854616895874,LOW_MARGIN_ACCESSIBLE
5.1938775510204085,11.285714285714285,True,True,44.95,5.049999999999997,0.4894941327278083,5.049999999999997,ACCESSIBLE,0.4602169981916818,2.172888015717092,LOW_MARGIN_ACCESSIBLE
5.1938775510204085,11.775510204081632,True,True,46.35,3.6499999999999986,0.4994011099511288,3.6499999999999986,ACCESSIBLE,0.44107452339688047,2.267190569744597,NO_RECOVERY
5.1938775510204085,12.26530612244898,True,True,47.75,2.25,0.5088686320216526,2.25,ACCESSIBLE,0.42346089850249585,2.361493123772102,NO_RECOVERY
5.1938775510204085,12.755102040816325,True,True,49.150000000000006,0.8499999999999943,0.5179266902602044,0.8499999999999943,ACCESSIBLE,0.40720000000000006,2.455795677799607,NO_RECOVERY
5.1938775510204085,13.244897959183673,True,False,50.6,-0.6000000000000014,0.5266022317671687,-0.6000000000000014,TIME_COLLAPSED,0.3921417565485363,2.5500982318271115,LATE_RECOVERY
5.1938775510204085,13.73469387755102,True,False,52.0,-2.0,0.5349194597751828,-2.0,TIME_COLLAPSED,0.3781575037147103,2.6444007858546166,LATE_RECOVERY
5.1938775510204085,14.224489795918368,True,False,53.45,-3.450000000000003,0.5429002566790836,-3.450000000000003,TIME_COLLAPSED,0.3651362984218078,2.7387033398821217,LATE_RECOVERY
5.1938775510204085,14.714285714285714,True,False,54.85,-4.850000000000001,0.5505645699686791,-4.850000000000001,TIME_COLLAPSED,0.3529819694868239,2.8330058939096263,LATE_RECOVERY
5.1938775510204085,15.204081632653061,True,False,56.300000000000004,-6.300000000000004,0.5579354491539255,-6.300000000000004,TIME_COLLAPSED,0.3416107382550336,2.9273084479371314,LATE_RECOVERY
5.1938775510204085,15.693877551020408,True,False,57.7,-7.700000000000003,0.5650270938632913,-7.700000000000003,TIME_COLLAPSED,0.33094928478543567,3.0216110019646365,LATE_RECOVERY
5.1938775510204085,16.183673469387756,True,False,59.150000000000006,-9.150000000000006,0.571853628571255,-9.150000000000006,TIME_COLLAPSED,0.3209331651954603,3.1159135559921416,LATE_RECOVERY
5.1938775510204085,16.6734693877551,True,False,60.550000000000004,-10.550000000000004,0.578436531944955,-10.550000000000004,TIME_COLLAPSED,0.3115055079559364,3.2102161100196462,LATE_RECOVERY
5.1938775510204085,17.163265306122447,True,False,62.0,-12.0,0.5847812605809918,-12.0,TIME_COLLAPSED,0.30261593341260407,3.304518664047151,LATE_RECOVERY
5.1938775510204085,17.653061224489797,True,False,63.45,-13.450000000000003,0.5909088017292148,-13.450000000000003,TIME_COLLAPSED,0.29421965317919074,3.398821218074656,LATE_RECOVERY
5.1938775510204085,18.142857142857142,True,False,64.85000000000001,-14.850000000000009,0.5968242892299278,-14.850000000000009,TIME_COLLAPSED,0.2862767154105737,3.4931237721021606,LATE_RECOVERY
5.1938775510204085,18.632653061224488,True,False,66.3,-16.299999999999997,0.6025414366999721,-16.299999999999997,TIME_COLLAPSED,0.27875136911281495,3.5874263261296653,LATE_RECOVERY
5.1938775510204085,19.122448979591837,True,False,67.75,-17.75,0.6080722008322317,-17.75,TIME_COLLAPSED,0.27161152614727857,3.681728880157171,LATE_RECOVERY
5.1938775510204085,19.612244897959183,True,False,69.2,-19.200000000000003,0.6134222809912868,-19.200000000000003,TIME_COLLAPSED,0.2648283038501561,3.7760314341846755,LATE_RECOVERY
5.1938775510204085,20.10204081632653,True,False,70.60000000000001,-20.60000000000001,0.6186011531613962,-20.60000000000001,TIME_COLLAPSED,0.2583756345177665,3.87033398821218,LATE_RECOVERY
5.1938775510204085,20.591836734693878,True,False,72.05,-22.049999999999997,0.6236220175269301,-22.049999999999997,TIME_COLLAPSED,0.2522299306243806,3.9646365422396856,LATE_RECOVERY
5.1938775510204085,21.081632653061224,True,False,73.5,-23.5,0.6284879559581521,-23.5,TIME_COLLAPSED,0.2463697967086157,4.05893909626719,LATE_RECOVERY
5.1938775510204085,21.57142857142857,True,False,74.95,-24.950000000000003,0.6332065514062111,-24.950000000000003,TIME_COLLAPSED,0.2407757805108799,4.153241650294695,LATE_RECOVERY
5.1938775510204085,22.06122448979592,True,False,76.4,-26.400000000000006,0.6377848700084439,-26.400000000000006,TIME_COLLAPSED,0.23543015726179464,4.2475442043222005,LATE_RECOVERY
5.1938775510204085,22.551020408163264,True,False,77.85000000000001,-27.85000000000001,0.642229493286754,-27.85000000000001,TIME_COLLAPSED,0.23031674208144798,4.341846758349705,LATE_RECOVERY
5.1938775510204085,23.04081632653061,True,False,79.25,-29.25,0.6465465837941151,-29.25,TIME_COLLAPSED,0.22542072630646592,4.43614931237721,LATE_RECOVERY
5.1938775510204085,23.53061224489796,False,False,,-inf,0.6507418225383014,,TIME_COLLAPSED,0.2207285342584562,4.530451866404715,NO_RECOVERY
5.1938775510204085,24.020408163265305,False,False,,-inf,0.6548209147855992,,TIME_COLLAPSED,0.21622769753610876,4.62475442043222,NO_RECOVERY
5.1938775510204085,24.51020408163265,False,False,,-inf,0.6587885628775343,,TIME_COLLAPSED,0.21190674437968363,4.719056974459725,NO_RECOVERY
5.1938775510204085,25.0,False,False,,-inf,0.6626490652742147,,TIME_COLLAPSED,0.20775510204081635,4.813359528487229,NO_RECOVERY
5.428571428571429,1.0,True,True,15.75,34.25,0.07232519219713737,34.25,ACCESSIBLE,5.428571428571429,0.18421052631578946,HIGH_MARGIN_ACCESSIBLE
5.428571428571429,1.489795918367347,True,True,18.35,31.65,0.10589275625640701,31.65,ACCESSIBLE,3.643835616438356,0.2744360902255639,HIGH_MARGIN_ACCESSIBLE
5.428571428571429,1.9795918367346939,True,True,20.05,29.95,0.13769392981920467,29.95,ACCESSIBLE,2.7422680412371134,0.3646616541353383,HIGH_MARGIN_ACCESSIBLE
5.428571428571429,2.4693877551020407,True,True,21.5,28.5,0.16758571178340975,28.5,ACCESSIBLE,2.1983471074380168,0.45488721804511273,HIGH_MARGIN_ACCESSIBLE
5.428571428571429,2.9591836734693877,True,True,22.8,27.2,0.19556278163132146,27.2,ACCESSIBLE,1.8344827586206898,0.5451127819548872,HIGH_MARGIN_ACCESSIBLE
5.428571428571429,3.4489795918367347,True,True,24.05,25.95,0.22169537360849198,25.95,ACCESSIBLE,1.5739644970414202,0.6353383458646616,HIGH_MARGIN_ACCESSIBLE
5.428571428571429,3.9387755102040813,True,True,25.25,24.75,0.24609696521044544,24.75,ACCESSIBLE,1.3782383419689122,0.725563909774436,HIGH_MARGIN_ACCESSIBLE
5.428571428571429,4.428571428571429,True,True,26.450000000000003,23.549999999999997,0.2688948389977468,23.549999999999997,ACCESSIBLE,1.2258064516129032,0.8157894736842105,HIGH_MARGIN_ACCESSIBLE
5.428571428571429,4.918367346938775,True,True,27.650000000000002,22.349999999999998,0.2902183675438077,22.349999999999998,ACCESSIBLE,1.103734439834025,0.9060150375939849,HIGH_MARGIN_ACCESSIBLE
5.428571428571429,5.408163265306122,True,True,28.900000000000002,21.099999999999998,0.3101901485564391,21.099999999999998,ACCESSIBLE,1.0037735849056606,0.9962406015037593,HIGH_MARGIN_ACCESSIBLE
5.428571428571429,5.8979591836734695,True,True,30.150000000000002,19.849999999999998,0.3289302677358715,19.849999999999998,ACCESSIBLE,0.9204152249134948,1.086466165413534,LOW_MARGIN_ACCESSIBLE
5.428571428571429,6.387755102040816,True,True,31.450000000000003,18.549999999999997,0.34654136900892507,18.549999999999997,ACCESSIBLE,0.8498402555910544,1.1766917293233081,LOW_MARGIN_ACCESSIBLE
5.428571428571429,6.877551020408163,True,True,32.75,17.25,0.36312219506412863,17.25,ACCESSIBLE,0.7893175074183977,1.2669172932330826,LOW_MARGIN_ACCESSIBLE
5.428571428571429,7.36734693877551,True,True,34.050000000000004,15.949999999999996,0.3787580961381082,15.949999999999996,ACCESSIBLE,0.736842105263158,1.357142857142857,LOW_MARGIN_ACCESSIBLE
5.428571428571429,7.857142857142857,True,True,35.4,14.600000000000001,0.39352792232642225,14.600000000000001,ACCESSIBLE,0.690909090909091,1.4473684210526314,LOW_MARGIN_ACCESSIBLE
5.428571428571429,8.346938775510203,True,True,36.75,13.25,0.40750131091061564,13.25,ACCESSIBLE,0.6503667481662593,1.5375939849624058,LOW_MARGIN_ACCESSIBLE
5.428571428571429,8.83673469387755,True,True,38.1,11.899999999999999,0.42074289245719015,11.899999999999999,ACCESSIBLE,0.6143187066974596,1.6278195488721803,LOW_MARGIN_ACCESSIBLE
5.428571428571429,9.326530612244898,True,True,39.45,10.549999999999997,0.43330938976365413,10.549999999999997,ACCESSIBLE,0.5820568927789934,1.718045112781955,LOW_MARGIN_ACCESSIBLE
5.428571428571429,9.816326530612244,True,True,40.85,9.149999999999999,0.44525071195558696,9.149999999999999,ACCESSIBLE,0.553014553014553,1.8082706766917291,LOW_MARGIN_ACCESSIBLE
5.428571428571429,10.306122448979592,True,True,42.25,7.75,0.45661653008692876,7.75,ACCESSIBLE,0.5267326732673268,1.8984962406015036,LOW_MARGIN_ACCESSIBLE
5.428571428571429,10.795918367346939,True,True,43.650000000000006,6.349999999999994,0.4674457890082792,6.349999999999994,ACCESSIBLE,0.502835538752363,1.9887218045112782,LOW_MARGIN_ACCESSIBLE
5.428571428571429,11.285714285714285,True,True,45.050000000000004,4.949999999999996,0.4777793456690562,4.949999999999996,ACCESSIBLE,0.48101265822784817,2.078947368421052,NO_RECOVERY
5.428571428571429,11.775510204081632,True,True,46.45,3.549999999999997,0.4876482682536026,3.549999999999997,ACCESSIBLE,0.46100519930675915,2.169172932330827,NO_RECOVERY
5.428571428571429,12.26530612244898,True,True,47.85,2.1499999999999986,0.49708538242167616,2.1499999999999986,ACCESSIBLE,0.4425956738768719,2.2593984962406015,NO_RECOVERY
5.428571428571429,12.755102040816325,True,True,49.25,0.75,0.5061208982689012,0.75,ACCESSIBLE,0.42560000000000003,2.3496240601503757,NO_RECOVERY
5.428571428571429,13.244897959183673,True,False,50.650000000000006,-0.6500000000000057,0.5147799115565547,-0.6500000000000057,TIME_COLLAPSED,0.40986132511556245,2.43984962406015,LATE_RECOVERY
5.428571428571429,13.73469387755102,True,False,52.050000000000004,-2.0500000000000043,0.5230857817971036,-2.0500000000000043,TIME_COLLAPSED,0.39524517087667166,2.5300751879699246,LATE_RECOVERY
5.428571428571429,14.224489795918368,True,False,53.5,-3.5,0.5310621799467976,-3.5,TIME_COLLAPSED,0.381635581061693,2.6203007518796992,LATE_RECOVERY
5.428571428571429,14.714285714285714,True,False,54.900000000000006,-4.900000000000006,0.5387277420864074,-4.900000000000006,TIME_COLLAPSED,0.3689320388349515,2.7105263157894735,LATE_RECOVERY
5.428571428571429,15.204081632653061,True,False,56.35,-6.350000000000001,0.5461001841360542,-6.350000000000001,TIME_COLLAPSED,0.35704697986577183,2.800751879699248,LATE_RECOVERY
5.428571428571429,15.693877551020408,True,False,57.75,-7.75,0.5531957941145323,-7.75,TIME_COLLAPSED,0.3459037711313394,2.8909774436090223,LATE_RECOVERY
5.428571428571429,16.183673469387756,True,False,59.2,-9.200000000000003,0.5600341289814706,-9.200000000000003,TIME_COLLAPSED,0.3354350567465322,2.981203007518797,LATE_RECOVERY
5.428571428571429,16.6734693877551,True,False,60.6,-10.600000000000001,0.5666269783266614,-10.600000000000001,TIME_COLLAPSED,0.32558139534883723,3.071428571428571,LATE_RECOVERY
5.428571428571429,17.163265306122447,True,False,62.050000000000004,-12.050000000000004,0.5729866109460987,-12.050000000000004,TIME_COLLAPSED,0.3162901307966707,3.1616541353383454,LATE_RECOVERY
5.428571428571429,17.653061224489797,True,False,63.45,-13.450000000000003,0.5791297111479881,-13.450000000000003,TIME_COLLAPSED,0.30751445086705204,3.2518796992481205,LATE_RECOVERY
5.428571428571429,18.142857142857142,True,False,64.9,-14.900000000000006,0.5850627950738683,-14.900000000000006,TIME_COLLAPSED,0.2992125984251969,3.3421052631578947,LATE_RECOVERY
5.428571428571429,18.632653061224488,True,False,66.35000000000001,-16.35000000000001,0.5908008358474556,-16.35000000000001,TIME_COLLAPSED,0.29134720700985767,3.432330827067669,LATE_RECOVERY
5.428571428571429,19.122448979591837,True,False,67.75,-17.75,0.5963516167441626,-17.75,TIME_COLLAPSED,0.2838847385272145,3.5225563909774436,LATE_RECOVERY
5.428571428571429,19.612244897959183,True,False,69.2,-19.200000000000003,0.6017225782785178,-19.200000000000003,TIME_COLLAPSED,0.27679500520291367,3.6127819548872178,LATE_RECOVERY
5.428571428571429,20.10204081632653,True,False,70.65,-20.650000000000006,0.6069288246927381,-20.650000000000006,TIME_COLLAPSED,0.27005076142131984,3.703007518796992,LATE_RECOVERY
5.428571428571429,20.591836734693878,True,False,72.05,-22.049999999999997,0.6119726639954759,-22.049999999999997,TIME_COLLAPSED,0.26362735381565905,3.7932330827067666,LATE_RECOVERY
5.428571428571429,21.081632653061224,True,False,73.5,-23.5,0.6168622395712665,-23.5,TIME_COLLAPSED,0.2575024201355276,3.883458646616541,LATE_RECOVERY
5.428571428571429,21.57142857142857,True,False,74.95,-24.950000000000003,0.6216063068472596,-24.950000000000003,TIME_COLLAPSED,0.25165562913907286,3.973684210526315,LATE_RECOVERY
5.428571428571429,22.06122448979592,True,False,76.35000000000001,-26.35000000000001,0.6262129108636438,-26.35000000000001,TIME_COLLAPSED,0.24606845513413506,4.06390977443609,LATE_RECOVERY
5.428571428571429,22.551020408163264,True,False,77.80000000000001,-27.80000000000001,0.6306859077228283,-27.80000000000001,TIME_COLLAPSED,0.24072398190045252,4.154135338345864,LATE_RECOVERY
5.428571428571429,23.04081632653061,True,False,79.25,-29.25,0.6350314041192283,-29.25,TIME_COLLAPSED,0.23560673162090348,4.244360902255639,LATE_RECOVERY
5.428571428571429,23.53061224489796,False,False,,-inf,0.6392551409318402,,TIME_COLLAPSED,0.23070251517779705,4.334586466165414,NO_RECOVERY
5.428571428571429,24.020408163265305,False,False,,-inf,0.6433624874838505,,TIME_COLLAPSED,0.22599830076465593,4.424812030075188,NO_RECOVERY
5.428571428571429,24.51020408163265,False,False,,-inf,0.6473584715236421,,TIME_COLLAPSED,0.22148209825145715,4.515037593984962,NO_RECOVERY
5.428571428571429,25.0,False,False,,-inf,0.6512478063852889,,TIME_COLLAPSED,0.21714285714285717,4.605263157894736,NO_RECOVERY
5.663265306122449,1.0,True,True,15.65,34.35,0.06941306316821425,34.35,ACCESSIBLE,5.663265306122449,0.17657657657657658,HIGH_MARGIN_ACCESSIBLE
5.663265306122449,1.489795918367347,True,True,18.400000000000002,31.599999999999998,0.1017514265874464,31.599999999999998,ACCESSIBLE,3.8013698630136985,0.2630630630630631,HIGH_MARGIN_ACCESSIBLE
5.663265306122449,1.9795918367346939,True,True,20.25,29.75,0.13248456134437075,29.75,ACCESSIBLE,2.8608247422680413,0.34954954954954953,HIGH_MARGIN_ACCESSIBLE
5.663265306122449,2.4693877551020407,True,True,21.700000000000003,28.299999999999997,0.16146041348603804,28.299999999999997,ACCESSIBLE,2.293388429752066,0.436036036036036,HIGH_MARGIN_ACCESSIBLE
5.663265306122449,2.9591836734693877,True,True,23.05,26.95,0.1886530521378876,26.95,ACCESSIBLE,1.913793103448276,0.5225225225225225,HIGH_MARGIN_ACCESSIBLE
5.663265306122449,3.4489795918367347,True,True,24.25,25.75,0.2141179104727151,25.75,ACCESSIBLE,1.6420118343195267,0.609009009009009,HIGH_MARGIN_ACCESSIBLE
5.663265306122449,3.9387755102040813,True,True,25.5,24.5,0.23794714353748214,24.5,ACCESSIBLE,1.4378238341968914,0.6954954954954954,HIGH_MARGIN_ACCESSIBLE
5.663265306122449,4.428571428571429,True,True,26.700000000000003,23.299999999999997,0.2602550892175589,23.299999999999997,ACCESSIBLE,1.2788018433179724,0.781981981981982,HIGH_MARGIN_ACCESSIBLE
5.663265306122449,4.918367346938775,True,True,27.900000000000002,22.099999999999998,0.28115813352970903,22.099999999999998,ACCESSIBLE,1.1514522821576765,0.8684684684684685,HIGH_MARGIN_ACCESSIBLE
5.663265306122449,5.408163265306122,True,True,29.1,20.9,0.30077046241259453,20.9,ACCESSIBLE,1.0471698113207548,0.9549549549549549,HIGH_MARGIN_ACCESSIBLE
5.663265306122449,5.8979591836734695,True,True,30.35,19.65,0.3191982532501184,19.65,ACCESSIBLE,0.9602076124567475,1.0414414414414415,LOW_MARGIN_ACCESSIBLE
5.663265306122449,6.387755102040816,True,True,31.650000000000002,18.349999999999998,0.3365408911617175,18.349999999999998,ACCESSIBLE,0.8865814696485623,1.127927927927928,LOW_MARGIN_ACCESSIBLE
5.663265306122449,6.877551020408163,True,True,32.9,17.1,0.3528898730381526,17.1,ACCESSIBLE,0.8234421364985164,1.2144144144144142,LOW_MARGIN_ACCESSIBLE
5.663265306122449,7.36734693877551,True,True,34.25,15.75,0.3683251515175915,15.75,ACCESSIBLE,0.7686980609418282,1.300900900900901,LOW_MARGIN_ACCESSIBLE
5.663265306122449,7.857142857142857,True,True,35.550000000000004,14.449999999999996,0.3829215385769521,14.449999999999996,ACCESSIBLE,0.7207792207792209,1.3873873873873872,LOW_MARGIN_ACCESSIBLE
5.663265306122449,8.346938775510203,True,True,36.9,13.100000000000001,0.39674438475328977,13.100000000000001,ACCESSIBLE,0.6784841075794622,1.4738738738738737,LOW_MARGIN_ACCESSIBLE
5.663265306122449,8.83673469387755,True,True,38.25,11.75,0.40985723712780114,11.75,ACCESSIBLE,0.640877598152425,1.5603603603603602,LOW_MARGIN_ACCESSIBLE
5.663265306122449,9.326530612244898,True,True,39.6,10.399999999999999,0.4223122767735627,10.399999999999999,ACCESSIBLE,0.6072210065645515,1.646846846846847,LOW_MARGIN_ACCESSIBLE
5.663265306122449,9.816326530612244,True,True,40.95,9.049999999999997,0.43416099071629644,9.049999999999997,ACCESSIBLE,0.576923076923077,1.7333333333333332,LOW_MARGIN_ACCESSIBLE
5.663265306122449,10.306122448979592,True,True,42.35,7.649999999999999,0.4454453340503462,7.649999999999999,ACCESSIBLE,0.5495049504950495,1.8198198198198197,LOW_MARGIN_ACCESSIBLE
5.663265306122449,10.795918367346939,True,True,43.75,6.25,0.4562034051257894,6.25,ACCESSIBLE,0.5245746691871456,1.9063063063063064,LOW_MARGIN_ACCESSIBLE
5.663265306122449,11.285714285714285,True,True,45.1,4.899999999999999,0.46647930009098426,4.899999999999999,ACCESSIBLE,0.5018083182640145,1.9927927927927926,NO_RECOVERY
5.663265306122449,11.775510204081632,True,True,46.5,3.5,0.4762986303011206,3.5,ACCESSIBLE,0.48093587521663783,2.079279279279279,NO_RECOVERY
5.663265306122449,12.26530612244898,True,True,47.900000000000006,2.0999999999999943,0.48569488015110995,2.0999999999999943,ACCESSIBLE,0.46173044925124795,2.165765765765766,NO_RECOVERY
5.663265306122449,12.755102040816325,True,True,49.300000000000004,0.6999999999999957,0.4946976603038167,0.6999999999999957,ACCESSIBLE,0.44400000000000006,2.252252252252252,NO_RECOVERY
5.663265306122449,13.244897959183673,True,False,50.75,-0.75,0.5033295593146612,-0.75,TIME_COLLAPSED,0.4275808936825886,2.3387387387387384,LATE_RECOVERY
5.663265306122449,13.73469387755102,True,False,52.150000000000006,-2.1500000000000057,0.511614194695891,-2.1500000000000057,TIME_COLLAPSED,0.412332838038633,2.4252252252252253,LATE_RECOVERY
5.663265306122449,14.224489795918368,True,False,53.550000000000004,-3.5500000000000043,0.5195729396384248,-3.5500000000000043,TIME_COLLAPSED,0.3981348637015782,2.511711711711712,LATE_RECOVERY
5.663265306122449,14.714285714285714,True,False,54.95,-4.950000000000003,0.5272251022147184,-4.950000000000003,TIME_COLLAPSED,0.3848821081830791,2.598198198198198,LATE_RECOVERY
5.663265306122449,15.204081632653061,True,False,56.400000000000006,-6.400000000000006,0.5345883313481261,-6.400000000000006,TIME_COLLAPSED,0.3724832214765101,2.6846846846846844,LATE_RECOVERY
5.663265306122449,15.693877551020408,True,False,57.800000000000004,-7.800000000000004,0.5416824532045307,-7.800000000000004,TIME_COLLAPSED,0.36085825747724315,2.7711711711711713,LATE_RECOVERY
5.663265306122449,16.183673469387756,True,False,59.2,-9.200000000000003,0.5485198157474936,-9.200000000000003,TIME_COLLAPSED,0.349936948297604,2.857657657657658,LATE_RECOVERY
5.663265306122449,16.6734693877551,True,False,60.650000000000006,-10.650000000000006,0.5551132961598205,-10.650000000000006,TIME_COLLAPSED,0.33965728274173806,2.944144144144144,LATE_RECOVERY
5.663265306122449,17.163265306122447,True,False,62.050000000000004,-12.050000000000004,0.5614790106808129,-12.050000000000004,TIME_COLLAPSED,0.32996432818073723,3.0306306306306303,LATE_RECOVERY
5.663265306122449,17.653061224489797,True,False,63.5,-13.5,0.567628218820055,-13.5,TIME_COLLAPSED,0.3208092485549133,3.1171171171171173,LATE_RECOVERY
5.663265306122449,18.142857142857142,True,False,64.9,-14.900000000000006,0.5735703264995959,-14.900000000000006,TIME_COLLAPSED,0.31214848143982005,3.2036036036036033,LATE_RECOVERY
5.663265306122449,18.632653061224488,True,False,66.35000000000001,-16.35000000000001,0.5793196651092348,-16.35000000000001,TIME_COLLAPSED,0.3039430449069004,3.29009009009009,LATE_RECOVERY
5.663265306122449,19.122448979591837,True,False,67.75,-17.75,0.5848820997384042,-17.75,TIME_COLLAPSED,0.29615795090715047,3.3765765765765767,LATE_RECOVERY
5.663265306122449,19.612244897959183,True,False,69.2,-19.200000000000003,0.5902693147120619,-19.200000000000003,TIME_COLLAPSED,0.2887617065556712,3.4630630630630628,LATE_RECOVERY
5.663265306122449,20.10204081632653,True,False,70.65,-20.650000000000006,0.5954896124561743,-20.650000000000006,TIME_COLLAPSED,0.2817258883248731,3.5495495495495493,LATE_RECOVERY
5.663265306122449,20.591836734693878,True,False,72.05,-22.049999999999997,0.6005483429282895,-22.049999999999997,TIME_COLLAPSED,0.27502477700693756,3.636036036036036,LATE_RECOVERY
5.663265306122449,21.081632653061224,True,False,73.5,-23.5,0.6054574724350553,-23.5,TIME_COLLAPSED,0.2686350435624395,3.7225225225225222,LATE_RECOVERY
5.663265306122449,21.57142857142857,True,False,74.95,-24.950000000000003,0.6102213611925965,-24.950000000000003,TIME_COLLAPSED,0.2625354777672659,3.8090090090090087,LATE_RECOVERY
5.663265306122449,22.06122448979592,True,False,76.35000000000001,-26.35000000000001,0.6148457271822463,-26.35000000000001,TIME_COLLAPSED,0.2567067530064755,3.8954954954954952,LATE_RECOVERY
5.663265306122449,22.551020408163264,True,False,77.80000000000001,-27.80000000000001,0.6193371258264652,-27.80000000000001,TIME_COLLAPSED,0.251131221719457,3.9819819819819817,LATE_RECOVERY
5.663265306122449,23.04081632653061,True,False,79.25,-29.25,0.6237041815528627,-29.25,TIME_COLLAPSED,0.24579273693534104,4.068468468468468,LATE_RECOVERY
5.663265306122449,23.53061224489796,False,False,,-inf,0.6279502487482281,,TIME_COLLAPSED,0.2406764960971379,4.154954954954955,NO_RECOVERY
5.663265306122449,24.020408163265305,False,False,,-inf,0.6320800809158087,,TIME_COLLAPSED,0.23576890399320308,4.241441441441441,NO_RECOVERY
5.663265306122449,24.51020408163265,False,False,,-inf,0.6360987087078621,,TIME_COLLAPSED,0.23105745212323067,4.327927927927927,NO_RECOVERY
5.663265306122449,25.0,False,False,,-inf,0.6400108495090506,,TIME_COLLAPSED,0.22653061224489796,4.414414414414415,NO_RECOVERY
5.8979591836734695,1.0,True,True,15.55,34.45,0.06672380793609588,34.45,ACCESSIBLE,5.8979591836734695,0.1695501730103806,HIGH_MARGIN_ACCESSIBLE
5.8979591836734695,1.489795918367347,True,True,18.5,31.5,0.09791529479624382,31.5,ACCESSIBLE,3.958904109589041,0.2525951557093426,HIGH_MARGIN_ACCESSIBLE
5.8979591836734695,1.9795918367346939,True,True,20.400000000000002,29.599999999999998,0.12764302987684137,29.599999999999998,ACCESSIBLE,2.979381443298969,0.3356401384083045,HIGH_MARGIN_ACCESSIBLE
5.8979591836734695,2.4693877551020407,True,True,21.900000000000002,28.099999999999998,0.15574986686814102,28.099999999999998,ACCESSIBLE,2.388429752066116,0.4186851211072664,HIGH_MARGIN_ACCESSIBLE
5.8979591836734695,2.9591836734693877,True,True,23.25,26.75,0.182192905142361,26.75,ACCESSIBLE,1.993103448275862,0.5017301038062284,HIGH_MARGIN_ACCESSIBLE
5.8979591836734695,3.4489795918367347,True,True,24.5,25.5,0.20701016839459657,25.5,ACCESSIBLE,1.7100591715976332,0.5847750865051903,HIGH_MARGIN_ACCESSIBLE
5.8979591836734695,3.9387755102040813,True,True,25.700000000000003,24.299999999999997,0.23028266525181107,24.299999999999997,ACCESSIBLE,1.4974093264248707,0.6678200692041522,HIGH_MARGIN_ACCESSIBLE
5.8979591836734695,4.428571428571429,True,True,26.950000000000003,23.049999999999997,0.25210955308551464,23.049999999999997,ACCESSIBLE,1.3317972350230414,0.7508650519031143,HIGH_MARGIN_ACCESSIBLE
5.8979591836734695,4.918367346938775,True,True,28.150000000000002,21.849999999999998,0.27259532023555905,21.849999999999998,ACCESSIBLE,1.1991701244813278,0.8339100346020761,HIGH_MARGIN_ACCESSIBLE
5.8979591836734695,5.408163265306122,True,True,29.35,20.65,0.2918473375953202,20.65,ACCESSIBLE,1.0905660377358493,0.916955017301038,HIGH_MARGIN_ACCESSIBLE
5.8979591836734695,5.8979591836734695,True,True,30.6,19.4,0.30996225416810896,19.4,ACCESSIBLE,1.0,1.0,LOW_MARGIN_ACCESSIBLE
5.8979591836734695,6.387755102040816,True,True,31.85,18.15,0.327032802206622,18.15,ACCESSIBLE,0.9233226837060703,1.0830449826989619,LOW_MARGIN_ACCESSIBLE
5.8979591836734695,6.877551020408163,True,True,33.1,16.9,0.34314336297250503,16.9,ACCESSIBLE,0.8575667655786351,1.1660899653979238,LOW_MARGIN_ACCESSIBLE
5.8979591836734695,7.36734693877551,True,True,34.4,15.600000000000001,0.3583709955752241,15.600000000000001,ACCESSIBLE,0.8005540166204986,1.2491349480968859,LOW_MARGIN_ACCESSIBLE
5.8979591836734695,7.857142857142857,True,True,35.7,14.299999999999997,0.37278585618611193,14.299999999999997,ACCESSIBLE,0.7506493506493507,1.3321799307958477,LOW_MARGIN_ACCESSIBLE
5.8979591836734695,8.346938775510203,True,True,37.050000000000004,12.949999999999996,0.38645250863842334,12.949999999999996,ACCESSIBLE,0.7066014669926651,1.4152249134948096,LOW_MARGIN_ACCESSIBLE
5.8979591836734695,8.83673469387755,True,True,38.400000000000006,11.599999999999994,0.39942781939617095,11.599999999999994,ACCESSIBLE,0.6674364896073903,1.4982698961937715,LOW_MARGIN_ACCESSIBLE
5.8979591836734695,9.326530612244898,True,True,39.75,10.25,0.41176278340054595,10.25,ACCESSIBLE,0.6323851203501094,1.5813148788927336,LOW_MARGIN_ACCESSIBLE
5.8979591836734695,9.816326530612244,True,True,41.1,8.899999999999999,0.42350484649780007,8.899999999999999,ACCESSIBLE,0.6008316008316009,1.6643598615916952,LOW_MARGIN_ACCESSIBLE
5.8979591836734695,10.306122448979592,True,True,42.45,7.549999999999997,0.434696070831387,7.549999999999997,ACCESSIBLE,0.5722772277227723,1.7474048442906573,LOW_MARGIN_ACCESSIBLE
5.8979591836734695,10.795918367346939,True,True,43.85,6.149999999999999,0.44537723281385877,6.149999999999999,ACCESSIBLE,0.5463137996219282,1.8304498269896194,LOW_MARGIN_ACCESSIBLE
5.8979591836734695,11.285714285714285,True,True,45.2,4.799999999999997,0.4555826054825965,4.799999999999997,ACCESSIBLE,0.5226039783001809,1.913494809688581,NO_RECOVERY
5.8979591836734695,11.775510204081632,True,True,46.6,3.3999999999999986,0.4653427868696519,3.3999999999999986,ACCESSIBLE,0.5008665511265165,1.9965397923875432,NO_RECOVERY
5.8979591836734695,12.26530612244898,True,True,48.0,2.0,0.4746885582504246,2.0,ACCESSIBLE,0.480865224625624,2.0795847750865053,NO_RECOVERY
5.8979591836734695,12.755102040816325,True,True,49.400000000000006,0.5999999999999943,0.4836476238557527,0.5999999999999943,ACCESSIBLE,0.46240000000000003,2.1626297577854667,NO_RECOVERY
5.8979591836734695,13.244897959183673,True,False,50.800000000000004,-0.8000000000000043,0.49224215485771833,-0.8000000000000043,TIME_COLLAPSED,0.44530046224961484,2.245674740484429,LATE_RECOVERY
5.8979591836734695,13.73469387755102,True,False,52.2,-2.200000000000003,0.5004953922887482,-2.200000000000003,TIME_COLLAPSED,0.4294205052005944,2.328719723183391,LATE_RECOVERY
5.8979591836734695,14.224489795918368,True,False,53.6,-3.6000000000000014,0.5084283798833021,-3.6000000000000014,TIME_COLLAPSED,0.4146341463414634,2.411764705882353,LATE_RECOVERY
5.8979591836734695,14.714285714285714,True,False,55.0,-5.0,0.5160602062046041,-5.0,TIME_COLLAPSED,0.4008321775312067,2.4948096885813147,LATE_RECOVERY
5.8979591836734695,15.204081632653061,True,False,56.45,-6.450000000000003,0.523408222486252,-6.450000000000003,TIME_COLLAPSED,0.38791946308724834,2.5778546712802766,LATE_RECOVERY
5.8979591836734695,15.693877551020408,True,False,57.85,-7.850000000000001,0.5304882683933458,-7.850000000000001,TIME_COLLAPSED,0.37581274382314694,2.660899653979239,LATE_RECOVERY
5.8979591836734695,16.183673469387756,True,False,59.25,-9.25,0.5373148501211846,-9.25,TIME_COLLAPSED,0.3644388398486759,2.7439446366782008,LATE_RECOVERY
5.8979591836734695,16.6734693877551,True,False,60.7,-10.700000000000003,0.5439018748093652,-10.700000000000003,TIME_COLLAPSED,0.35373317013463895,2.8269896193771626,LATE_RECOVERY
5.8979591836734695,17.163265306122447,True,False,62.1,-12.100000000000001,0.5502654195702078,-12.100000000000001,TIME_COLLAPSED,0.34363852556480384,2.910034602076124,LATE_RECOVERY
5.8979591836734695,17.653061224489797,True,False,63.5,-13.5,0.5564128198373273,-13.5,TIME_COLLAPSED,0.33410404624277457,2.9930795847750864,LATE_RECOVERY
5.8979591836734695,18.142857142857142,True,False,64.95,-14.950000000000003,0.5623565796028407,-14.950000000000003,TIME_COLLAPSED,0.3250843644544432,3.0761245674740483,LATE_RECOVERY
5.8979591836734695,18.632653061224488,True,False,66.35000000000001,-16.35000000000001,0.5681091180923934,-16.35000000000001,TIME_COLLAPSED,0.3165388828039431,3.15916955017301,LATE_RECOVERY
5.8979591836734695,19.122448979591837,True,False,67.8,-17.799999999999997,0.5736759643948272,-17.799999999999997,TIME_COLLAPSED,0.3084311632870864,3.2422145328719725,LATE_RECOVERY
5.8979591836734695,19.612244897959183,True,False,69.2,-19.200000000000003,0.579071126192433,-19.200000000000003,TIME_COLLAPSED,0.30072840790842875,3.325259515570934,LATE_RECOVERY
5.8979591836734695,20.10204081632653,True,False,70.65,-20.650000000000006,0.584298384473056,-20.650000000000006,TIME_COLLAPSED,0.29340101522842643,3.408304498269896,LATE_RECOVERY
5.8979591836734695,20.591836734693878,True,False,72.05,-22.049999999999997,0.5893683065279284,-22.049999999999997,TIME_COLLAPSED,0.28642220019821607,3.491349480968858,LATE_RECOVERY
5.8979591836734695,21.081632653061224,True,False,73.5,-23.5,0.5942880253683855,-23.5,TIME_COLLAPSED,0.2797676669893514,3.57439446366782,LATE_RECOVERY
5.8979591836734695,21.57142857142857,True,False,74.9,-24.900000000000006,0.5990620355171687,-24.900000000000006,TIME_COLLAPSED,0.2734153263954589,3.6574394463667814,LATE_RECOVERY
5.8979591836734695,22.06122448979592,True,False,76.35000000000001,-26.35000000000001,0.6037003594400261,-26.35000000000001,TIME_COLLAPSED,0.26734505087881594,3.7404844290657437,LATE_RECOVERY
5.8979591836734695,22.551020408163264,True,False,77.80000000000001,-27.80000000000001,0.6082075748068568,-27.80000000000001,TIME_COLLAPSED,0.26153846153846155,3.8235294117647056,LATE_RECOVERY
5.8979591836734695,23.04081632653061,True,False,79.2,-29.200000000000003,0.612588171657455,-29.200000000000003,TIME_COLLAPSED,0.25597874224977857,3.9065743944636675,LATE_RECOVERY
5.8979591836734695,23.53061224489796,False,False,,-inf,0.6168478575624927,,TIME_COLLAPSED,0.25065047701647875,3.98961937716263,NO_RECOVERY
5.8979591836734695,24.020408163265305,False,False,,-inf,0.6209935206408121,,TIME_COLLAPSED,0.24553950722175022,4.072664359861592,NO_RECOVERY
5.8979591836734695,24.51020408163265,False,False,,-inf,0.6250295093521664,,TIME_COLLAPSED,0.2406328059950042,4.155709342560553,NO_RECOVERY
5.8979591836734695,25.0,False,False,,-inf,0.6289592367325605,,TIME_COLLAPSED,0.23591836734693877,4.2387543252595155,NO_RECOVERY
6.13265306122449,1.0,True,True,15.4,34.6,0.06423309980964274,34.6,ACCESSIBLE,6.13265306122449,0.16306156405990016,HIGH_MARGIN_ACCESSIBLE
6.13265306122449,1.489795918367347,True,True,18.55,31.45,0.09435237351677296,31.45,ACCESSIBLE,4.116438356164383,0.24292845257903495,HIGH_MARGIN_ACCESSIBLE
6.13265306122449,1.9795918367346939,True,True,20.55,29.45,0.12313428148801832,29.45,ACCESSIBLE,3.097938144329897,0.3227953410981697,HIGH_MARGIN_ACCESSIBLE
6.13265306122449,2.4693877551020407,True,True,22.1,27.9,0.15041303425784538,27.9,ACCESSIBLE,2.4834710743801653,0.40266222961730447,HIGH_MARGIN_ACCESSIBLE
6.13265306122449,2.9591836734693877,True,True,23.450000000000003,26.549999999999997,0.1761386771100162,26.549999999999997,ACCESSIBLE,2.0724137931034483,0.4825291181364393,HIGH_MARGIN_ACCESSIBLE
6.13265306122449,3.4489795918367347,True,True,24.75,25.25,0.20033278741813923,25.25,ACCESSIBLE,1.7781065088757397,0.5623960066555741,HIGH_MARGIN_ACCESSIBLE
6.13265306122449,3.9387755102040813,True,True,25.950000000000003,24.049999999999997,0.22306351545462577,24.049999999999997,ACCESSIBLE,1.55699481865285,0.6422628951747088,HIGH_MARGIN_ACCESSIBLE
6.13265306122449,4.428571428571429,True,True,27.150000000000002,22.849999999999998,0.24441961290289824,22.849999999999998,ACCESSIBLE,1.3847926267281105,0.7221297836938436,HIGH_MARGIN_ACCESSIBLE
6.13265306122449,4.918367346938775,True,True,28.35,21.65,0.2644957500344863,21.65,ACCESSIBLE,1.2468879668049793,0.8019966722129783,HIGH_MARGIN_ACCESSIBLE
6.13265306122449,5.408163265306122,True,True,29.6,20.4,0.2833881841997152,20.4,ACCESSIBLE,1.1339622641509435,0.881863560732113,HIGH_MARGIN_ACCESSIBLE
6.13265306122449,5.8979591836734695,True,True,30.8,19.2,0.301188898675853,19.2,ACCESSIBLE,1.0397923875432526,0.961730449251248,LOW_MARGIN_ACCESSIBLE
6.13265306122449,6.387755102040816,True,True,32.050000000000004,17.949999999999996,0.3179843106838029,17.949999999999996,ACCESSIBLE,0.9600638977635784,1.0415973377703827,LOW_MARGIN_ACCESSIBLE
6.13265306122449,6.877551020408163,True,True,33.300000000000004,16.699999999999996,0.33385369161291734,16.699999999999996,ACCESSIBLE,0.8916913946587538,1.1214642262895174,LOW_MARGIN_ACCESSIBLE
6.13265306122449,7.36734693877551,True,True,34.6,15.399999999999999,0.3488689565559805,15.399999999999999,ACCESSIBLE,0.832409972299169,1.2013311148086523,LOW_MARGIN_ACCESSIBLE
6.13265306122449,7.857142857142857,True,True,35.9,14.100000000000001,0.3630965048325825,14.100000000000001,ACCESSIBLE,0.7805194805194806,1.281198003327787,LOW_MARGIN_ACCESSIBLE
6.13265306122449,8.346938775510203,True,True,37.2,12.799999999999997,0.37659954095447096,12.799999999999997,ACCESSIBLE,0.734718826405868,1.3610648918469217,LOW_MARGIN_ACCESSIBLE
6.13265306122449,8.83673469387755,True,True,38.550000000000004,11.449999999999996,0.38942855612763,11.449999999999996,ACCESSIBLE,0.6939953810623557,1.4409317803660566,LOW_MARGIN_ACCESSIBLE
6.13265306122449,9.326530612244898,True,True,39.900000000000006,10.099999999999994,0.4016345584029178,10.099999999999994,ACCESSIBLE,0.6575492341356673,1.5207986688851913,LOW_MARGIN_ACCESSIBLE
6.13265306122449,9.816326530612244,True,True,41.25,8.75,0.4132637474323361,8.75,ACCESSIBLE,0.6247401247401247,1.600665557404326,LOW_MARGIN_ACCESSIBLE
6.13265306122449,10.306122448979592,True,True,42.6,7.399999999999999,0.42435708781793413,7.399999999999999,ACCESSIBLE,0.595049504950495,1.6805324459234607,LOW_MARGIN_ACCESSIBLE
6.13265306122449,10.795918367346939,True,True,43.95,6.049999999999997,0.4349510196647433,6.049999999999997,ACCESSIBLE,0.5680529300567108,1.7603993344425957,LOW_MARGIN_ACCESSIBLE
6.13265306122449,11.285714285714285,True,True,45.35,4.649999999999999,0.4450780865491222,4.649999999999999,ACCESSIBLE,0.5433996383363473,1.8402662229617304,NO_RECOVERY
6.13265306122449,11.775510204081632,True,True,46.7,3.299999999999997,0.4547713744910863,3.299999999999997,ACCESSIBLE,0.5207972270363952,1.920133111480865,NO_RECOVERY
6.13265306122449,12.26530612244898,True,True,48.1,1.8999999999999986,0.46405788086557054,1.8999999999999986,ACCESSIBLE,0.5,2.0,NO_RECOVERY
6.13265306122449,12.755102040816325,True,True,49.5,0.5,0.4729648868873319,0.5,ACCESSIBLE,0.48080000000000006,2.0798668885191347,NO_RECOVERY
6.13265306122449,13.244897959183673,True,False,50.900000000000006,-0.9000000000000057,0.48151364702065624,-0.9000000000000057,TIME_COLLAPSED,0.463020030816641,2.1597337770382694,LATE_RECOVERY
6.13265306122449,13.73469387755102,True,False,52.300000000000004,-2.3000000000000043,0.4897269875671866,-2.3000000000000043,TIME_COLLAPSED,0.44650817236255574,2.239600665557404,LATE_RECOVERY
6.13265306122449,14.224489795918368,True,False,53.7,-3.700000000000003,0.49762728420927604,-3.700000000000003,TIME_COLLAPSED,0.4311334289813486,2.3194675540765393,LATE_RECOVERY
6.13265306122449,14.714285714285714,True,False,55.1,-5.100000000000001,0.5052305169176006,-5.100000000000001,TIME_COLLAPSED,0.4167822468793343,2.3993344425956735,LATE_RECOVERY
6.13265306122449,15.204081632653061,True,False,56.5,-6.5,0.512553836861126,-6.5,TIME_COLLAPSED,0.4033557046979866,2.4792013311148087,LATE_RECOVERY
6.13265306122449,15.693877551020408,True,False,57.900000000000006,-7.900000000000006,0.5196129365596254,-7.900000000000006,TIME_COLLAPSED,0.3907672301690507,2.5590682196339434,LATE_RECOVERY
6.13265306122449,16.183673469387756,True,False,59.300000000000004,-9.300000000000004,0.5264236210371834,-9.300000000000004,TIME_COLLAPSED,0.37894073139974777,2.6389351081530785,LATE_RECOVERY
6.13265306122449,16.6734693877551,True,False,60.7,-10.700000000000003,0.5329991846697123,-10.700000000000003,TIME_COLLAPSED,0.3678090575275398,2.718801996672213,LATE_RECOVERY
6.13265306122449,17.163265306122447,True,False,62.150000000000006,-12.150000000000006,0.5393508624574106,-12.150000000000006,TIME_COLLAPSED,0.35731272294887045,2.7986688851913475,LATE_RECOVERY
6.13265306122449,17.653061224489797,True,False,63.550000000000004,-13.550000000000004,0.5454897057013441,-13.550000000000004,TIME_COLLAPSED,0.3473988439306358,2.8785357737104826,LATE_RECOVERY
6.13265306122449,18.142857142857142,True,False,64.95,-14.950000000000003,0.5514287522156962,-14.950000000000003,TIME_COLLAPSED,0.3380202474690664,2.9584026622296173,LATE_RECOVERY
6.13265306122449,18.632653061224488,True,False,66.4,-16.400000000000006,0.5571776606667062,-16.400000000000006,TIME_COLLAPSED,0.3291347207009858,3.0382695507487516,LATE_RECOVERY
6.13265306122449,19.122448979591837,True,False,67.8,-17.799999999999997,0.5627427653192301,-17.799999999999997,TIME_COLLAPSED,0.3207043756670224,3.1181364392678868,LATE_RECOVERY
6.13265306122449,19.612244897959183,True,False,69.2,-19.200000000000003,0.5681388859074625,-19.200000000000003,TIME_COLLAPSED,0.31269510926118627,3.1980033277870215,LATE_RECOVERY
6.13265306122449,20.10204081632653,True,False,70.65,-20.650000000000006,0.5733670529747433,-20.650000000000006,TIME_COLLAPSED,0.3050761421319797,3.277870216306156,LATE_RECOVERY
6.13265306122449,20.591836734693878,True,False,72.05,-22.049999999999997,0.578442288195502,-22.049999999999997,TIME_COLLAPSED,0.2978196233894945,3.3577371048252913,LATE_RECOVERY
6.13265306122449,21.081632653061224,True,False,73.5,-23.5,0.5833652900371014,-23.5,TIME_COLLAPSED,0.2909002904162633,3.437603993344426,LATE_RECOVERY
6.13265306122449,21.57142857142857,True,False,74.9,-24.900000000000006,0.5881471984350738,-24.900000000000006,TIME_COLLAPSED,0.28429517502365187,3.5174708818635603,LATE_RECOVERY
6.13265306122449,22.06122448979592,True,False,76.35000000000001,-26.35000000000001,0.5927926460611572,-26.35000000000001,TIME_COLLAPSED,0.2779833487511563,3.5973377703826954,LATE_RECOVERY
6.13265306122449,22.551020408163264,True,False,77.75,-27.75,0.5973061983916599,-27.75,TIME_COLLAPSED,0.2719457013574661,3.67720465890183,LATE_RECOVERY
6.13265306122449,23.04081632653061,True,False,79.2,-29.200000000000003,0.6016969979716129,-29.200000000000003,TIME_COLLAPSED,0.26616474756421615,3.757071547420965,LATE_RECOVERY
6.13265306122449,23.53061224489796,False,False,,-inf,0.6059683015263492,,TIME_COLLAPSED,0.2606244579358196,3.8369384359401,NO_RECOVERY
6.13265306122449,24.020408163265305,False,False,,-inf,0.6101243264102306,,TIME_COLLAPSED,0.2553101104502974,3.9168053244592342,NO_RECOVERY
6.13265306122449,24.51020408163265,False,False,,-inf,0.6141700689167572,,TIME_COLLAPSED,0.2502081598667777,3.996672212978369,NO_RECOVERY
6.13265306122449,25.0,False,False,,-inf,0.6181117106095954,,TIME_COLLAPSED,0.2453061224489796,4.076539101497504,NO_RECOVERY
6.36734693877551,1.0,True,True,15.200000000000001,34.8,0.06191989628279154,34.8,ACCESSIBLE,6.36734693877551,0.15705128205128205,HIGH_MARGIN_ACCESSIBLE
6.36734693877551,1.489795918367347,True,True,18.6,31.4,0.0910349342066976,31.4,ACCESSIBLE,4.273972602739725,0.233974358974359,HIGH_MARGIN_ACCESSIBLE
6.36734693877551,1.9795918367346939,True,True,20.650000000000002,29.349999999999998,0.11892426709686349,29.349999999999998,ACCESSIBLE,3.216494845360825,0.3108974358974359,HIGH_MARGIN_ACCESSIBLE
6.36734693877551,2.4693877551020407,True,True,22.25,27.75,0.14541841002477626,27.75,ACCESSIBLE,2.578512396694215,0.3878205128205128,HIGH_MARGIN_ACCESSIBLE
6.36734693877551,2.9591836734693877,True,True,23.650000000000002,26.349999999999998,0.1704560828682615,26.349999999999998,ACCESSIBLE,2.1517241379310343,0.46474358974358976,HIGH_MARGIN_ACCESSIBLE
6.36734693877551,3.4489795918367347,True,True,24.950000000000003,25.049999999999997,0.19404998936974238,25.049999999999997,ACCESSIBLE,1.846153846153846,0.5416666666666666,HIGH_MARGIN_ACCESSIBLE
6.36734693877551,3.9387755102040813,True,True,26.200000000000003,23.799999999999997,0.2162545644870659,23.799999999999997,ACCESSIBLE,1.6165803108808292,0.6185897435897435,HIGH_MARGIN_ACCESSIBLE
6.36734693877551,4.428571428571429,True,True,27.400000000000002,22.599999999999998,0.23715050347098734,22.599999999999998,ACCESSIBLE,1.4377880184331797,0.6955128205128206,HIGH_MARGIN_ACCESSIBLE
6.36734693877551,4.918367346938775,True,True,28.6,21.4,0.25682376569508497,21.4,ACCESSIBLE,1.2946058091286308,0.7724358974358975,HIGH_MARGIN_ACCESSIBLE
6.36734693877551,5.408163265306122,True,True,29.8,20.2,0.27536162590482727,20.2,ACCESSIBLE,1.177358490566038,0.8493589743589743,HIGH_MARGIN_ACCESSIBLE
6.36734693877551,5.8979591836734695,True,True,31.05,18.95,0.2928498796941254,18.95,ACCESSIBLE,1.079584775086505,0.9262820512820513,LOW_MARGIN_ACCESSIBLE
6.36734693877551,6.387755102040816,True,True,32.25,17.75,0.3093685375259646,17.75,ACCESSIBLE,0.9968051118210863,1.0032051282051282,LOW_MARGIN_ACCESSIBLE
6.36734693877551,6.877551020408163,True,True,33.5,16.5,0.3249941030474441,16.5,ACCESSIBLE,0.9258160237388725,1.080128205128205,LOW_MARGIN_ACCESSIBLE
6.36734693877551,7.36734693877551,True,True,34.800000000000004,15.199999999999996,0.3397941955132736,15.199999999999996,ACCESSIBLE,0.8642659279778393,1.1570512820512822,LOW_MARGIN_ACCESSIBLE
6.36734693877551,7.857142857142857,True,True,36.050000000000004,13.949999999999996,0.3538305294852812,13.949999999999996,ACCESSIBLE,0.8103896103896104,1.233974358974359,LOW_MARGIN_ACCESSIBLE
6.36734693877551,8.346938775510203,True,True,37.35,12.649999999999999,0.3671642169060277,12.649999999999999,ACCESSIBLE,0.762836185819071,1.3108974358974357,LOW_MARGIN_ACCESSIBLE
6.36734693877551,8.83673469387755,True,True,38.7,11.299999999999997,0.37984158748610536,11.299999999999997,ACCESSIBLE,0.7205542725173211,1.3878205128205128,LOW_MARGIN_ACCESSIBLE
6.36734693877551,9.326530612244898,True,True,40.0,10.0,0.3919157893287611,10.0,ACCESSIBLE,0.6827133479212254,1.4647435897435899,LOW_MARGIN_ACCESSIBLE
6.36734693877551,9.816326530612244,True,True,41.35,8.649999999999999,0.4034261961457666,8.649999999999999,ACCESSIBLE,0.6486486486486487,1.5416666666666665,LOW_MARGIN_ACCESSIBLE
6.36734693877551,10.306122448979592,True,True,42.7,7.299999999999997,0.4144129165157363,7.299999999999997,ACCESSIBLE,0.6178217821782178,1.6185897435897436,LOW_MARGIN_ACCESSIBLE
6.36734693877551,10.795918367346939,True,True,44.1,5.899999999999999,0.4249116698205726,5.899999999999999,ACCESSIBLE,0.5897920604914934,1.6955128205128205,LOW_MARGIN_ACCESSIBLE
6.36734693877551,11.285714285714285,True,True,45.45,4.549999999999997,0.4349543432303323,4.549999999999997,ACCESSIBLE,0.5641952983725136,1.7724358974358974,NO_RECOVERY
6.36734693877551,11.775510204081632,True,True,46.800000000000004,3.1999999999999957,0.4445743529022668,3.1999999999999957,ACCESSIBLE,0.5407279029462738,1.8493589743589742,NO_RECOVERY
6.36734693877551,12.26530612244898,True,True,48.2,1.7999999999999972,0.45379469874552625,1.7999999999999972,ACCESSIBLE,0.519134775374376,1.9262820512820513,NO_RECOVERY
6.36734693877551,12.755102040816325,True,True,49.6,0.3999999999999986,0.46264293084548525,0.3999999999999986,ACCESSIBLE,0.49920000000000003,2.003205128205128,NO_RECOVERY
6.36734693877551,13.244897959183673,True,False,50.95,-0.9500000000000028,0.47113895301613146,-0.9500000000000028,TIME_COLLAPSED,0.4807395993836672,2.080128205128205,LATE_RECOVERY
6.36734693877551,13.73469387755102,True,False,52.35,-2.3500000000000014,0.479309205345559,-2.3500000000000014,TIME_COLLAPSED,0.4635958395245171,2.157051282051282,LATE_RECOVERY
6.36734693877551,14.224489795918368,True,False,53.75,-3.75,0.4871688950160535,-3.75,TIME_COLLAPSED,0.44763271162123386,2.233974358974359,LATE_RECOVERY
6.36734693877551,14.714285714285714,True,False,55.150000000000006,-5.150000000000006,0.4947365779911994,-5.150000000000006,TIME_COLLAPSED,0.4327323162274619,2.3108974358974357,LATE_RECOVERY
6.36734693877551,15.204081632653061,True,False,56.550000000000004,-6.550000000000004,0.5020292097131008,-6.550000000000004,TIME_COLLAPSED,0.41879194630872485,2.3878205128205128,LATE_RECOVERY
6.36734693877551,15.693877551020408,True,False,57.95,-7.950000000000003,0.5090621823960361,-7.950000000000003,TIME_COLLAPSED,0.4057217165149545,2.46474358974359,LATE_RECOVERY
6.36734693877551,16.183673469387756,True,False,59.35,-9.350000000000001,0.5158496369668021,-9.350000000000001,TIME_COLLAPSED,0.39344262295081966,2.541666666666667,LATE_RECOVERY
6.36734693877551,16.6734693877551,True,False,60.75,-10.75,0.5224045392772739,-10.75,TIME_COLLAPSED,0.3818849449204406,2.6185897435897436,LATE_RECOVERY
6.36734693877551,17.163265306122447,True,False,62.150000000000006,-12.150000000000006,0.528738800495332,-12.150000000000006,TIME_COLLAPSED,0.370986920332937,2.6955128205128203,LATE_RECOVERY
6.36734693877551,17.653061224489797,True,False,63.6,-13.600000000000001,0.5348633845528865,-13.600000000000001,TIME_COLLAPSED,0.3606936416184971,2.7724358974358974,LATE_RECOVERY
6.36734693877551,18.142857142857142,True,False,65.0,-15.0,0.540792314054992,-15.0,TIME_COLLAPSED,0.35095613048368957,2.8493589743589745,LATE_RECOVERY
6.36734693877551,18.632653061224488,True,False,66.4,-16.400000000000006,0.5465317161068047,-16.400000000000006,TIME_COLLAPSED,0.34173055859802853,2.926282051282051,LATE_RECOVERY
6.36734693877551,19.122448979591837,True,False,67.8,-17.799999999999997,0.5520900834339723,-17.799999999999997,TIME_COLLAPSED,0.3329775880469584,3.003205128205128,LATE_RECOVERY
6.36734693877551,19.612244897959183,True,False,69.25,-19.25,0.5574808780858727,-19.25,TIME_COLLAPSED,0.32466181061394384,3.080128205128205,LATE_RECOVERY
6.36734693877551,20.10204081632653,True,False,70.65,-20.650000000000006,0.5627068376697517,-20.650000000000006,TIME_COLLAPSED,0.316751269035533,3.157051282051282,LATE_RECOVERY
6.36734693877551,20.591836734693878,True,False,72.05,-22.049999999999997,0.5677791727189645,-22.049999999999997,TIME_COLLAPSED,0.30921704658077304,3.233974358974359,LATE_RECOVERY
6.36734693877551,21.081632653061224,True,False,73.5,-23.5,0.5727021744421944,-23.5,TIME_COLLAPSED,0.3020329138431752,3.3108974358974357,LATE_RECOVERY
6.36734693877551,21.57142857142857,True,False,74.9,-24.900000000000006,0.5774854990762956,-24.900000000000006,TIME_COLLAPSED,0.2951750236518449,3.3878205128205123,LATE_RECOVERY
6.36734693877551,22.06122448979592,True,False,76.35000000000001,-26.35000000000001,0.5821313729890627,-26.35000000000001,TIME_COLLAPSED,0.28862164662349676,3.46474358974359,LATE_RECOVERY
6.36734693877551,22.551020408163264,True,False,77.75,-27.75,0.5866509450253969,-27.75,TIME_COLLAPSED,0.2823529411764706,3.5416666666666665,LATE_RECOVERY
6.36734693877551,23.04081632653061,True,False,79.15,-29.150000000000006,0.5910454000225144,-29.150000000000006,TIME_COLLAPSED,0.2763507528786537,3.618589743589743,LATE_RECOVERY
6.36734693877551,23.53061224489796,False,False,,-inf,0.595320072232703,,TIME_COLLAPSED,0.27059843885516044,3.6955128205128207,NO_RECOVERY
6.36734693877551,24.020408163265305,False,False,,-inf,0.5994840002660388,,TIME_COLLAPSED,0.2650807136788445,3.7724358974358974,NO_RECOVERY
6.36734693877551,24.51020408163265,False,False,,-inf,0.6035379855308342,,TIME_COLLAPSED,0.25978351373855124,3.849358974358974,NO_RECOVERY
6.36734693877551,25.0,False,False,,-inf,0.6074867043630864,,TIME_COLLAPSED,0.2546938775510204,3.926282051282051,NO_RECOVERY
6.6020408163265305,1.0,True,True,15.0,35.0,0.0597659721904186,35.0,ACCESSIBLE,6.6020408163265305,0.15146831530139104,HIGH_MARGIN_ACCESSIBLE
6.6020408163265305,1.489795918367347,True,True,18.650000000000002,31.349999999999998,0.08793922089520557,31.349999999999998,ACCESSIBLE,4.431506849315068,0.22565687789799074,HIGH_MARGIN_ACCESSIBLE
6.6020408163265305,1.9795918367346939,True,True,20.8,29.2,0.11498489331590118,29.2,ACCESSIBLE,3.3350515463917527,0.29984544049459044,HIGH_MARGIN_ACCESSIBLE
6.6020408163265305,2.4693877551020407,True,True,22.450000000000003,27.549999999999997,0.1407324188550506,27.549999999999997,ACCESSIBLE,2.6735537190082646,0.3740340030911901,HIGH_MARGIN_ACCESSIBLE
6.6020408163265305,2.9591836734693877,True,True,23.85,26.15,0.1651122640067699,26.15,ACCESSIBLE,2.231034482758621,0.4482225656877898,HIGH_MARGIN_ACCESSIBLE
6.6020408163265305,3.4489795918367347,True,True,25.200000000000003,24.799999999999997,0.18812744616953525,24.799999999999997,ACCESSIBLE,1.9142011834319526,0.5224111282843895,HIGH_MARGIN_ACCESSIBLE
6.6020408163265305,3.9387755102040813,True,True,26.450000000000003,23.549999999999997,0.20982389755367384,23.549999999999997,ACCESSIBLE,1.6761658031088085,0.5965996908809892,HIGH_MARGIN_ACCESSIBLE
6.6020408163265305,4.428571428571429,True,True,27.650000000000002,22.349999999999998,0.2302708177467284,22.349999999999998,ACCESSIBLE,1.4907834101382487,0.670788253477589,HIGH_MARGIN_ACCESSIBLE
6.6020408163265305,4.918367346938775,True,True,28.85,21.15,0.24954862139245967,21.15,ACCESSIBLE,1.342323651452282,0.7449768160741885,HIGH_MARGIN_ACCESSIBLE
6.6020408163265305,5.408163265306122,True,True,30.05,19.95,0.2677359962437012,19.95,ACCESSIBLE,1.2207547169811321,0.8191653786707882,LOW_MARGIN_ACCESSIBLE
6.6020408163265305,5.8979591836734695,True,True,31.25,18.75,0.2849148865154969,18.75,ACCESSIBLE,1.1193771626297577,0.893353941267388,LOW_MARGIN_ACCESSIBLE
6.6020408163265305,6.387755102040816,True,True,32.5,17.5,0.30116050972553104,17.5,ACCESSIBLE,1.0335463258785942,0.9675425038639877,LOW_MARGIN_ACCESSIBLE
6.6020408163265305,6.877551020408163,True,True,33.7,16.299999999999997,0.3165406132634893,16.299999999999997,ACCESSIBLE,0.9599406528189912,1.0417310664605872,LOW_MARGIN_ACCESSIBLE
6.6020408163265305,7.36734693877551,True,True,35.0,15.0,0.33112341441986537,15.0,ACCESSIBLE,0.8961218836565097,1.1159196290571871,LOW_MARGIN_ACCESSIBLE
6.6020408163265305,7.857142857142857,True,True,36.25,13.75,0.3449666884872039,13.75,ACCESSIBLE,0.8402597402597403,1.1901081916537866,LOW_MARGIN_ACCESSIBLE
6.6020408163265305,8.346938775510203,True,True,37.550000000000004,12.449999999999996,0.3581266882311811,12.449999999999996,ACCESSIBLE,0.7909535452322739,1.2642967542503862,LOW_MARGIN_ACCESSIBLE
6.6020408163265305,8.83673469387755,True,True,38.85,11.149999999999999,0.3706511903778865,11.149999999999999,ACCESSIBLE,0.7471131639722863,1.3384853168469861,LOW_MARGIN_ACCESSIBLE
6.6020408163265305,9.326530612244898,True,True,40.2,9.799999999999997,0.3825856967424433,9.799999999999997,ACCESSIBLE,0.7078774617067833,1.4126738794435858,LOW_MARGIN_ACCESSIBLE
6.6020408163265305,9.816326530612244,True,True,41.5,8.5,0.39397099876445946,8.5,ACCESSIBLE,0.6725571725571726,1.4868624420401855,LOW_MARGIN_ACCESSIBLE
6.6020408163265305,10.306122448979592,True,True,42.85,7.149999999999999,0.40484677484750486,7.149999999999999,ACCESSIBLE,0.6405940594059406,1.5610510046367851,LOW_MARGIN_ACCESSIBLE
6.6020408163265305,10.795918367346939,True,True,44.2,5.799999999999997,0.4152461054225675,5.799999999999997,ACCESSIBLE,0.611531190926276,1.6352395672333848,LOW_MARGIN_ACCESSIBLE
6.6020408163265305,11.285714285714285,True,True,45.550000000000004,4.449999999999996,0.42520181129070705,4.449999999999996,ACCESSIBLE,0.58499095840868,1.7094281298299845,NO_RECOVERY
6.6020408163265305,11.775510204081632,True,True,46.95,3.049999999999997,0.4347414120476378,3.049999999999997,ACCESSIBLE,0.5606585788561526,1.7836166924265842,NO_RECOVERY
6.6020408163265305,12.26530612244898,True,True,48.300000000000004,1.6999999999999957,0.443889966845178,1.6999999999999957,ACCESSIBLE,0.538269550748752,1.857805255023184,NO_RECOVERY
6.6020408163265305,12.755102040816325,True,True,49.650000000000006,0.3499999999999943,0.4526739002308959,0.3499999999999943,ACCESSIBLE,0.5176000000000001,1.9319938176197835,NO_RECOVERY
6.6020408163265305,13.244897959183673,True,False,51.050000000000004,-1.0500000000000043,0.4611138691639148,-1.0500000000000043,TIME_COLLAPSED,0.4984591679506934,2.006182380216383,LATE_RECOVERY
6.6020408163265305,13.73469387755102,True,False,52.45,-2.450000000000003,0.4692322394608903,-2.450000000000003,TIME_COLLAPSED,0.48068350668647847,2.080370942812983,LATE_RECOVERY
6.6020408163265305,14.224489795918368,True,False,53.85,-3.8500000000000014,0.47704522415640727,-3.8500000000000014,TIME_COLLAPSED,0.46413199426111906,2.154559505409583,LATE_RECOVERY
6.6020408163265305,14.714285714285714,True,False,55.2,-5.200000000000003,0.48457116145663065,-5.200000000000003,TIME_COLLAPSED,0.4486823855755895,2.2287480680061824,LATE_RECOVERY
6.6020408163265305,15.204081632653061,True,False,56.6,-6.600000000000001,0.4918282011266109,-6.600000000000001,TIME_COLLAPSED,0.4342281879194631,2.302936630602782,LATE_RECOVERY
6.6020408163265305,15.693877551020408,True,False,58.0,-8.0,0.4988293615799494,-8.0,TIME_COLLAPSED,0.4206762028608582,2.3771251931993818,LATE_RECOVERY
6.6020408163265305,16.183673469387756,True,False,59.400000000000006,-9.400000000000006,0.5055884039457195,-9.400000000000006,TIME_COLLAPSED,0.4079445145018915,2.4513137557959817,LATE_RECOVERY
6.6020408163265305,16.6734693877551,True,False,60.800000000000004,-10.800000000000004,0.5121181549990784,-10.800000000000004,TIME_COLLAPSED,0.3959608323133415,2.525502318392581,LATE_RECOVERY
6.6020408163265305,17.163265306122447,True,False,62.2,-12.200000000000003,0.5184304556841787,-12.200000000000003,TIME_COLLAPSED,0.3846611177170036,2.5996908809891806,LATE_RECOVERY
6.6020408163265305,17.653061224489797,True,False,63.6,-13.600000000000001,0.5245383266217095,-13.600000000000001,TIME_COLLAPSED,0.37398843930635833,2.673879443585781,LATE_RECOVERY
6.6020408163265305,18.142857142857142,True,False,65.0,-15.0,0.5304502007460998,-15.0,TIME_COLLAPSED,0.36389201349831274,2.7480680061823803,LATE_RECOVERY
6.6020408163265305,18.632653061224488,True,False,66.45,-16.450000000000003,0.5361752885472275,-16.450000000000003,TIME_COLLAPSED,0.3543263964950712,2.82225656877898,LATE_RECOVERY
6.6020408163265305,19.122448979591837,True,False,67.85000000000001,-17.85000000000001,0.5417221190565392,-17.85000000000001,TIME_COLLAPSED,0.3452508004268943,2.8964451313755797,LATE_RECOVERY
6.6020408163265305,19.612244897959183,True,False,69.25,-19.25,0.5471029024881368,-19.25,TIME_COLLAPSED,0.33662851196670135,2.970633693972179,LATE_RECOVERY
6.6020408163265305,20.10204081632653,True,False,70.65,-20.650000000000006,0.5523215395526843,-20.650000000000006,TIME_COLLAPSED,0.32842639593908635,3.0448222565687786,LATE_RECOVERY
6.6020408163265305,20.591836734693878,True,False,72.10000000000001,-22.10000000000001,0.5573865615467487,-22.10000000000001,TIME_COLLAPSED,0.32061446977205155,3.119010819165379,LATE_RECOVERY
6.6020408163265305,21.081632653061224,True,False,73.5,-23.5,0.5623062319255623,-23.5,TIME_COLLAPSED,0.3131655372700871,3.1931993817619784,LATE_RECOVERY
6.6020408163265305,21.57142857142857,True,False,74.9,-24.900000000000006,0.5670846672724053,-24.900000000000006,TIME_COLLAPSED,0.30605487228003786,3.267387944358578,LATE_RECOVERY
6.6020408163265305,22.06122448979592,True,False,76.3,-26.299999999999997,0.5717306543322137,-26.299999999999997,TIME_COLLAPSED,0.2992599444958372,3.3415765069551777,LATE_RECOVERY
6.6020408163265305,22.551020408163264,True,False,77.75,-27.75,0.5762479115721925,-27.75,TIME_COLLAPSED,0.2927601809954751,3.415765069551777,LATE_RECOVERY
6.6020408163265305,23.04081632653061,True,False,79.15,-29.150000000000006,0.5806422485495094,-29.150000000000006,TIME_COLLAPSED,0.28653675819309127,3.489953632148377,LATE_RECOVERY
6.6020408163265305,23.53061224489796,False,False,,-inf,0.5849205251260804,,TIME_COLLAPSED,0.2805724197745013,3.564142194744977,NO_RECOVERY
6.6020408163265305,24.020408163265305,False,False,,-inf,0.5890846894261259,,TIME_COLLAPSED,0.2748513169073917,3.6383307573415764,NO_RECOVERY
6.6020408163265305,24.51020408163265,False,False,,-inf,0.5931413005220993,,TIME_COLLAPSED,0.26935886761032474,3.712519319938176,NO_RECOVERY
6.6020408163265305,25.0,False,False,,-inf,0.5970951969844974,,TIME_COLLAPSED,0.2640816326530612,3.7867078825347757,NO_RECOVERY
6.836734693877552,1.0,True,True,14.700000000000001,35.3,0.057755556889202427,35.3,ACCESSIBLE,6.836734693877552,0.1462686567164179,HIGH_MARGIN_ACCESSIBLE
6.836734693877552,1.489795918367347,True,True,18.650000000000002,31.349999999999998,0.08504367157239032,31.349999999999998,ACCESSIBLE,4.589041095890411,0.21791044776119403,HIGH_MARGIN_ACCESSIBLE
6.836734693877552,1.9795918367346939,True,True,20.900000000000002,29.099999999999998,0.111291455007746,29.099999999999998,ACCESSIBLE,3.453608247422681,0.28955223880597014,HIGH_MARGIN_ACCESSIBLE
6.836734693877552,2.4693877551020407,True,True,22.6,27.4,0.13632823081458326,27.4,ACCESSIBLE,2.7685950413223144,0.3611940298507462,HIGH_MARGIN_ACCESSIBLE
6.836734693877552,2.9591836734693877,True,True,24.05,25.95,0.16007935218816138,25.95,ACCESSIBLE,2.3103448275862073,0.43283582089552236,HIGH_MARGIN_ACCESSIBLE
6.836734693877552,3.4489795918367347,True,True,25.400000000000002,24.599999999999998,0.1825370321451323,24.599999999999998,ACCESSIBLE,1.9822485207100593,0.5044776119402985,HIGH_MARGIN_ACCESSIBLE
6.836734693877552,3.9387755102040813,True,True,26.650000000000002,23.349999999999998,0.20374167482868594,23.349999999999998,ACCESSIBLE,1.735751295336788,0.5761194029850746,HIGH_MARGIN_ACCESSIBLE
6.836734693877552,4.428571428571429,True,True,27.900000000000002,22.099999999999998,0.22375209637746954,22.099999999999998,ACCESSIBLE,1.543778801843318,0.6477611940298507,HIGH_MARGIN_ACCESSIBLE
6.836734693877552,4.918367346938775,True,True,29.1,20.9,0.24264284478126846,20.9,ACCESSIBLE,1.3900414937759338,0.7194029850746267,HIGH_MARGIN_ACCESSIBLE
6.836734693877552,5.408163265306122,True,True,30.3,19.7,0.2604873012737415,19.7,ACCESSIBLE,1.2641509433962266,0.7910447761194028,LOW_MARGIN_ACCESSIBLE
6.836734693877552,5.8979591836734695,True,True,31.5,18.5,0.2773607710129411,18.5,ACCESSIBLE,1.1591695501730104,0.862686567164179,LOW_MARGIN_ACCESSIBLE
6.836734693877552,6.387755102040816,True,True,32.7,17.299999999999997,0.29333261839011837,17.299999999999997,ACCESSIBLE,1.0702875399361025,0.9343283582089551,LOW_MARGIN_ACCESSIBLE
6.836734693877552,6.877551020408163,True,True,33.95,16.049999999999997,0.3084710689656871,16.049999999999997,ACCESSIBLE,0.99406528189911,1.0059701492537312,LOW_MARGIN_ACCESSIBLE
6.836734693877552,7.36734693877551,True,True,35.2,14.799999999999997,0.32283483549366665,14.799999999999997,ACCESSIBLE,0.9279778393351802,1.0776119402985074,LOW_MARGIN_ACCESSIBLE
6.836734693877552,7.857142857142857,True,True,36.45,13.549999999999997,0.3364836752321152,13.549999999999997,ACCESSIBLE,0.8701298701298703,1.1492537313432833,LOW_MARGIN_ACCESSIBLE
6.836734693877552,8.346938775510203,True,True,37.75,12.25,0.34946787355344894,12.25,ACCESSIBLE,0.8190709046454769,1.2208955223880595,LOW_MARGIN_ACCESSIBLE
6.836734693877552,8.83673469387755,True,True,39.050000000000004,10.949999999999996,0.3618358891306913,10.949999999999996,ACCESSIBLE,0.7736720554272518,1.2925373134328357,LOW_MARGIN_ACCESSIBLE
6.836734693877552,9.326530612244898,True,True,40.35,9.649999999999999,0.3736281065011629,9.649999999999999,ACCESSIBLE,0.7330415754923414,1.364179104477612,LOW_MARGIN_ACCESSIBLE
6.836734693877552,9.816326530612244,True,True,41.650000000000006,8.349999999999994,0.3848882162176094,8.349999999999994,ACCESSIBLE,0.6964656964656966,1.4358208955223877,LOW_MARGIN_ACCESSIBLE
6.836734693877552,10.306122448979592,True,True,43.0,7.0,0.3956492159805859,7.0,ACCESSIBLE,0.6633663366336635,1.5074626865671639,LOW_MARGIN_ACCESSIBLE
6.836734693877552,10.795918367346939,True,True,44.35,5.649999999999999,0.40594526980748635,5.649999999999999,ACCESSIBLE,0.6332703213610587,1.57910447761194,LOW_MARGIN_ACCESSIBLE
6.836734693877552,11.285714285714285,True,True,45.7,4.299999999999997,0.41580690596231384,4.299999999999997,ACCESSIBLE,0.6057866184448464,1.650746268656716,NO_RECOVERY
6.836734693877552,11.775510204081632,True,True,47.050000000000004,2.9499999999999957,0.42526160389267215,2.9499999999999957,ACCESSIBLE,0.5805892547660313,1.7223880597014922,NO_RECOVERY
6.836734693877552,12.26530612244898,True,True,48.400000000000006,1.5999999999999943,0.4343340451684331,1.5999999999999943,ACCESSIBLE,0.5574043261231282,1.7940298507462684,NO_RECOVERY
6.836734693877552,12.755102040816325,True,True,49.75,0.25,0.4430493812871896,0.25,ACCESSIBLE,0.5360000000000001,1.8656716417910444,NO_RECOVERY
6.836734693877552,13.244897959183673,True,False,51.150000000000006,-1.1500000000000057,0.4514280831239731,-1.1500000000000057,TIME_COLLAPSED,0.5161787365177196,1.9373134328358206,LATE_RECOVERY
6.836734693877552,13.73469387755102,True,False,52.5,-2.5,0.4594897767700362,-2.5,TIME_COLLAPSED,0.4977711738484399,2.008955223880597,LATE_RECOVERY
6.836734693877552,14.224489795918368,True,False,53.900000000000006,-3.9000000000000057,0.46725229981482574,-3.9000000000000057,TIME_COLLAPSED,0.4806312769010043,2.080597014925373,LATE_RECOVERY
6.836734693877552,14.714285714285714,True,False,55.300000000000004,-5.300000000000004,0.47473499237544653,-5.300000000000004,TIME_COLLAPSED,0.46463245492371713,2.152238805970149,LATE_RECOVERY
6.836734693877552,15.204081632653061,True,False,56.7,-6.700000000000003,0.4819508455234373,-6.700000000000003,TIME_COLLAPSED,0.4496644295302014,2.223880597014925,LATE_RECOVERY
6.836734693877552,15.693877551020408,True,False,58.050000000000004,-8.050000000000004,0.48891491046488356,-8.050000000000004,TIME_COLLAPSED,0.43563068920676207,2.2955223880597013,LATE_RECOVERY
6.836734693877552,16.183673469387756,True,False,59.45,-9.450000000000003,0.4956409719268847,-9.450000000000003,TIME_COLLAPSED,0.42244640605296346,2.3671641791044773,LATE_RECOVERY
6.836734693877552,16.6734693877551,True,False,60.85,-10.850000000000001,0.502141655907142,-10.850000000000001,TIME_COLLAPSED,0.4100367197062424,2.4388059701492533,LATE_RECOVERY
6.836734693877552,17.163265306122447,True,False,62.25,-12.25,0.5084285896035441,-12.25,TIME_COLLAPSED,0.39833531510107023,2.5104477611940292,LATE_RECOVERY
6.836734693877552,17.653061224489797,True,False,63.650000000000006,-13.650000000000006,0.5145124834563488,-13.650000000000006,TIME_COLLAPSED,0.3872832369942197,2.5820895522388057,LATE_RECOVERY
6.836734693877552,18.142857142857142,True,False,65.05,-15.049999999999997,0.5204032135108038,-15.049999999999997,TIME_COLLAPSED,0.3768278965129359,2.6537313432835816,LATE_RECOVERY
6.836734693877552,18.632653061224488,True,False,66.45,-16.450000000000003,0.5261098955733854,-16.450000000000003,TIME_COLLAPSED,0.36692223439211397,2.7253731343283576,LATE_RECOVERY
6.836734693877552,19.122448979591837,True,False,67.85000000000001,-17.85000000000001,0.5316409923901271,-17.85000000000001,TIME_COLLAPSED,0.3575240128068303,2.797014925373134,LATE_RECOVERY
6.836734693877552,19.612244897959183,True,False,69.25,-19.25,0.5370079566092077,-19.25,TIME_COLLAPSED,0.3485952133194589,2.86865671641791,LATE_RECOVERY
6.836734693877552,20.10204081632653,True,False,70.7,-20.700000000000003,0.5422149723367008,-20.700000000000003,TIME_COLLAPSED,0.34010152284263967,2.940298507462686,LATE_RECOVERY
6.836734693877552,20.591836734693878,True,False,72.10000000000001,-22.10000000000001,0.5472688982306902,-22.10000000000001,TIME_COLLAPSED,0.33201189296333006,3.0119402985074624,LATE_RECOVERY
6.836734693877552,21.081632653061224,True,False,73.5,-23.5,0.5521807984080982,-23.5,TIME_COLLAPSED,0.32429816069699907,3.0835820895522383,LATE_RECOVERY
6.836734693877552,21.57142857142857,True,False,74.9,-24.900000000000006,0.5569520086845338,-24.900000000000006,TIME_COLLAPSED,0.3169347209082309,3.1552238805970143,LATE_RECOVERY
6.836734693877552,22.06122448979592,True,False,76.3,-26.299999999999997,0.5615925046486427,-26.299999999999997,TIME_COLLAPSED,0.30989824236817765,3.2268656716417907,LATE_RECOVERY
6.836734693877552,22.551020408163264,True,False,77.75,-27.75,0.5661046021294263,-27.75,TIME_COLLAPSED,0.30316742081447967,3.2985074626865667,LATE_RECOVERY
6.836734693877552,23.04081632653061,True,False,79.15,-29.150000000000006,0.5704971323751418,-29.150000000000006,TIME_COLLAPSED,0.29672276350752885,3.3701492537313427,LATE_RECOVERY
6.836734693877552,23.53061224489796,False,False,,-inf,0.5747711644255822,,TIME_COLLAPSED,0.2905464006938422,3.441791044776119,NO_RECOVERY
6.836734693877552,24.020408163265305,False,False,,-inf,0.5789358454456143,,TIME_COLLAPSED,0.28462192013593884,3.513432835820895,NO_RECOVERY
6.836734693877552,24.51020408163265,False,False,,-inf,0.582992339835171,,TIME_COLLAPSED,0.2789342214820983,3.585074626865671,NO_RECOVERY
6.836734693877552,25.0,False,False,,-inf,0.5869448439222936,,TIME_COLLAPSED,0.27346938775510204,3.6567164179104474,NO_RECOVERY
7.071428571428572,1.0,True,True,14.350000000000001,35.65,0.05587487953572567,35.65,ACCESSIBLE,7.071428571428572,0.1414141414141414,HIGH_MARGIN_ACCESSIBLE
7.071428571428572,1.489795918367347,True,True,18.7,31.3,0.08232970407314985,31.3,ACCESSIBLE,4.7465753424657535,0.2106782106782107,HIGH_MARGIN_ACCESSIBLE
7.071428571428572,1.9795918367346939,True,True,21.0,29.0,0.10782211968102798,29.0,ACCESSIBLE,3.5721649484536084,0.27994227994227994,HIGH_MARGIN_ACCESSIBLE
7.071428571428572,2.4693877551020407,True,True,22.75,27.25,0.1321837349182643,27.25,ACCESSIBLE,2.863636363636364,0.34920634920634913,HIGH_MARGIN_ACCESSIBLE
7.071428571428572,2.9591836734693877,True,True,24.25,25.75,0.15533145869584478,25.75,ACCESSIBLE,2.3896551724137933,0.41847041847041844,HIGH_MARGIN_ACCESSIBLE
7.071428571428572,3.4489795918367347,True,True,25.6,24.4,0.17725414436033557,24.4,ACCESSIBLE,2.050295857988166,0.4877344877344877,HIGH_MARGIN_ACCESSIBLE
7.071428571428572,3.9387755102040813,True,True,26.900000000000002,23.099999999999998,0.1979817901123666,23.099999999999998,ACCESSIBLE,1.7953367875647672,0.5569985569985569,HIGH_MARGIN_ACCESSIBLE
7.071428571428572,4.428571428571429,True,True,28.1,21.9,0.21756847904067977,21.9,ACCESSIBLE,1.5967741935483872,0.6262626262626262,HIGH_MARGIN_ACCESSIBLE
7.071428571428572,4.918367346938775,True,True,29.3,20.7,0.23608127962823724,20.7,ACCESSIBLE,1.4377593360995853,0.6955266955266954,HIGH_MARGIN_ACCESSIBLE
7.071428571428572,5.408163265306122,True,True,30.5,19.5,0.25358998218929246,19.5,ACCESSIBLE,1.307547169811321,0.7647907647907647,LOW_MARGIN_ACCESSIBLE
7.071428571428572,5.8979591836734695,True,True,31.700000000000003,18.299999999999997,0.27016179723132155,18.299999999999997,ACCESSIBLE,1.198961937716263,0.834054834054834,LOW_MARGIN_ACCESSIBLE
7.071428571428572,6.387755102040816,True,True,32.95,17.049999999999997,0.2858649200011527,17.049999999999997,ACCESSIBLE,1.1070287539936103,0.9033189033189032,LOW_MARGIN_ACCESSIBLE
7.071428571428572,6.877551020408163,True,True,34.15,15.850000000000001,0.3007616553425569,15.850000000000001,ACCESSIBLE,1.0281899109792287,0.9725829725829724,LOW_MARGIN_ACCESSIBLE
7.071428571428572,7.36734693877551,True,True,35.4,14.600000000000001,0.31490890398550586,14.600000000000001,ACCESSIBLE,0.9598337950138505,1.0418470418470418,LOW_MARGIN_ACCESSIBLE
7.071428571428572,7.857142857142857,True,True,36.65,13.350000000000001,0.3283619045852102,13.350000000000001,ACCESSIBLE,0.9000000000000001,1.111111111111111,LOW_MARGIN_ACCESSIBLE
7.071428571428572,8.346938775510203,True,True,37.9,12.100000000000001,0.34116992849236805,12.100000000000001,ACCESSIBLE,0.8471882640586799,1.18037518037518,LOW_MARGIN_ACCESSIBLE
7.071428571428572,8.83673469387755,True,True,39.2,10.799999999999997,0.3533787175140129,10.799999999999997,ACCESSIBLE,0.8002309468822172,1.2496392496392494,LOW_MARGIN_ACCESSIBLE
7.071428571428572,9.326530612244898,True,True,40.5,9.5,0.36502913619011235,9.5,ACCESSIBLE,0.7582056892778993,1.3189033189033188,LOW_MARGIN_ACCESSIBLE
7.071428571428572,9.816326530612244,True,True,41.800000000000004,8.199999999999996,0.37615757993738336,8.199999999999996,ACCESSIBLE,0.7203742203742205,1.388167388167388,LOW_MARGIN_ACCESSIBLE
7.071428571428572,10.306122448979592,True,True,43.150000000000006,6.849999999999994,0.3868015384099198,6.849999999999994,ACCESSIBLE,0.6861386138613862,1.4574314574314573,LOW_MARGIN_ACCESSIBLE
7.071428571428572,10.795918367346939,True,True,44.45,5.549999999999997,0.3969917093781271,5.549999999999997,ACCESSIBLE,0.6550094517958412,1.5266955266955267,LOW_MARGIN_ACCESSIBLE
7.071428571428572,11.285714285714285,True,True,45.800000000000004,4.199999999999996,0.406756786608455,4.199999999999996,ACCESSIBLE,0.6265822784810128,1.5959595959595956,NO_RECOVERY
7.071428571428572,11.775510204081632,True,True,47.150000000000006,2.8499999999999943,0.41612365985017274,2.8499999999999943,ACCESSIBLE,0.6005199306759099,1.665223665223665,NO_RECOVERY
7.071428571428572,12.26530612244898,True,True,48.5,1.5,0.42511661279611407,1.5,ACCESSIBLE,0.5765391014975042,1.7344877344877343,NO_RECOVERY
7.071428571428572,12.755102040816325,True,True,49.900000000000006,0.09999999999999432,0.4337599426987547,0.09999999999999432,ACCESSIBLE,0.5544000000000001,1.8037518037518034,NO_RECOVERY
7.071428571428572,13.244897959183673,True,False,51.25,-1.25,0.44207342695896307,-1.25,TIME_COLLAPSED,0.5338983050847458,1.8730158730158728,LATE_RECOVERY
7.071428571428572,13.73469387755102,True,False,52.6,-2.6000000000000014,0.4500746787229623,-2.6000000000000014,TIME_COLLAPSED,0.5148588410104012,1.9422799422799422,LATE_RECOVERY
7.071428571428572,14.224489795918368,True,False,54.0,-4.0,0.4577848366148087,-4.0,TIME_COLLAPSED,0.4971305595408895,2.0115440115440113,LATE_RECOVERY
7.071428571428572,14.714285714285714,True,False,55.35,-5.350000000000001,0.46521739772483683,-5.350000000000001,TIME_COLLAPSED,0.4805825242718447,2.0808080808080804,LATE_RECOVERY
7.071428571428572,15.204081632653061,True,False,56.75,-6.75,0.4723875672783792,-6.75,TIME_COLLAPSED,0.46510067114093967,2.15007215007215,LATE_RECOVERY
7.071428571428572,15.693877551020408,True,False,58.150000000000006,-8.150000000000006,0.4793123335090227,-8.150000000000006,TIME_COLLAPSED,0.4505851755526658,2.219336219336219,LATE_RECOVERY
7.071428571428572,16.183673469387756,True,False,59.5,-9.5,0.48600253152088385,-9.5,TIME_COLLAPSED,0.4369482976040353,2.2886002886002883,LATE_RECOVERY
7.071428571428572,16.6734693877551,True,False,60.900000000000006,-10.900000000000006,0.4924703993568193,-10.900000000000006,TIME_COLLAPSED,0.4241126070991433,2.3578643578643574,LATE_RECOVERY
7.071428571428572,17.163265306122447,True,False,62.300000000000004,-12.300000000000004,0.49872741380669555,-12.300000000000004,TIME_COLLAPSED,0.41200951248513684,2.4271284271284266,LATE_RECOVERY
7.071428571428572,17.653061224489797,True,False,63.7,-13.700000000000003,0.5047841790845452,-13.700000000000003,TIME_COLLAPSED,0.4005780346820809,2.496392496392496,LATE_RECOVERY
7.071428571428572,18.142857142857142,True,False,65.10000000000001,-15.100000000000009,0.5106504823319864,-15.100000000000009,TIME_COLLAPSED,0.3897637795275591,2.5656565656565653,LATE_RECOVERY
7.071428571428572,18.632653061224488,True,False,66.5,-16.5,0.5163353722310265,-16.5,TIME_COLLAPSED,0.3795180722891567,2.6349206349206344,LATE_RECOVERY
7.071428571428572,19.122448979591837,True,False,67.9,-17.900000000000006,0.5218478324517225,-17.900000000000006,TIME_COLLAPSED,0.3697972251867663,2.704184704184704,LATE_RECOVERY
7.071428571428572,19.612244897959183,True,False,69.3,-19.299999999999997,0.5271971700405814,-19.299999999999997,TIME_COLLAPSED,0.3605619146722165,2.773448773448773,LATE_RECOVERY
7.071428571428572,20.10204081632653,True,False,70.7,-20.700000000000003,0.5323889322607942,-20.700000000000003,TIME_COLLAPSED,0.35177664974619294,2.8427128427128423,LATE_RECOVERY
7.071428571428572,20.591836734693878,True,False,72.10000000000001,-22.10000000000001,0.5374298089358737,-22.10000000000001,TIME_COLLAPSED,0.34340931615460857,2.911976911976912,LATE_RECOVERY
7.071428571428572,21.081632653061224,True,False,73.5,-23.5,0.5423289848549401,-23.5,TIME_COLLAPSED,0.335430784123911,2.981240981240981,LATE_RECOVERY
7.071428571428572,21.57142857142857,True,False,74.9,-24.900000000000006,0.5470909191678759,-24.900000000000006,TIME_COLLAPSED,0.3278145695364239,3.05050505050505,LATE_RECOVERY
7.071428571428572,22.06122448979592,True,False,76.3,-26.299999999999997,0.5517209442551516,-26.299999999999997,TIME_COLLAPSED,0.3205365402405181,3.1197691197691197,LATE_RECOVERY
7.071428571428572,22.551020408163264,True,False,77.7,-27.700000000000003,0.5562272002841202,-27.700000000000003,TIME_COLLAPSED,0.3135746606334842,3.1890331890331884,LATE_RECOVERY
7.071428571428572,23.04081632653061,True,False,79.15,-29.150000000000006,0.5606114570004721,-29.150000000000006,TIME_COLLAPSED,0.3069087688219664,3.2582972582972576,LATE_RECOVERY
7.071428571428572,23.53061224489796,False,False,,-inf,0.5648823588068115,,TIME_COLLAPSED,0.300520381613183,3.327561327561327,NO_RECOVERY
7.071428571428572,24.020408163265305,False,False,,-inf,0.5690413539576775,,TIME_COLLAPSED,0.294392523364486,3.3968253968253963,NO_RECOVERY
7.071428571428572,24.51020408163265,False,False,,-inf,0.5730947483016939,,TIME_COLLAPSED,0.28850957535387184,3.4660894660894654,NO_RECOVERY
7.071428571428572,25.0,False,False,,-inf,0.5770465476444425,,TIME_COLLAPSED,0.28285714285714286,3.535353535353535,NO_RECOVERY
7.306122448979592,1.0,True,True,13.950000000000001,36.05,0.054111865771733415,36.05,ACCESSIBLE,7.306122448979592,0.13687150837988826,HIGH_MARGIN_ACCESSIBLE
7.306122448979592,1.489795918367347,True,True,18.650000000000002,31.349999999999998,0.07978098601522451,31.349999999999998,ACCESSIBLE,4.904109589041096,0.20391061452513967,HIGH_MARGIN_ACCESSIBLE
7.306122448979592,1.9795918367346939,True,True,21.1,28.9,0.10455831938306596,28.9,ACCESSIBLE,3.6907216494845363,0.270949720670391,HIGH_MARGIN_ACCESSIBLE
7.306122448979592,2.4693877551020407,True,True,22.900000000000002,27.099999999999998,0.12827536152074925,27.099999999999998,ACCESSIBLE,2.9586776859504136,0.3379888268156424,HIGH_MARGIN_ACCESSIBLE
7.306122448979592,2.9591836734693877,True,True,24.450000000000003,25.549999999999997,0.15084635909472138,25.549999999999997,ACCESSIBLE,2.4689655172413794,0.40502793296089384,HIGH_MARGIN_ACCESSIBLE
7.306122448979592,3.4489795918367347,True,True,25.8,24.2,0.17225315407277977,24.2,ACCESSIBLE,2.1183431952662723,0.4720670391061452,HIGH_MARGIN_ACCESSIBLE
7.306122448979592,3.9387755102040813,True,True,27.1,22.9,0.19252060386729336,22.9,ACCESSIBLE,1.8549222797927465,0.5391061452513966,HIGH_MARGIN_ACCESSIBLE
7.306122448979592,4.428571428571429,True,True,28.35,21.65,0.21169640974373294,21.65,ACCESSIBLE,1.6497695852534562,0.606145251396648,HIGH_MARGIN_ACCESSIBLE
7.306122448979592,4.918367346938775,True,True,29.55,20.45,0.22984118044512875,20.45,ACCESSIBLE,1.4854771784232366,0.6731843575418994,HIGH_MARGIN_ACCESSIBLE
7.306122448979592,5.408163265306122,True,True,30.75,19.25,0.24702030002914646,19.25,ACCESSIBLE,1.3509433962264152,0.7402234636871508,LOW_MARGIN_ACCESSIBLE
7.306122448979592,5.8979591836734695,True,True,31.950000000000003,18.049999999999997,0.2632972900609015,18.049999999999997,ACCESSIBLE,1.2387543252595157,0.8072625698324022,LOW_MARGIN_ACCESSIBLE
7.306122448979592,6.387755102040816,True,True,33.15,16.85,0.2787350585310071,16.85,ACCESSIBLE,1.1437699680511184,0.8743016759776535,LOW_MARGIN_ACCESSIBLE
7.306122448979592,6.877551020408163,True,True,34.4,15.600000000000001,0.2933920523879046,15.600000000000001,ACCESSIBLE,1.0623145400593474,0.9413407821229048,LOW_MARGIN_ACCESSIBLE
7.306122448979592,7.36734693877551,True,True,35.6,14.399999999999999,0.3073248592902175,14.399999999999999,ACCESSIBLE,0.9916897506925209,1.0083798882681563,LOW_MARGIN_ACCESSIBLE
7.306122448979592,7.857142857142857,True,True,36.85,13.149999999999999,0.3205828209968395,13.149999999999999,ACCESSIBLE,0.92987012987013,1.0754189944134076,LOW_MARGIN_ACCESSIBLE
7.306122448979592,8.346938775510203,True,True,38.1,11.899999999999999,0.33321538939224477,11.899999999999999,ACCESSIBLE,0.8753056234718828,1.142458100558659,LOW_MARGIN_ACCESSIBLE
7.306122448979592,8.83673469387755,True,True,39.400000000000006,10.599999999999994,0.3452637893731224,10.599999999999994,ACCESSIBLE,0.8267898383371826,1.2094972067039105,LOW_MARGIN_ACCESSIBLE
7.306122448979592,9.326530612244898,True,True,40.7,9.299999999999997,0.35676968090581485,9.299999999999997,ACCESSIBLE,0.7833698030634574,1.276536312849162,LOW_MARGIN_ACCESSIBLE
7.306122448979592,9.816326530612244,True,True,42.0,8.0,0.3677680168317535,8.0,ACCESSIBLE,0.7442827442827444,1.3435754189944131,LOW_MARGIN_ACCESSIBLE
7.306122448979592,10.306122448979592,True,True,43.300000000000004,6.699999999999996,0.3782921779502707,6.699999999999996,ACCESSIBLE,0.708910891089109,1.4106145251396647,LOW_MARGIN_ACCESSIBLE
7.306122448979592,10.795918367346939,True,True,44.6,5.399999999999999,0.3883722784488482,5.399999999999999,ACCESSIBLE,0.6767485822306238,1.4776536312849162,LOW_MARGIN_ACCESSIBLE
7.306122448979592,11.285714285714285,True,True,45.95,4.049999999999997,0.3980389759021568,4.049999999999997,ACCESSIBLE,0.6473779385171792,1.5446927374301673,NO_RECOVERY
7.306122448979592,11.775510204081632,True,True,47.300000000000004,2.6999999999999957,0.40731596499195155,2.6999999999999957,ACCESSIBLE,0.6204506065857887,1.6117318435754189,NO_RECOVERY
7.306122448979592,12.26530612244898,True,True,48.650000000000006,1.3499999999999943,0.41622696223392414,1.3499999999999943,ACCESSIBLE,0.5956738768718802,1.6787709497206702,NO_RECOVERY
7.306122448979592,12.755102040816325,True,True,50.0,0.0,0.4247956859951778,0.0,ACCESSIBLE,0.5728000000000001,1.7458100558659215,NO_RECOVERY
7.306122448979592,13.244897959183673,True,False,51.35,-1.3500000000000014,0.43304078173780575,-1.3500000000000014,TIME_COLLAPSED,0.5516178736517721,1.8128491620111729,LATE_RECOVERY
7.306122448979592,13.73469387755102,True,False,52.7,-2.700000000000003,0.44097962169743554,-2.700000000000003,TIME_COLLAPSED,0.5319465081723626,1.8798882681564244,LATE_RECOVERY
7.306122448979592,14.224489795918368,True,False,54.1,-4.100000000000001,0.44863278732772904,-4.100000000000001,TIME_COLLAPSED,0.5136298421807748,1.946927374301676,LATE_RECOVERY
7.306122448979592,14.714285714285714,True,False,55.45,-5.450000000000003,0.4560121860717437,-5.450000000000003,TIME_COLLAPSED,0.4965325936199723,2.013966480446927,LATE_RECOVERY
7.306122448979592,15.204081632653061,True,False,56.85,-6.850000000000001,0.4631371491320901,-6.850000000000001,TIME_COLLAPSED,0.48053691275167787,2.0810055865921786,LATE_RECOVERY
7.306122448979592,15.693877551020408,True,False,58.2,-8.200000000000003,0.47001771978125145,-8.200000000000003,TIME_COLLAPSED,0.4655396618985696,2.14804469273743,LATE_RECOVERY
7.306122448979592,16.183673469387756,True,False,59.6,-9.600000000000001,0.4766673370482036,-9.600000000000001,TIME_COLLAPSED,0.4514501891551072,2.2150837988826817,LATE_RECOVERY
7.306122448979592,16.6734693877551,True,False,60.95,-10.950000000000003,0.4830983371195864,-10.950000000000003,TIME_COLLAPSED,0.4381884944920441,2.282122905027933,LATE_RECOVERY
7.306122448979592,17.163265306122447,True,False,62.35,-12.350000000000001,0.4893229101359558,-12.350000000000001,TIME_COLLAPSED,0.4256837098692034,2.349162011173184,LATE_RECOVERY
7.306122448979592,17.653061224489797,True,False,63.75,-13.75,0.4953499647514825,-13.75,TIME_COLLAPSED,0.4138728323699422,2.4162011173184355,LATE_RECOVERY
7.306122448979592,18.142857142857142,True,False,65.15,-15.150000000000006,0.501189180938154,-15.150000000000006,TIME_COLLAPSED,0.40269966254218226,2.483240223463687,LATE_RECOVERY
7.306122448979592,18.632653061224488,True,False,66.55,-16.549999999999997,0.5068495135845171,-16.549999999999997,TIME_COLLAPSED,0.3921139101861994,2.550279329608938,LATE_RECOVERY
7.306122448979592,19.122448979591837,True,False,67.95,-17.950000000000003,0.5123407000745391,-17.950000000000003,TIME_COLLAPSED,0.3820704375667023,2.6173184357541897,LATE_RECOVERY
7.306122448979592,19.612244897959183,True,False,69.3,-19.299999999999997,0.5176695222828337,-19.299999999999997,TIME_COLLAPSED,0.372528616024974,2.684357541899441,LATE_RECOVERY
7.306122448979592,20.10204081632653,True,False,70.7,-20.700000000000003,0.5228430478748267,-20.700000000000003,TIME_COLLAPSED,0.36345177664974626,2.7513966480446923,LATE_RECOVERY
7.306122448979592,20.591836734693878,True,False,72.10000000000001,-22.10000000000001,0.5278679300265131,-22.10000000000001,TIME_COLLAPSED,0.354806739345887,2.818435754189944,LATE_RECOVERY
7.306122448979592,21.081632653061224,True,False,73.5,-23.5,0.5327515745637884,-23.5,TIME_COLLAPSED,0.3465634075508229,2.8854748603351954,LATE_RECOVERY
7.306122448979592,21.57142857142857,True,False,74.9,-24.900000000000006,0.5375010187552788,-24.900000000000006,TIME_COLLAPSED,0.3386944181646169,2.9525139664804465,LATE_RECOVERY
7.306122448979592,22.06122448979592,True,False,76.3,-26.299999999999997,0.5421195265388048,-26.299999999999997,TIME_COLLAPSED,0.33117483811285847,3.019553072625698,LATE_RECOVERY
7.306122448979592,22.551020408163264,True,False,77.7,-27.700000000000003,0.546615023725343,-27.700000000000003,TIME_COLLAPSED,0.3239819004524887,3.086592178770949,LATE_RECOVERY
7.306122448979592,23.04081632653061,True,False,79.10000000000001,-29.10000000000001,0.5509912171353206,-29.10000000000001,TIME_COLLAPSED,0.31709477413640397,3.1536312849162007,LATE_RECOVERY
7.306122448979592,23.53061224489796,False,False,,-inf,0.5552532210590433,,TIME_COLLAPSED,0.3104943625325239,3.2206703910614523,NO_RECOVERY
7.306122448979592,24.020408163265305,False,False,,-inf,0.559406014213281,,TIME_COLLAPSED,0.3041631265930332,3.2877094972067034,NO_RECOVERY
7.306122448979592,24.51020408163265,False,False,,-inf,0.5634536683988619,,TIME_COLLAPSED,0.29808492922564533,3.354748603351955,NO_RECOVERY
7.306122448979592,25.0,False,False,,-inf,0.5673997214135102,,TIME_COLLAPSED,0.2922448979591837,3.4217877094972065,NO_RECOVERY
7.540816326530613,1.0,True,True,13.350000000000001,36.65,0.052455884113345785,36.65,ACCESSIBLE,7.540816326530613,0.13261163734776724,HIGH_MARGIN_ACCESSIBLE
7.540816326530613,1.489795918367347,True,True,18.650000000000002,31.349999999999998,0.07738306500816963,31.349999999999998,ACCESSIBLE,5.061643835616438,0.1975642760487145,HIGH_MARGIN_ACCESSIBLE
7.540816326530613,1.9795918367346939,True,True,21.200000000000003,28.799999999999997,0.10148182685124946,28.799999999999997,ACCESSIBLE,3.809278350515464,0.2625169147496617,HIGH_MARGIN_ACCESSIBLE
7.540816326530613,2.4693877551020407,True,True,23.05,26.95,0.12458408572421764,26.95,ACCESSIBLE,3.0537190082644634,0.3274695534506089,HIGH_MARGIN_ACCESSIBLE
7.540816326530613,2.9591836734693877,True,True,24.650000000000002,25.349999999999998,0.14660285259496014,25.349999999999998,ACCESSIBLE,2.548275862068966,0.3924221921515561,HIGH_MARGIN_ACCESSIBLE
7.540816326530613,3.4489795918367347,True,True,26.05,23.95,0.16751395365467803,23.95,ACCESSIBLE,2.1863905325443787,0.45737483085250336,HIGH_MARGIN_ACCESSIBLE
7.540816326530613,3.9387755102040813,True,True,27.35,22.65,0.18733665581349745,22.65,ACCESSIBLE,1.9145077720207258,0.5223274695534506,HIGH_MARGIN_ACCESSIBLE
7.540816326530613,4.428571428571429,True,True,28.6,21.4,0.2061143866522415,21.4,ACCESSIBLE,1.7027649769585254,0.5872801082543978,HIGH_MARGIN_ACCESSIBLE
7.540816326530613,4.918367346938775,True,True,29.8,20.2,0.22390177310937276,20.2,ACCESSIBLE,1.533195020746888,0.652232746955345,HIGH_MARGIN_ACCESSIBLE
7.540816326530613,5.408163265306122,True,True,31.0,19.0,0.2407586160082969,19.0,ACCESSIBLE,1.3943396226415097,0.7171853856562922,LOW_MARGIN_ACCESSIBLE
7.540816326530613,5.8979591836734695,True,True,32.2,17.799999999999997,0.2567464949853303,17.799999999999997,ACCESSIBLE,1.2785467128027683,0.7821380243572394,LOW_MARGIN_ACCESSIBLE
7.540816326530613,6.387755102040816,True,True,33.4,16.6,0.27192234772496326,16.6,ACCESSIBLE,1.1805111821086263,0.8470906630581867,LOW_MARGIN_ACCESSIBLE
7.540816326530613,6.877551020408163,True,True,34.6,15.399999999999999,0.2863442445791149,15.399999999999999,ACCESSIBLE,1.096439169139466,0.9120433017591338,LOW_MARGIN_ACCESSIBLE
7.540816326530613,7.36734693877551,True,True,35.800000000000004,14.199999999999996,0.3000642719782488,14.199999999999996,ACCESSIBLE,1.0235457063711912,0.9769959404600811,LOW_MARGIN_ACCESSIBLE
7.540816326530613,7.857142857142857,True,True,37.050000000000004,12.949999999999996,0.3131287683768224,12.949999999999996,ACCESSIBLE,0.9597402597402599,1.0419485791610283,LOW_MARGIN_ACCESSIBLE
7.540816326530613,8.346938775510203,True,True,38.300000000000004,11.699999999999996,0.32558643556567474,11.699999999999996,ACCESSIBLE,0.9034229828850857,1.1069012178619755,LOW_MARGIN_ACCESSIBLE
7.540816326530613,8.83673469387755,True,True,39.550000000000004,10.449999999999996,0.3374760181416674,10.449999999999996,ACCESSIBLE,0.8533487297921479,1.1718538565629228,LOW_MARGIN_ACCESSIBLE
7.540816326530613,9.326530612244898,True,True,40.85,9.149999999999999,0.348835761347832,9.149999999999999,ACCESSIBLE,0.8085339168490153,1.23680649526387,LOW_MARGIN_ACCESSIBLE
7.540816326530613,9.816326530612244,True,True,42.150000000000006,7.849999999999994,0.35970230049443624,7.849999999999994,ACCESSIBLE,0.7681912681912683,1.3017591339648171,LOW_MARGIN_ACCESSIBLE
7.540816326530613,10.306122448979592,True,True,43.45,6.549999999999997,0.3701062006310768,6.549999999999997,ACCESSIBLE,0.7316831683168318,1.3667117726657645,LOW_MARGIN_ACCESSIBLE
7.540816326530613,10.795918367346939,True,True,44.75,5.25,0.38007764126925386,5.25,ACCESSIBLE,0.6984877126654064,1.4316644113667116,LOW_MARGIN_ACCESSIBLE
7.540816326530613,11.285714285714285,True,True,46.1,3.8999999999999986,0.38964275830550077,3.8999999999999986,ACCESSIBLE,0.6681735985533455,1.4966170500676588,NO_RECOVERY
7.540816326530613,11.775510204081632,True,True,47.400000000000006,2.5999999999999943,0.3988273830686284,2.5999999999999943,ACCESSIBLE,0.6403812824956673,1.5615696887686061,NO_RECOVERY
7.540816326530613,12.26530612244898,True,True,48.75,1.25,0.4076548392358166,1.25,ACCESSIBLE,0.6148086522462562,1.6265223274695533,NO_RECOVERY
7.540816326530613,12.755102040816325,True,False,50.1,-0.10000000000000142,0.4161462198079618,-0.10000000000000142,TIME_COLLAPSED,0.5912000000000001,1.6914749661705004,LATE_RECOVERY
7.540816326530613,13.244897959183673,True,False,51.45,-1.4500000000000028,0.4243205777656475,-1.4500000000000028,TIME_COLLAPSED,0.5693374422187982,1.7564276048714478,LATE_RECOVERY
7.540816326530613,13.73469387755102,True,False,52.800000000000004,-2.8000000000000043,0.43219525832685557,-2.8000000000000043,TIME_COLLAPSED,0.549034175334324,1.821380243572395,LATE_RECOVERY
7.540816326530613,14.224489795918368,True,False,54.2,-4.200000000000003,0.4397879408063219,-4.200000000000003,TIME_COLLAPSED,0.53012912482066,1.8863328822733423,LATE_RECOVERY
7.540816326530613,14.714285714285714,True,False,55.550000000000004,-5.550000000000004,0.44711446944940475,-5.550000000000004,TIME_COLLAPSED,0.5124826629681,1.9512855209742894,LATE_RECOVERY
7.540816326530613,15.204081632653061,True,False,56.900000000000006,-6.900000000000006,0.45418812505347733,-6.900000000000006,TIME_COLLAPSED,0.4959731543624161,2.0162381596752366,LATE_RECOVERY
7.540816326530613,15.693877551020408,True,False,58.300000000000004,-8.300000000000004,0.4610223560727462,-8.300000000000004,TIME_COLLAPSED,0.48049414824447334,2.081190798376184,LATE_RECOVERY
7.540816326530613,16.183673469387756,True,False,59.650000000000006,-9.650000000000006,0.46763130866130304,-9.650000000000006,TIME_COLLAPSED,0.46595208070617905,2.1461434370771313,LATE_RECOVERY
7.540816326530613,16.6734693877551,True,False,61.050000000000004,-11.050000000000004,0.47402442670474815,-11.050000000000004,TIME_COLLAPSED,0.45226438188494494,2.2110960757780784,LATE_RECOVERY
7.540816326530613,17.163265306122447,True,False,62.400000000000006,-12.400000000000006,0.48021295985907414,-12.400000000000006,TIME_COLLAPSED,0.43935790725327,2.2760487144790256,LATE_RECOVERY
7.540816326530613,17.653061224489797,True,False,63.800000000000004,-13.800000000000004,0.4862072315872061,-13.800000000000004,TIME_COLLAPSED,0.4271676300578035,2.3410013531799727,LATE_RECOVERY
7.540816326530613,18.142857142857142,True,False,65.2,-15.200000000000003,0.4920167858160002,-15.200000000000003,TIME_COLLAPSED,0.41563554555680543,2.40595399188092,LATE_RECOVERY
7.540816326530613,18.632653061224488,True,False,66.55,-16.549999999999997,0.49765045091943066,-16.549999999999997,TIME_COLLAPSED,0.4047097480832421,2.470906630581867,LATE_RECOVERY
7.540816326530613,19.122448979591837,True,False,67.95,-17.950000000000003,0.5031164153067393,-17.950000000000003,TIME_COLLAPSED,0.39434364994663823,2.5358592692828146,LATE_RECOVERY
7.540816326530613,19.612244897959183,True,False,69.35000000000001,-19.35000000000001,0.5084222702979563,-19.35000000000001,TIME_COLLAPSED,0.38449531737773157,2.6008119079837617,LATE_RECOVERY
7.540816326530613,20.10204081632653,True,False,70.75,-20.75,0.5135750718186466,-20.75,TIME_COLLAPSED,0.37512690355329953,2.665764546684709,LATE_RECOVERY
7.540816326530613,20.591836734693878,True,False,72.15,-22.150000000000006,0.5185813880696327,-22.150000000000006,TIME_COLLAPSED,0.36620416253716553,2.730717185385656,LATE_RECOVERY
7.540816326530613,21.081632653061224,True,False,73.55,-23.549999999999997,0.5234473429697395,-23.549999999999997,TIME_COLLAPSED,0.3576960309777348,2.795669824086603,LATE_RECOVERY
7.540816326530613,21.57142857142857,True,False,74.95,-24.950000000000003,0.528181587165441,-24.950000000000003,TIME_COLLAPSED,0.3495742667928099,2.8606224627875503,LATE_RECOVERY
7.540816326530613,22.06122448979592,True,False,76.35000000000001,-26.35000000000001,0.5327869109482822,-26.35000000000001,TIME_COLLAPSED,0.3418131359851989,2.925575101488498,LATE_RECOVERY
7.540816326530613,22.551020408163264,True,False,77.7,-27.700000000000003,0.5372682840956033,-27.700000000000003,TIME_COLLAPSED,0.33438914027149325,2.990527740189445,LATE_RECOVERY
7.540816326530613,23.04081632653061,True,False,79.10000000000001,-29.10000000000001,0.5416343732538845,-29.10000000000001,TIME_COLLAPSED,0.3272807794508415,3.055480378890392,LATE_RECOVERY
7.540816326530613,23.53061224489796,False,False,,-inf,0.5458858927803076,,TIME_COLLAPSED,0.3204683434518647,3.1204330175913393,NO_RECOVERY
7.540816326530613,24.020408163265305,False,False,,-inf,0.5500300425518595,,TIME_COLLAPSED,0.3139337298215803,3.1853856562922864,NO_RECOVERY
7.540816326530613,24.51020408163265,False,False,,-inf,0.5540693225323696,,TIME_COLLAPSED,0.3076602830974189,3.2503382949932336,NO_RECOVERY
7.540816326530613,25.0,False,False,,-inf,0.558009367545601,,TIME_COLLAPSED,0.3016326530612245,3.315290933694181,NO_RECOVERY
7.775510204081633,1.0,True,True,12.5,37.5,0.050897538828405975,37.5,ACCESSIBLE,7.775510204081633,0.12860892388451442,HIGH_MARGIN_ACCESSIBLE
7.775510204081633,1.489795918367347,True,True,18.6,31.4,0.07512310776887828,31.4,ACCESSIBLE,5.219178082191781,0.19160104986876642,HIGH_MARGIN_ACCESSIBLE
7.775510204081633,1.9795918367346939,True,True,21.25,28.75,0.09857728094373547,28.75,ACCESSIBLE,3.927835051546392,0.2545931758530184,HIGH_MARGIN_ACCESSIBLE
7.775510204081633,2.4693877551020407,True,True,23.200000000000003,26.799999999999997,0.12109413093485573,26.799999999999997,ACCESSIBLE,3.148760330578513,0.3175853018372703,HIGH_MARGIN_ACCESSIBLE
7.775510204081633,2.9591836734693877,True,True,24.8,25.2,0.14258347265587681,25.2,ACCESSIBLE,2.627586206896552,0.38057742782152226,HIGH_MARGIN_ACCESSIBLE
7.775510204081633,3.4489795918367347,True,True,26.25,23.75,0.16301788466333375,23.75,ACCESSIBLE,2.2544378698224854,0.4435695538057743,HIGH_MARGIN_ACCESSIBLE
7.775510204081633,3.9387755102040813,True,True,27.55,22.45,0.1824111627574331,22.45,ACCESSIBLE,1.974093264248705,0.5065616797900262,HIGH_MARGIN_ACCESSIBLE
7.775510204081633,4.428571428571429,True,True,28.8,21.2,0.2008027445683017,21.2,ACCESSIBLE,1.7557603686635945,0.5695538057742782,HIGH_MARGIN_ACCESSIBLE
7.775510204081633,4.918367346938775,True,True,30.05,19.95,0.21824254903307835,19.95,ACCESSIBLE,1.5809128630705396,0.6325459317585301,LOW_MARGIN_ACCESSIBLE
7.775510204081633,5.408163265306122,True,True,31.25,18.75,0.2347861574761992,18.75,ACCESSIBLE,1.437735849056604,0.6955380577427821,LOW_MARGIN_ACCESSIBLE
7.775510204081633,5.8979591836734695,True,True,32.45,17.549999999999997,0.25048984061278656,17.549999999999997,ACCESSIBLE,1.3183391003460208,0.7585301837270341,LOW_MARGIN_ACCESSIBLE
7.775510204081633,6.387755102040816,True,True,33.65,16.35,0.26541100923972877,16.35,ACCESSIBLE,1.2172523961661343,0.821522309711286,LOW_MARGIN_ACCESSIBLE
7.775510204081633,6.877551020408163,True,True,34.85,15.149999999999999,0.2796008037944378,15.149999999999999,ACCESSIBLE,1.1305637982195846,0.8845144356955379,LOW_MARGIN_ACCESSIBLE
7.775510204081633,7.36734693877551,True,True,36.050000000000004,13.949999999999996,0.2931097506949736,13.949999999999996,ACCESSIBLE,1.0554016620498616,0.94750656167979,LOW_MARGIN_ACCESSIBLE
7.775510204081633,7.857142857142857,True,True,37.25,12.75,0.3059831377913708,12.75,ACCESSIBLE,0.9896103896103897,1.0104986876640418,LOW_MARGIN_ACCESSIBLE
7.775510204081633,8.346938775510203,True,True,38.5,11.5,0.31826696294278645,11.5,ACCESSIBLE,0.9315403422982886,1.073490813648294,LOW_MARGIN_ACCESSIBLE
7.775510204081633,8.83673469387755,True,True,39.75,10.25,0.32999811140600216,10.25,ACCESSIBLE,0.8799076212471132,1.1364829396325458,LOW_MARGIN_ACCESSIBLE
7.775510204081633,9.326530612244898,True,True,41.050000000000004,8.949999999999996,0.3412136938698459,8.949999999999996,ACCESSIBLE,0.8336980306345733,1.1994750656167978,LOW_MARGIN_ACCESSIBLE
7.775510204081633,9.816326530612244,True,True,42.300000000000004,7.699999999999996,0.35194703174126335,7.699999999999996,ACCESSIBLE,0.7920997920997922,1.2624671916010497,LOW_MARGIN_ACCESSIBLE
7.775510204081633,10.306122448979592,True,True,43.6,6.399999999999999,0.36223018130731693,6.399999999999999,ACCESSIBLE,0.7544554455445546,1.3254593175853018,LOW_MARGIN_ACCESSIBLE
7.775510204081633,10.795918367346939,True,True,44.900000000000006,5.099999999999994,0.37209060823431334,5.099999999999994,ACCESSIBLE,0.720226843100189,1.3884514435695539,LOW_MARGIN_ACCESSIBLE
7.775510204081633,11.285714285714285,True,True,46.25,3.75,0.38155511683715543,3.75,ACCESSIBLE,0.6889692585895119,1.4514435695538055,NO_RECOVERY
7.775510204081633,11.775510204081632,True,True,47.550000000000004,2.4499999999999957,0.3906467591791579,2.4499999999999957,ACCESSIBLE,0.660311958405546,1.5144356955380576,NO_RECOVERY
7.775510204081633,12.26530612244898,True,True,48.900000000000006,1.0999999999999943,0.3993884062402219,1.0999999999999943,ACCESSIBLE,0.6339434276206323,1.5774278215223096,NO_RECOVERY
7.775510204081633,12.755102040816325,True,False,50.25,-0.25,0.40780080140149455,-0.25,TIME_COLLAPSED,0.6096000000000001,1.6404199475065615,LATE_RECOVERY
7.775510204081633,13.244897959183673,True,False,51.550000000000004,-1.5500000000000043,0.4159027302945277,-1.5500000000000043,TIME_COLLAPSED,0.5870570107858244,1.7034120734908136,LATE_RECOVERY
7.775510204081633,13.73469387755102,True,False,52.900000000000006,-2.9000000000000057,0.4237112166903084,-2.9000000000000057,TIME_COLLAPSED,0.5661218424962853,1.7664041994750654,LATE_RECOVERY
7.775510204081633,14.224489795918368,True,False,54.300000000000004,-4.300000000000004,0.4312418027381662,-4.300000000000004,TIME_COLLAPSED,0.5466284074605452,1.8293963254593175,LATE_RECOVERY
7.775510204081633,14.714285714285714,True,False,55.650000000000006,-5.650000000000006,0.43851266473560957,-5.650000000000006,TIME_COLLAPSED,0.5284327323162276,1.8923884514435694,LATE_RECOVERY
7.775510204081633,15.204081632653061,True,False,57.0,-7.0,0.44553375270700407,-7.0,TIME_COLLAPSED,0.5114093959731544,1.9553805774278215,LATE_RECOVERY
7.775510204081633,15.693877551020408,True,False,58.35,-8.350000000000001,0.4523215106248941,-8.350000000000001,TIME_COLLAPSED,0.49544863459037713,2.0183727034120733,LATE_RECOVERY
7.775510204081633,16.183673469387756,True,False,59.75,-9.75,0.45888494774147953,-9.75,TIME_COLLAPSED,0.48045397225725095,2.0813648293963256,LATE_RECOVERY
7.775510204081633,16.6734693877551,True,False,61.1,-11.100000000000001,0.4652374485290751,-11.100000000000001,TIME_COLLAPSED,0.46634026927784583,2.1443569553805775,LATE_RECOVERY
7.775510204081633,17.163265306122447,True,False,62.5,-12.5,0.47138937184897073,-12.5,TIME_COLLAPSED,0.45303210463733656,2.207349081364829,LATE_RECOVERY
7.775510204081633,17.653061224489797,True,False,63.85,-13.850000000000001,0.47734953763306825,-13.850000000000001,TIME_COLLAPSED,0.44046242774566474,2.270341207349081,LATE_RECOVERY
7.775510204081633,18.142857142857142,True,False,65.25,-15.25,0.4831274070165744,-15.25,TIME_COLLAPSED,0.4285714285714286,2.333333333333333,LATE_RECOVERY
7.775510204081633,18.632653061224488,True,False,66.60000000000001,-16.60000000000001,0.48873172871145054,-16.60000000000001,TIME_COLLAPSED,0.41730558598028483,2.396325459317585,LATE_RECOVERY
7.775510204081633,19.122448979591837,True,False,68.0,-18.0,0.49417061010112656,-18.0,TIME_COLLAPSED,0.4066168623265742,2.459317585301837,LATE_RECOVERY
7.775510204081633,19.612244897959183,True,False,69.4,-19.400000000000006,0.49945156583867056,-19.400000000000006,TIME_COLLAPSED,0.3964620187304891,2.522309711286089,LATE_RECOVERY
7.775510204081633,20.10204081632653,True,False,70.8,-20.799999999999997,0.5045815815606378,-20.799999999999997,TIME_COLLAPSED,0.38680203045685285,2.585301837270341,LATE_RECOVERY
7.775510204081633,20.591836734693878,True,False,72.15,-22.150000000000006,0.5095671699898782,-22.150000000000006,TIME_COLLAPSED,0.377601585728444,2.648293963254593,LATE_RECOVERY
7.775510204081633,21.081632653061224,True,False,73.55,-23.549999999999997,0.5144144036380092,-23.549999999999997,TIME_COLLAPSED,0.3688286544046467,2.711286089238845,LATE_RECOVERY
7.775510204081633,21.57142857142857,True,False,74.95,-24.950000000000003,0.5191303303536124,-24.950000000000003,TIME_COLLAPSED,0.3604541154210029,2.774278215223097,LATE_RECOVERY
7.775510204081633,22.06122448979592,True,False,76.35000000000001,-26.35000000000001,0.523720139203711,-26.35000000000001,TIME_COLLAPSED,0.35245143385753935,2.837270341207349,LATE_RECOVERY
7.775510204081633,22.551020408163264,True,False,77.75,-27.75,0.5281878471518643,-27.75,TIME_COLLAPSED,0.3447963800904978,2.9002624671916006,LATE_RECOVERY
7.775510204081633,23.04081632653061,True,False,79.10000000000001,-29.10000000000001,0.5325390882599755,-29.10000000000001,TIME_COLLAPSED,0.3374667847652791,2.9632545931758525,LATE_RECOVERY
7.775510204081633,23.53061224489796,False,False,,-inf,0.5367798591763485,,TIME_COLLAPSED,0.3304423243712056,3.026246719160105,NO_RECOVERY
7.775510204081633,24.020408163265305,False,False,,-inf,0.5409118636517166,,TIME_COLLAPSED,0.32370433305012747,3.0892388451443566,NO_RECOVERY
7.775510204081633,24.51020408163265,False,False,,-inf,0.5449424943771826,,TIME_COLLAPSED,0.3172356369691924,3.1522309711286085,NO_RECOVERY
7.775510204081633,25.0,False,False,,-inf,0.5488727141986988,,TIME_COLLAPSED,0.3110204081632653,3.215223097112861,NO_RECOVERY
8.010204081632654,1.0,True,True,10.05,39.95,0.04942849629215376,39.95,ACCESSIBLE,8.010204081632654,0.12484076433121018,HIGH_MARGIN_ACCESSIBLE
8.010204081632654,1.489795918367347,True,True,18.55,31.45,0.07298968148012,31.45,ACCESSIBLE,5.376712328767124,0.1859872611464968,HIGH_MARGIN_ACCESSIBLE
8.010204081632654,1.9795918367346939,True,True,21.35,28.65,0.09583092763477628,28.65,ACCESSIBLE,4.04639175257732,0.2471337579617834,HIGH_MARGIN_ACCESSIBLE
8.010204081632654,2.4693877551020407,True,True,23.35,26.65,0.11778870486429205,26.65,ACCESSIBLE,3.2438016528925626,0.30828025477707,HIGH_MARGIN_ACCESSIBLE
8.010204081632654,2.9591836734693877,True,True,24.950000000000003,25.049999999999997,0.1387703073266935,25.049999999999997,ACCESSIBLE,2.7068965517241383,0.3694267515923566,HIGH_MARGIN_ACCESSIBLE
8.010204081632654,3.4489795918367347,True,True,26.400000000000002,23.599999999999998,0.15874609476650622,23.599999999999998,ACCESSIBLE,2.322485207100592,0.43057324840764327,HIGH_MARGIN_ACCESSIBLE
8.010204081632654,3.9387755102040813,True,True,27.75,22.25,0.17772605259615282,22.25,ACCESSIBLE,2.0336787564766845,0.4917197452229298,HIGH_MARGIN_ACCESSIBLE
8.010204081632654,4.428571428571429,True,True,29.05,20.95,0.195743463179767,20.95,ACCESSIBLE,1.8087557603686637,0.5528662420382165,HIGH_MARGIN_ACCESSIBLE
8.010204081632654,4.918367346938775,True,True,30.25,19.75,0.2128455698260132,19.75,ACCESSIBLE,1.628630705394191,0.614012738853503,LOW_MARGIN_ACCESSIBLE
8.010204081632654,5.408163265306122,True,True,31.450000000000003,18.549999999999997,0.229083598955244,18.549999999999997,ACCESSIBLE,1.4811320754716986,0.6751592356687897,LOW_MARGIN_ACCESSIBLE
8.010204081632654,5.8979591836734695,True,True,32.65,17.35,0.24451143468047226,17.35,ACCESSIBLE,1.3581314878892736,0.7363057324840764,LOW_MARGIN_ACCESSIBLE
8.010204081632654,6.387755102040816,True,True,33.85,16.15,0.2591804949469606,16.15,ACCESSIBLE,1.2539936102236424,0.7974522292993629,LOW_MARGIN_ACCESSIBLE
8.010204081632654,6.877551020408163,True,True,35.050000000000004,14.949999999999996,0.2731431847587718,14.949999999999996,ACCESSIBLE,1.1646884272997036,0.8585987261146495,LOW_MARGIN_ACCESSIBLE
8.010204081632654,7.36734693877551,True,True,36.25,13.75,0.28644487582024775,13.75,ACCESSIBLE,1.087257617728532,0.9197452229299362,LOW_MARGIN_ACCESSIBLE
8.010204081632654,7.857142857142857,True,True,37.5,12.5,0.2991301057518522,12.5,ACCESSIBLE,1.0194805194805197,0.9808917197452227,LOW_MARGIN_ACCESSIBLE
8.010204081632654,8.346938775510203,True,True,38.7,11.299999999999997,0.3112415960975336,11.299999999999997,ACCESSIBLE,0.9596577017114917,1.0420382165605093,LOW_MARGIN_ACCESSIBLE
8.010204081632654,8.83673469387755,True,True,39.95,10.049999999999997,0.32281529372556445,10.049999999999997,ACCESSIBLE,0.9064665127020787,1.103184713375796,LOW_MARGIN_ACCESSIBLE
8.010204081632654,9.326530612244898,True,True,41.25,8.75,0.3338869561608771,8.75,ACCESSIBLE,0.8588621444201314,1.1643312101910828,LOW_MARGIN_ACCESSIBLE
8.010204081632654,9.816326530612244,True,True,42.5,7.5,0.344489114926786,7.5,ACCESSIBLE,0.8160083160083162,1.2254777070063692,LOW_MARGIN_ACCESSIBLE
8.010204081632654,10.306122448979592,True,True,43.800000000000004,6.199999999999996,0.35465090909537195,6.199999999999996,ACCESSIBLE,0.7772277227722774,1.2866242038216558,LOW_MARGIN_ACCESSIBLE
8.010204081632654,10.795918367346939,True,True,45.1,4.899999999999999,0.3644001872626278,4.899999999999999,ACCESSIBLE,0.7419659735349717,1.3477707006369426,NO_RECOVERY
8.010204081632654,11.285714285714285,True,True,46.400000000000006,3.5999999999999943,0.37376237389576566,3.5999999999999943,ACCESSIBLE,0.7097649186256783,1.408917197452229,NO_RECOVERY
8.010204081632654,11.775510204081632,True,True,47.7,2.299999999999997,0.3827607542837696,2.299999999999997,ACCESSIBLE,0.6802426343154248,1.4700636942675156,NO_RECOVERY
8.010204081632654,12.26530612244898,True,True,49.050000000000004,0.9499999999999957,0.39141605013137465,0.9499999999999957,ACCESSIBLE,0.6530782029950084,1.5312101910828024,NO_RECOVERY
8.010204081632654,12.755102040816325,True,False,50.35,-0.3500000000000014,0.39974859490490366,-0.3500000000000014,TIME_COLLAPSED,0.6280000000000001,1.5923566878980888,LATE_RECOVERY
8.010204081632654,13.244897959183673,True,False,51.7,-1.7000000000000028,0.4077768839071136,-1.7000000000000028,TIME_COLLAPSED,0.6047765793528507,1.6535031847133754,LATE_RECOVERY
8.010204081632654,13.73469387755102,True,False,53.050000000000004,-3.0500000000000043,0.41551770852717257,-3.0500000000000043,TIME_COLLAPSED,0.5832095096582467,1.714649681528662,LATE_RECOVERY
8.010204081632654,14.224489795918368,True,False,54.400000000000006,-4.400000000000006,0.4229863451451443,-4.400000000000006,TIME_COLLAPSED,0.5631276901004305,1.7757961783439489,LATE_RECOVERY
8.010204081632654,14.714285714285714,True,False,55.75,-5.75,0.4301981123000677,-5.75,TIME_COLLAPSED,0.5443828016643552,1.8369426751592353,LATE_RECOVERY
8.010204081632654,15.204081632653061,True,False,57.1,-7.100000000000001,0.43716709721072655,-7.100000000000001,TIME_COLLAPSED,0.5268456375838927,1.8980891719745219,LATE_RECOVERY
8.010204081632654,15.693877551020408,True,False,58.45,-8.450000000000003,0.4439038581650124,-8.450000000000003,TIME_COLLAPSED,0.5104031209362809,1.9592356687898087,LATE_RECOVERY
8.010204081632654,16.183673469387756,True,False,59.800000000000004,-9.800000000000004,0.4504229016167764,-9.800000000000004,TIME_COLLAPSED,0.49495586380832285,2.0203821656050955,LATE_RECOVERY
8.010204081632654,16.6734693877551,True,False,61.2,-11.200000000000003,0.4567331090022866,-11.200000000000003,TIME_COLLAPSED,0.4804161566707467,2.0815286624203817,LATE_RECOVERY
8.010204081632654,17.163265306122447,True,False,62.550000000000004,-12.550000000000004,0.4628445847611012,-12.550000000000004,TIME_COLLAPSED,0.46670630202140323,2.1426751592356683,LATE_RECOVERY
8.010204081632654,17.653061224489797,True,False,63.95,-13.950000000000003,0.46876897665652,-13.950000000000003,TIME_COLLAPSED,0.4537572254335261,2.2038216560509554,LATE_RECOVERY
8.010204081632654,18.142857142857142,True,False,65.3,-15.299999999999997,0.47451385452442235,-15.299999999999997,TIME_COLLAPSED,0.44150731158605183,2.2649681528662415,LATE_RECOVERY
8.010204081632654,18.632653061224488,True,False,66.7,-16.700000000000003,0.4800874456109123,-16.700000000000003,TIME_COLLAPSED,0.4299014238773276,2.326114649681528,LATE_RECOVERY
8.010204081632654,19.122448979591837,True,False,68.05,-18.049999999999997,0.48549776974357617,-18.049999999999997,TIME_COLLAPSED,0.4188900747065102,2.387261146496815,LATE_RECOVERY
8.010204081632654,19.612244897959183,True,False,69.45,-19.450000000000003,0.4907522682653241,-19.450000000000003,TIME_COLLAPSED,0.4084287200832467,2.4484076433121014,LATE_RECOVERY
8.010204081632654,20.10204081632653,True,False,70.8,-20.799999999999997,0.49585785877590394,-20.799999999999997,TIME_COLLAPSED,0.3984771573604062,2.509554140127388,LATE_RECOVERY
8.010204081632654,20.591836734693878,True,False,72.2,-22.200000000000003,0.5008209916455074,-22.200000000000003,TIME_COLLAPSED,0.38899900891972256,2.570700636942675,LATE_RECOVERY
8.010204081632654,21.081632653061224,True,False,73.60000000000001,-23.60000000000001,0.5056476813957796,-23.60000000000001,TIME_COLLAPSED,0.37996127783155864,2.631847133757961,LATE_RECOVERY
8.010204081632654,21.57142857142857,True,False,74.95,-24.950000000000003,0.5103437895694194,-24.950000000000003,TIME_COLLAPSED,0.37133396404919594,2.692993630573248,LATE_RECOVERY
8.010204081632654,22.06122448979592,True,False,76.35000000000001,-26.35000000000001,0.5149161464613975,-26.35000000000001,TIME_COLLAPSED,0.3630897317298798,2.754140127388535,LATE_RECOVERY
8.010204081632654,22.551020408163264,True,False,77.75,-27.75,0.5193681732322442,-27.75,TIME_COLLAPSED,0.35520361990950233,2.815286624203821,LATE_RECOVERY
8.010204081632654,23.04081632653061,True,False,79.15,-29.150000000000006,0.5237044592255476,-29.150000000000006,TIME_COLLAPSED,0.34765279007971667,2.8764331210191076,LATE_RECOVERY
8.010204081632654,23.53061224489796,False,False,,-inf,0.5279309140229519,,TIME_COLLAPSED,0.34041630529054645,2.9375796178343943,NO_RECOVERY
8.010204081632654,24.020408163265305,False,False,,-inf,0.5320517074888693,,TIME_COLLAPSED,0.33347493627867464,2.998726114649681,NO_RECOVERY
8.010204081632654,24.51020408163265,False,False,,-inf,0.5360691833954508,,TIME_COLLAPSED,0.32681099084096593,3.0598726114649675,NO_RECOVERY
8.010204081632654,25.0,False,False,,-inf,0.5399905537214691,,TIME_COLLAPSED,0.3204081632653062,3.121019108280254,NO_RECOVERY
8.244897959183675,1.0,True,True,10.05,39.95,0.04804133974245022,39.95,ACCESSIBLE,8.244897959183675,0.12128712871287127,HIGH_MARGIN_ACCESSIBLE
8.244897959183675,1.489795918367347,True,True,18.5,31.5,0.07097256961796362,31.5,ACCESSIBLE,5.534246575342467,0.1806930693069307,HIGH_MARGIN_ACCESSIBLE
8.244897959183675,1.9795918367346939,True,True,21.400000000000002,28.599999999999998,0.09323041802396524,28.599999999999998,ACCESSIBLE,4.164948453608248,0.24009900990099006,HIGH_MARGIN_ACCESSIBLE
8.244897959183675,2.4693877551020407,True,True,23.450000000000003,26.549999999999997,0.11465381104140382,26.549999999999997,ACCESSIBLE,3.3388429752066124,0.29950495049504944,HIGH_MARGIN_ACCESSIBLE
8.244897959183675,2.9591836734693877,True,True,25.150000000000002,24.849999999999998,0.1351498087846981,24.849999999999998,ACCESSIBLE,2.7862068965517244,0.35891089108910884,HIGH_MARGIN_ACCESSIBLE
8.244897959183675,3.4489795918367347,True,True,26.6,23.4,0.15468421167646593,23.4,ACCESSIBLE,2.3905325443786984,0.41831683168316824,HIGH_MARGIN_ACCESSIBLE
8.244897959183675,3.9387755102040813,True,True,28.0,22.0,0.1732644441026111,22.0,ACCESSIBLE,2.0932642487046635,0.47772277227722765,HIGH_MARGIN_ACCESSIBLE
8.244897959183675,4.428571428571429,True,True,29.25,20.75,0.190920007358129,20.75,ACCESSIBLE,1.8617511520737329,0.537128712871287,HIGH_MARGIN_ACCESSIBLE
8.244897959183675,4.918367346938775,True,True,30.5,19.5,0.20769428740271695,19.5,ACCESSIBLE,1.6763485477178426,0.5965346534653464,LOW_MARGIN_ACCESSIBLE
8.244897959183675,5.408163265306122,True,True,31.700000000000003,18.299999999999997,0.22363457724106106,18.299999999999997,ACCESSIBLE,1.5245283018867928,0.6559405940594057,LOW_MARGIN_ACCESSIBLE
8.244897959183675,5.8979591836734695,True,True,32.9,17.1,0.23879247869578746,17.1,ACCESSIBLE,1.397923875432526,0.7153465346534652,LOW_MARGIN_ACCESSIBLE
8.244897959183675,6.387755102040816,True,True,34.1,15.899999999999999,0.2532177595534902,15.899999999999999,ACCESSIBLE,1.2907348242811505,0.7747524752475247,LOW_MARGIN_ACCESSIBLE
8.244897959183675,6.877551020408163,True,True,35.300000000000004,14.699999999999996,0.26695579659227336,14.699999999999996,ACCESSIBLE,1.1988130563798223,0.834158415841584,LOW_MARGIN_ACCESSIBLE
8.244897959183675,7.36734693877551,True,True,36.5,13.5,0.2800541669429921,13.5,ACCESSIBLE,1.1191135734072024,0.8935643564356435,LOW_MARGIN_ACCESSIBLE
8.244897959183675,7.857142857142857,True,True,37.7,12.299999999999997,0.2925543211179448,12.299999999999997,ACCESSIBLE,1.0493506493506495,0.9529702970297028,LOW_MARGIN_ACCESSIBLE
8.244897959183675,8.346938775510203,True,True,38.95,11.049999999999997,0.30449564922956723,11.049999999999997,ACCESSIBLE,0.9877750611246946,1.0123762376237622,LOW_MARGIN_ACCESSIBLE
8.244897959183675,8.83673469387755,True,True,40.150000000000006,9.849999999999994,0.31591339643643473,9.849999999999994,ACCESSIBLE,0.933025404157044,1.0717821782178216,LOW_MARGIN_ACCESSIBLE
8.244897959183675,9.326530612244898,True,True,41.400000000000006,8.599999999999994,0.3268419199717008,8.599999999999994,ACCESSIBLE,0.8840262582056894,1.131188118811881,LOW_MARGIN_ACCESSIBLE
8.244897959183675,9.816326530612244,True,True,42.7,7.299999999999997,0.3373130200722791,7.299999999999997,ACCESSIBLE,0.8399168399168401,1.1905940594059403,LOW_MARGIN_ACCESSIBLE
8.244897959183675,10.306122448979592,True,True,43.95,6.049999999999997,0.3473551886752652,6.049999999999997,ACCESSIBLE,0.8000000000000002,1.2499999999999998,LOW_MARGIN_ACCESSIBLE
8.244897959183675,10.795918367346939,True,True,45.25,4.75,0.3569939902800193,4.75,ACCESSIBLE,0.7637051039697543,1.3094059405940592,NO_RECOVERY
8.244897959183675,11.285714285714285,True,True,46.550000000000004,3.4499999999999957,0.3662533925235055,3.4499999999999957,ACCESSIBLE,0.7305605786618447,1.3688118811881185,NO_RECOVERY
8.244897959183675,11.775510204081632,True,True,47.85,2.1499999999999986,0.3751576263509133,2.1499999999999986,ACCESSIBLE,0.7001733102253034,1.428217821782178,NO_RECOVERY
8.244897959183675,12.26530612244898,True,True,49.150000000000006,0.8499999999999943,0.38372637811777766,0.8499999999999943,ACCESSIBLE,0.6722129783693844,1.4876237623762374,NO_RECOVERY
8.244897959183675,12.755102040816325,True,False,50.5,-0.5,0.3919786603458803,-0.5,TIME_COLLAPSED,0.6464000000000002,1.5470297029702966,LATE_RECOVERY
8.244897959183675,13.244897959183673,True,False,51.800000000000004,-1.8000000000000043,0.39993259595322883,-1.8000000000000043,TIME_COLLAPSED,0.6224961479198768,1.606435643564356,LATE_RECOVERY
8.244897959183675,13.73469387755102,True,False,53.150000000000006,-3.1500000000000057,0.4076047355758895,-3.1500000000000057,TIME_COLLAPSED,0.6002971768202081,1.6658415841584155,LATE_RECOVERY
8.244897959183675,14.224489795918368,True,False,54.5,-4.5,0.4150101259552608,-4.5,TIME_COLLAPSED,0.5796269727403157,1.725247524752475,LATE_RECOVERY
8.244897959183675,14.714285714285714,True,False,55.85,-5.850000000000001,0.42216251529153,-5.850000000000001,TIME_COLLAPSED,0.5603328710124827,1.7846534653465342,LATE_RECOVERY
8.244897959183675,15.204081632653061,True,False,57.2,-7.200000000000003,0.429076870315689,-7.200000000000003,TIME_COLLAPSED,0.542281879194631,1.8440594059405937,LATE_RECOVERY
8.244897959183675,15.693877551020408,True,False,58.550000000000004,-8.550000000000004,0.43576385936514267,-8.550000000000004,TIME_COLLAPSED,0.5253576072821847,1.9034653465346532,LATE_RECOVERY
8.244897959183675,16.183673469387756,True,False,59.900000000000006,-9.900000000000006,0.4422351809959657,-9.900000000000006,TIME_COLLAPSED,0.5094577553593947,1.9628712871287126,LATE_RECOVERY
8.244897959183675,16.6734693877551,True,False,61.25,-11.25,0.448501776295365,-11.25,TIME_COLLAPSED,0.49449204406364755,2.022277227722772,LATE_RECOVERY
8.244897959183675,17.163265306122447,True,False,62.650000000000006,-12.650000000000006,0.45457409609517135,-12.650000000000006,TIME_COLLAPSED,0.4803804994054698,2.081683168316831,LATE_RECOVERY
8.244897959183675,17.653061224489797,True,False,64.0,-14.0,0.4604600856245372,-14.0,TIME_COLLAPSED,0.4670520231213873,2.141089108910891,LATE_RECOVERY
8.244897959183675,18.142857142857142,True,False,65.35000000000001,-15.350000000000009,0.4661692455168309,-15.350000000000009,TIME_COLLAPSED,0.454443194600675,2.20049504950495,LATE_RECOVERY
8.244897959183675,18.632653061224488,True,False,66.75,-16.75,0.47171095793847995,-16.75,TIME_COLLAPSED,0.4424972617743703,2.2599009900990095,LATE_RECOVERY
8.244897959183675,19.122448979591837,True,False,68.10000000000001,-18.10000000000001,0.47709151709248115,-18.10000000000001,TIME_COLLAPSED,0.43116328708644613,2.319306930693069,LATE_RECOVERY
8.244897959183675,19.612244897959183,True,False,69.5,-19.5,0.482318283530217,-19.5,TIME_COLLAPSED,0.4203954214360042,2.3787128712871284,LATE_RECOVERY
8.244897959183675,20.10204081632653,True,False,70.85000000000001,-20.85000000000001,0.48739811317776144,-20.85000000000001,TIME_COLLAPSED,0.4101522842639595,2.4381188118811874,LATE_RECOVERY
8.244897959183675,20.591836734693878,True,False,72.25,-22.25,0.49233738984447983,-22.25,TIME_COLLAPSED,0.40039643211100107,2.4975247524752473,LATE_RECOVERY
8.244897959183675,21.081632653061224,True,False,73.60000000000001,-23.60000000000001,0.49714206839905967,-23.60000000000001,TIME_COLLAPSED,0.39109390125847054,2.5569306930693063,LATE_RECOVERY
8.244897959183675,21.57142857142857,True,False,75.0,-25.0,0.5018176927699215,-25.0,TIME_COLLAPSED,0.3822138126773889,2.6163366336633658,LATE_RECOVERY
8.244897959183675,22.06122448979592,True,False,76.4,-26.400000000000006,0.5063704403465554,-26.400000000000006,TIME_COLLAPSED,0.37372802960222024,2.6757425742574252,LATE_RECOVERY
8.244897959183675,22.551020408163264,True,False,77.75,-27.75,0.510805149864694,-27.75,TIME_COLLAPSED,0.3656108597285069,2.7351485148514847,LATE_RECOVERY
8.244897959183675,23.04081632653061,True,False,79.15,-29.150000000000006,0.515125762691054,-29.150000000000006,TIME_COLLAPSED,0.3578387953941542,2.7945544554455437,LATE_RECOVERY
8.244897959183675,23.53061224489796,False,False,,-inf,0.5193365484688801,,TIME_COLLAPSED,0.3503902862098873,2.8539603960396036,NO_RECOVERY
8.244897959183675,24.020408163265305,False,False,,-inf,0.52344334937675,,TIME_COLLAPSED,0.3432455395072218,2.9133663366336626,NO_RECOVERY
8.244897959183675,24.51020408163265,False,False,,-inf,0.527449317861168,,TIME_COLLAPSED,0.3363863447127395,2.972772277227722,NO_RECOVERY
8.244897959183675,25.0,False,False,,-inf,0.5313570485788456,,TIME_COLLAPSED,0.329795918367347,3.0321782178217815,NO_RECOVERY
8.479591836734695,1.0,True,True,10.05,39.95,0.046729447193093125,39.95,ACCESSIBLE,8.479591836734695,0.11793020457280383,HIGH_MARGIN_ACCESSIBLE
8.479591836734695,1.489795918367347,True,True,18.400000000000002,31.599999999999998,0.06906261594177975,31.599999999999998,ACCESSIBLE,5.691780821917809,0.1756919374247894,HIGH_MARGIN_ACCESSIBLE
8.479591836734695,1.9795918367346939,True,True,21.450000000000003,28.549999999999997,0.09076464281595657,28.549999999999997,ACCESSIBLE,4.283505154639176,0.23345367027677494,HIGH_MARGIN_ACCESSIBLE
8.479591836734695,2.4693877551020407,True,True,23.55,26.45,0.11167756500466362,26.45,ACCESSIBLE,3.433884297520662,0.2912154031287605,HIGH_MARGIN_ACCESSIBLE
8.479591836734695,2.9591836734693877,True,True,25.3,24.7,0.13170648960597342,24.7,ACCESSIBLE,2.865517241379311,0.34897713598074603,HIGH_MARGIN_ACCESSIBLE
8.479591836734695,3.4489795918367347,True,True,26.8,23.2,0.15081708713424496,23.2,ACCESSIBLE,2.458579881656805,0.4067388688327316,HIGH_MARGIN_ACCESSIBLE
8.479591836734695,3.9387755102040813,True,True,28.200000000000003,21.799999999999997,0.1690114674034889,21.799999999999997,ACCESSIBLE,2.152849740932643,0.46450060168471713,HIGH_MARGIN_ACCESSIBLE
8.479591836734695,4.428571428571429,True,True,29.5,20.5,0.1863171802699232,20.5,ACCESSIBLE,1.914746543778802,0.5222623345367027,HIGH_MARGIN_ACCESSIBLE
8.479591836734695,4.918367346938775,True,True,30.75,19.25,0.20277341289112316,19.25,ACCESSIBLE,1.724066390041494,0.5800240673886883,LOW_MARGIN_ACCESSIBLE
8.479591836734695,5.408163265306122,True,True,31.950000000000003,18.049999999999997,0.21842519536822266,18.049999999999997,ACCESSIBLE,1.5679245283018872,0.6377858002406738,LOW_MARGIN_ACCESSIBLE
8.479591836734695,5.8979591836734695,True,True,33.15,16.85,0.23332050445443125,16.85,ACCESSIBLE,1.4377162629757787,0.6955475330926594,LOW_MARGIN_ACCESSIBLE
8.479591836734695,6.387755102040816,True,True,34.35,15.649999999999999,0.24750524319808734,15.649999999999999,ACCESSIBLE,1.3274760383386583,0.7533092659446449,LOW_MARGIN_ACCESSIBLE
8.479591836734695,6.877551020408163,True,True,35.550000000000004,14.449999999999996,0.2610258937240437,14.449999999999996,ACCESSIBLE,1.232937685459941,0.8110709987966304,LOW_MARGIN_ACCESSIBLE
8.479591836734695,7.36734693877551,True,True,36.75,13.25,0.27392410685212754,13.25,ACCESSIBLE,1.1509695290858728,0.868832731648616,LOW_MARGIN_ACCESSIBLE
8.479591836734695,7.857142857142857,True,True,37.95,12.049999999999997,0.28624145006208074,12.049999999999997,ACCESSIBLE,1.0792207792207793,0.9265944645006016,LOW_MARGIN_ACCESSIBLE
8.479591836734695,8.346938775510203,True,True,39.150000000000006,10.849999999999994,0.2980151510162107,10.849999999999994,ACCESSIBLE,1.0158924205378976,0.9843561973525871,LOW_MARGIN_ACCESSIBLE
8.479591836734695,8.83673469387755,True,True,40.400000000000006,9.599999999999994,0.3092788311294409,9.599999999999994,ACCESSIBLE,0.9595842956120094,1.0421179302045727,LOW_MARGIN_ACCESSIBLE
8.479591836734695,9.326530612244898,True,True,41.6,8.399999999999999,0.3200671780499835,8.399999999999999,ACCESSIBLE,0.9091903719912473,1.0998796630565582,LOW_MARGIN_ACCESSIBLE
8.479591836734695,9.816326530612244,True,True,42.900000000000006,7.099999999999994,0.33040848012567425,7.099999999999994,ACCESSIBLE,0.863825363825364,1.1576413959085436,LOW_MARGIN_ACCESSIBLE
8.479591836734695,10.306122448979592,True,True,44.150000000000006,5.849999999999994,0.3403302704538881,5.849999999999994,ACCESSIBLE,0.822772277227723,1.2154031287605294,LOW_MARGIN_ACCESSIBLE
8.479591836734695,10.795918367346939,True,True,45.400000000000006,4.599999999999994,0.3498581828654856,4.599999999999994,ACCESSIBLE,0.7854442344045369,1.2731648616125149,NO_RECOVERY
8.479591836734695,11.285714285714285,True,True,46.7,3.299999999999997,0.35901712892701615,3.299999999999997,ACCESSIBLE,0.751356238698011,1.3309265944645003,NO_RECOVERY
8.479591836734695,11.775510204081632,True,True,48.0,2.0,0.36782588899598767,2.0,ACCESSIBLE,0.7201039861351821,1.3886883273164858,NO_RECOVERY
8.479591836734695,12.26530612244898,True,True,49.300000000000004,0.6999999999999957,0.37630820039772683,0.6999999999999957,ACCESSIBLE,0.6913477537437605,1.4464500601684716,NO_RECOVERY
8.479591836734695,12.755102040816325,True,False,50.650000000000006,-0.6500000000000057,0.38448008212223894,-0.6500000000000057,TIME_COLLAPSED,0.6648000000000002,1.504211793020457,LATE_RECOVERY
8.479591836734695,13.244897959183673,True,False,51.95,-1.9500000000000028,0.39235933878817664,-1.9500000000000028,TIME_COLLAPSED,0.640215716486903,1.5619735258724425,LATE_RECOVERY
8.479591836734695,13.73469387755102,True,False,53.300000000000004,-3.3000000000000043,0.3999621931873227,-3.3000000000000043,TIME_COLLAPSED,0.6173848439821694,1.6197352587244283,LATE_RECOVERY
8.479591836734695,14.224489795918368,True,False,54.6,-4.600000000000001,0.4073034813059516,-4.600000000000001,TIME_COLLAPSED,0.5961262553802009,1.6774969915764137,LATE_RECOVERY
8.479591836734695,14.714285714285714,True,False,55.95,-5.950000000000003,0.4143967450912455,-5.950000000000003,TIME_COLLAPSED,0.5762829403606103,1.7352587244283992,LATE_RECOVERY
8.479591836734695,15.204081632653061,True,False,57.300000000000004,-7.300000000000004,0.4212543792613589,-7.300000000000004,TIME_COLLAPSED,0.5577181208053692,1.7930204572803847,LATE_RECOVERY
8.479591836734695,15.693877551020408,True,False,58.650000000000006,-8.650000000000006,0.42789070507437915,-8.650000000000006,TIME_COLLAPSED,0.5403120936280885,1.8507821901323704,LATE_RECOVERY
8.479591836734695,16.183673469387756,True,False,60.0,-10.0,0.43431402799417923,-10.0,TIME_COLLAPSED,0.5239596469104666,1.9085439229843562,LATE_RECOVERY
8.479591836734695,16.6734693877551,True,False,61.35,-11.350000000000001,0.440536446965426,-11.350000000000001,TIME_COLLAPSED,0.5085679314565484,1.9663056558363414,LATE_RECOVERY
8.479591836734695,17.163265306122447,True,False,62.7,-12.700000000000003,0.44656635153213703,-12.700000000000003,TIME_COLLAPSED,0.4940546967895364,2.024067388688327,LATE_RECOVERY
8.479591836734695,17.653061224489797,True,False,64.05,-14.049999999999997,0.4524149212438731,-14.049999999999997,TIME_COLLAPSED,0.4803468208092486,2.081829121540313,LATE_RECOVERY
8.479591836734695,18.142857142857142,True,False,65.45,-15.450000000000003,0.4580885904288311,-15.450000000000003,TIME_COLLAPSED,0.4673790776152982,2.139590854392298,LATE_RECOVERY
8.479591836734695,18.632653061224488,True,False,66.8,-16.799999999999997,0.46359575008359594,-16.799999999999997,TIME_COLLAPSED,0.45509309967141304,2.1973525872442834,LATE_RECOVERY
8.479591836734695,19.122448979591837,True,False,68.15,-18.150000000000006,0.4689450354202329,-18.150000000000006,TIME_COLLAPSED,0.44343649946638214,2.2551143200962693,LATE_RECOVERY
8.479591836734695,19.612244897959183,True,False,69.55,-19.549999999999997,0.4741430676848074,-19.549999999999997,TIME_COLLAPSED,0.4323621227887618,2.312876052948255,LATE_RECOVERY
8.479591836734695,20.10204081632653,True,False,70.9,-20.900000000000006,0.47919605683332844,-20.900000000000006,TIME_COLLAPSED,0.42182741116751277,2.3706377858002403,LATE_RECOVERY
8.479591836734695,20.591836734693878,True,False,72.3,-22.299999999999997,0.48411032301861573,-22.299999999999997,TIME_COLLAPSED,0.4117938553022795,2.428399518652226,LATE_RECOVERY
8.479591836734695,21.081632653061224,True,False,73.65,-23.650000000000006,0.4888917633263073,-23.650000000000006,TIME_COLLAPSED,0.40222652468538245,2.4861612515042113,LATE_RECOVERY
8.479591836734695,21.57142857142857,True,False,75.05,-25.049999999999997,0.4935458901620105,-25.049999999999997,TIME_COLLAPSED,0.39309366130558193,2.543922984356197,LATE_RECOVERY
8.479591836734695,22.06122448979592,True,False,76.4,-26.400000000000006,0.49807785592500375,-26.400000000000006,TIME_COLLAPSED,0.3843663274745606,2.6016847172081827,LATE_RECOVERY
8.479591836734695,22.551020408163264,True,False,77.80000000000001,-27.80000000000001,0.5024937743371122,-27.80000000000001,TIME_COLLAPSED,0.37601809954751136,2.659446450060168,LATE_RECOVERY
8.479591836734695,23.04081632653061,True,False,79.15,-29.150000000000006,0.50679724160182,-29.150000000000006,TIME_COLLAPSED,0.3680248007085918,2.7172081829121533,LATE_RECOVERY
8.479591836734695,23.53061224489796,False,False,,-inf,0.5109924410528199,,TIME_COLLAPSED,0.36036426712922814,2.774969915764139,NO_RECOVERY
8.479591836734695,24.020408163265305,False,False,,-inf,0.5150833401751205,,TIME_COLLAPSED,0.353016142735769,2.8327316486161247,NO_RECOVERY
8.479591836734695,24.51020408163265,False,False,,-inf,0.5190754385504656,,TIME_COLLAPSED,0.345961698584513,2.89049338146811,NO_RECOVERY
8.479591836734695,25.0,False,False,,-inf,0.5229715129648981,,TIME_COLLAPSED,0.3391836734693878,2.9482551143200957,NO_RECOVERY
8.714285714285715,1.0,True,True,10.05,39.95,0.04548688826668387,39.95,ACCESSIBLE,8.714285714285715,0.11475409836065573,HIGH_MARGIN_ACCESSIBLE
8.714285714285715,1.489795918367347,True,True,18.3,31.7,0.06725159160334787,31.7,ACCESSIBLE,5.849315068493151,0.17096018735362997,HIGH_MARGIN_ACCESSIBLE
8.714285714285715,1.9795918367346939,True,True,21.5,28.5,0.08842399633028562,28.5,ACCESSIBLE,4.402061855670103,0.2271662763466042,HIGH_MARGIN_ACCESSIBLE
8.714285714285715,2.4693877551020407,True,True,23.650000000000002,26.349999999999998,0.1088482963744796,26.349999999999998,ACCESSIBLE,3.528925619834711,0.2833723653395784,HIGH_MARGIN_ACCESSIBLE
8.714285714285715,2.9591836734693877,True,True,25.450000000000003,24.549999999999997,0.12842993725483373,24.549999999999997,ACCESSIBLE,2.944827586206897,0.3395784543325526,HIGH_MARGIN_ACCESSIBLE
8.714285714285715,3.4489795918367347,True,True,27.0,23.0,0.14713099373761834,23.0,ACCESSIBLE,2.5266272189349115,0.39578454332552687,HIGH_MARGIN_ACCESSIBLE
8.714285714285715,3.9387755102040813,True,True,28.400000000000002,21.599999999999998,0.16495348786906852,21.599999999999998,ACCESSIBLE,2.212435233160622,0.45199063231850106,HIGH_MARGIN_ACCESSIBLE
8.714285714285715,4.428571428571429,True,True,29.700000000000003,20.299999999999997,0.18192099293933622,20.299999999999997,ACCESSIBLE,1.967741935483871,0.5081967213114754,HIGH_MARGIN_ACCESSIBLE
8.714285714285715,4.918367346938775,True,True,30.950000000000003,19.049999999999997,0.19806881410453864,19.049999999999997,ACCESSIBLE,1.7717842323651454,0.5644028103044496,LOW_MARGIN_ACCESSIBLE
8.714285714285715,5.408163265306122,True,True,32.2,17.799999999999997,0.21344023538264834,17.799999999999997,ACCESSIBLE,1.6113207547169814,0.6206088992974238,LOW_MARGIN_ACCESSIBLE
8.714285714285715,5.8979591836734695,True,True,33.4,16.6,0.22807908430191728,16.6,ACCESSIBLE,1.4775086505190314,0.6768149882903981,LOW_MARGIN_ACCESSIBLE
8.714285714285715,6.387755102040816,True,True,34.6,15.399999999999999,0.24203047843081057,15.399999999999999,ACCESSIBLE,1.3642172523961664,0.7330210772833723,LOW_MARGIN_ACCESSIBLE
8.714285714285715,6.877551020408163,True,True,35.75,14.25,0.2553371630864506,14.25,ACCESSIBLE,1.2670623145400597,0.7892271662763465,LOW_MARGIN_ACCESSIBLE
8.714285714285715,7.36734693877551,True,True,36.95,13.049999999999997,0.26804016090589716,13.049999999999997,ACCESSIBLE,1.1828254847645432,0.8454332552693208,LOW_MARGIN_ACCESSIBLE
8.714285714285715,7.857142857142857,True,True,38.15,11.850000000000001,0.28017793044408545,11.850000000000001,ACCESSIBLE,1.1090909090909093,0.901639344262295,LOW_MARGIN_ACCESSIBLE
8.714285714285715,8.346938775510203,True,True,39.35,10.649999999999999,0.29178680422567393,10.649999999999999,ACCESSIBLE,1.0440097799511006,0.9578454332552692,LOW_MARGIN_ACCESSIBLE
8.714285714285715,8.83673469387755,True,True,40.6,9.399999999999999,0.3028992756623303,9.399999999999999,ACCESSIBLE,0.9861431870669747,1.0140515222482434,LOW_MARGIN_ACCESSIBLE
8.714285714285715,9.326530612244898,True,True,41.85,8.149999999999999,0.3135484506552977,8.149999999999999,ACCESSIBLE,0.9343544857768054,1.0702576112412177,LOW_MARGIN_ACCESSIBLE
8.714285714285715,9.816326530612244,True,True,43.050000000000004,6.949999999999996,0.3237611045636184,6.949999999999996,ACCESSIBLE,0.887733887733888,1.1264637002341917,LOW_MARGIN_ACCESSIBLE
8.714285714285715,10.306122448979592,True,True,44.35,5.649999999999999,0.333564590281618,5.649999999999999,ACCESSIBLE,0.8455445544554456,1.182669789227166,LOW_MARGIN_ACCESSIBLE
8.714285714285715,10.795918367346939,True,True,45.6,4.399999999999999,0.3429834931348755,4.399999999999999,ACCESSIBLE,0.8071833648393195,1.2388758782201403,NO_RECOVERY
8.714285714285715,11.285714285714285,True,True,46.900000000000006,3.0999999999999943,0.35203996675376004,3.0999999999999943,ACCESSIBLE,0.7721518987341773,1.2950819672131144,NO_RECOVERY
8.714285714285715,11.775510204081632,True,True,48.150000000000006,1.8499999999999943,0.3607562330760033,1.8499999999999943,ACCESSIBLE,0.7400346620450607,1.3512880562060887,NO_RECOVERY
8.714285714285715,12.26530612244898,True,True,49.45,0.5499999999999972,0.36915043881799736,0.5499999999999972,ACCESSIBLE,0.7104825291181365,1.407494145199063,NO_RECOVERY
8.714285714285715,12.755102040816325,True,False,50.800000000000004,-0.8000000000000043,0.3772421372246288,-0.8000000000000043,TIME_COLLAPSED,0.6832000000000001,1.463700234192037,LATE_RECOVERY
8.714285714285715,13.244897959183673,True,False,52.1,-2.1000000000000014,0.3850466432890258,-2.1000000000000014,TIME_COLLAPSED,0.6579352850539292,1.5199063231850114,LATE_RECOVERY
8.714285714285715,13.73469387755102,True,False,53.400000000000006,-3.4000000000000057,0.39257994179392075,-3.4000000000000057,TIME_COLLAPSED,0.6344725111441308,1.5761124121779857,LATE_RECOVERY
8.714285714285715,14.224489795918368,True,False,54.75,-4.75,0.3998566247719671,-4.75,TIME_COLLAPSED,0.6126255380200861,1.63231850117096,LATE_RECOVERY
8.714285714285715,14.714285714285714,True,False,56.050000000000004,-6.050000000000004,0.4068900305141107,-6.050000000000004,TIME_COLLAPSED,0.5922330097087379,1.688524590163934,LATE_RECOVERY
8.714285714285715,15.204081632653061,True,False,57.400000000000006,-7.400000000000006,0.4136923730003452,-7.400000000000006,TIME_COLLAPSED,0.5731543624161075,1.7447306791569084,LATE_RECOVERY
8.714285714285715,15.693877551020408,True,False,58.75,-8.75,0.42027495460122877,-8.75,TIME_COLLAPSED,0.5552665799739922,1.8009367681498827,LATE_RECOVERY
8.714285714285715,16.183673469387756,True,False,60.1,-10.100000000000001,0.4266509101972263,-10.100000000000001,TIME_COLLAPSED,0.5384615384615385,1.857142857142857,LATE_RECOVERY
8.714285714285715,16.6734693877551,True,False,61.45,-11.450000000000003,0.4328273863778064,-11.450000000000003,TIME_COLLAPSED,0.5226438188494493,1.913348946135831,LATE_RECOVERY
8.714285714285715,17.163265306122447,True,False,62.800000000000004,-12.800000000000004,0.43881609720765496,-12.800000000000004,TIME_COLLAPSED,0.507728894173603,1.9695550351288051,LATE_RECOVERY
8.714285714285715,17.653061224489797,True,False,64.15,-14.150000000000006,0.4446238035747867,-14.150000000000006,TIME_COLLAPSED,0.49364161849710986,2.0257611241217797,LATE_RECOVERY
8.714285714285715,18.142857142857142,True,False,65.5,-15.5,0.45026171371735224,-15.5,TIME_COLLAPSED,0.48031496062992135,2.081967213114754,LATE_RECOVERY
8.714285714285715,18.632653061224488,True,False,66.85000000000001,-16.85000000000001,0.45573518867036555,-16.85000000000001,TIME_COLLAPSED,0.46768893756845575,2.138173302107728,LATE_RECOVERY
8.714285714285715,19.122448979591837,True,False,68.25,-18.25,0.46105197900941863,-18.25,TIME_COLLAPSED,0.4557097118463181,2.1943793911007026,LATE_RECOVERY
8.714285714285715,19.612244897959183,True,False,69.60000000000001,-19.60000000000001,0.466219484550888,-19.60000000000001,TIME_COLLAPSED,0.4443288241415193,2.2505854800936764,LATE_RECOVERY
8.714285714285715,20.10204081632653,True,False,70.95,-20.950000000000003,0.4712448109300241,-20.950000000000003,TIME_COLLAPSED,0.4335025380710661,2.3067915690866507,LATE_RECOVERY
8.714285714285715,20.591836734693878,True,False,72.3,-22.299999999999997,0.4761331798652773,-22.299999999999997,TIME_COLLAPSED,0.42319127849355803,2.362997658079625,LATE_RECOVERY
8.714285714285715,21.081632653061224,True,False,73.7,-23.700000000000003,0.4808904210419275,-23.700000000000003,TIME_COLLAPSED,0.41335914811229435,2.4192037470725993,LATE_RECOVERY
8.714285714285715,21.57142857142857,True,False,75.05,-25.049999999999997,0.48552199405217833,-25.049999999999997,TIME_COLLAPSED,0.4039735099337749,2.475409836065573,LATE_RECOVERY
8.714285714285715,22.06122448979592,True,False,76.45,-26.450000000000003,0.4900330068088747,-26.450000000000003,TIME_COLLAPSED,0.39500462534690106,2.531615925058548,LATE_RECOVERY
8.714285714285715,22.551020408163264,True,False,77.80000000000001,-27.80000000000001,0.4944283415090408,-27.80000000000001,TIME_COLLAPSED,0.3864253393665159,2.587822014051522,LATE_RECOVERY
8.714285714285715,23.04081632653061,True,False,79.2,-29.200000000000003,0.4987135066767409,-29.200000000000003,TIME_COLLAPSED,0.3782108060230293,2.644028103044496,LATE_RECOVERY
8.714285714285715,23.53061224489796,False,False,,-inf,0.5028918689729365,,TIME_COLLAPSED,0.370338248048569,2.7002341920374704,NO_RECOVERY
8.714285714285715,24.020408163265305,False,False,,-inf,0.5069673696462844,,TIME_COLLAPSED,0.3627867459643161,2.7564402810304447,NO_RECOVERY
8.714285714285715,24.51020408163265,False,False,,-inf,0.5109437200588233,,TIME_COLLAPSED,0.35553705245628653,2.8126463700234186,NO_RECOVERY
8.714285714285715,25.0,False,False,,-inf,0.5148258692902039,,TIME_COLLAPSED,0.3485714285714286,2.8688524590163933,NO_RECOVERY
8.948979591836736,1.0,True,True,10.05,39.95,0.04430833662048767,39.95,ACCESSIBLE,8.948979591836736,0.11174458380843784,HIGH_MARGIN_ACCESSIBLE
8.948979591836736,1.489795918367347,True,True,18.150000000000002,31.849999999999998,0.06553208158224995,31.849999999999998,ACCESSIBLE,6.006849315068493,0.16647662485746864,HIGH_MARGIN_ACCESSIBLE
8.948979591836736,1.9795918367346939,True,True,21.5,28.5,0.08619890243746323,28.5,ACCESSIBLE,4.520618556701032,0.2212086659064994,HIGH_MARGIN_ACCESSIBLE
8.948979591836736,2.4693877551020407,True,True,23.75,26.25,0.10615521209880358,26.25,ACCESSIBLE,3.623966942148761,0.2759407069555302,HIGH_MARGIN_ACCESSIBLE
8.948979591836736,2.9591836734693877,True,True,25.6,24.4,0.12530691512420367,24.4,ACCESSIBLE,3.024137931034483,0.330672748004561,HIGH_MARGIN_ACCESSIBLE
8.948979591836736,3.4489795918367347,True,True,27.150000000000002,22.849999999999998,0.14361558195167257,22.849999999999998,ACCESSIBLE,2.594674556213018,0.38540478905359177,HIGH_MARGIN_ACCESSIBLE
8.948979591836736,3.9387755102040813,True,True,28.6,21.4,0.1610787613428459,21.4,ACCESSIBLE,2.2720207253886016,0.4401368301026225,HIGH_MARGIN_ACCESSIBLE
8.948979591836736,4.428571428571429,True,True,29.900000000000002,20.099999999999998,0.177718554931022,20.099999999999998,ACCESSIBLE,2.0207373271889404,0.49486887115165334,HIGH_MARGIN_ACCESSIBLE
8.948979591836736,4.918367346938775,True,True,31.200000000000003,18.799999999999997,0.19356741195841273,18.799999999999997,ACCESSIBLE,1.8195020746887969,0.5496009122006841,LOW_MARGIN_ACCESSIBLE
8.948979591836736,5.408163265306122,True,True,32.4,17.6,0.20866615818862352,17.6,ACCESSIBLE,1.6547169811320759,0.6043329532497148,LOW_MARGIN_ACCESSIBLE
8.948979591836736,5.8979591836734695,True,True,33.6,16.4,0.22305577878527275,16.4,ACCESSIBLE,1.5173010380622838,0.6590649942987457,LOW_MARGIN_ACCESSIBLE
8.948979591836736,6.387755102040816,True,True,34.800000000000004,15.199999999999996,0.23677932539543423,15.199999999999996,ACCESSIBLE,1.4009584664536743,0.7137970353477764,LOW_MARGIN_ACCESSIBLE
8.948979591836736,6.877551020408163,True,True,36.0,14.0,0.2498766983246906,14.0,ACCESSIBLE,1.3011869436201784,0.7685290763968071,LOW_MARGIN_ACCESSIBLE
8.948979591836736,7.36734693877551,True,True,37.2,12.799999999999997,0.26238894995287093,12.799999999999997,ACCESSIBLE,1.2146814404432134,0.823261117445838,LOW_MARGIN_ACCESSIBLE
8.948979591836736,7.857142857142857,True,True,38.400000000000006,11.599999999999994,0.2743509338892403,11.599999999999994,ACCESSIBLE,1.1389610389610392,0.8779931584948687,LOW_MARGIN_ACCESSIBLE
8.948979591836736,8.346938775510203,True,True,39.6,10.399999999999999,0.28579799254010546,10.399999999999999,ACCESSIBLE,1.0721271393643035,0.9327251995438994,LOW_MARGIN_ACCESSIBLE
8.948979591836736,8.83673469387755,True,True,40.800000000000004,9.199999999999996,0.2967619068572051,9.199999999999996,ACCESSIBLE,1.01270207852194,0.9874572405929303,LOW_MARGIN_ACCESSIBLE
8.948979591836736,9.326530612244898,True,True,42.050000000000004,7.949999999999996,0.30727330106780126,7.949999999999996,ACCESSIBLE,0.9595185995623633,1.0421892816419611,LOW_MARGIN_ACCESSIBLE
8.948979591836736,9.816326530612244,True,True,43.300000000000004,6.699999999999996,0.3173585845652692,6.699999999999996,ACCESSIBLE,0.9116424116424118,1.0969213226909917,LOW_MARGIN_ACCESSIBLE
8.948979591836736,10.306122448979592,True,True,44.5,5.5,0.32704503936621826,5.5,ACCESSIBLE,0.8683168316831684,1.1516533637400226,LOW_MARGIN_ACCESSIBLE
8.948979591836736,10.795918367346939,True,True,45.800000000000004,4.199999999999996,0.3363552102988199,4.199999999999996,ACCESSIBLE,0.8289224952741021,1.2063854047890534,NO_RECOVERY
8.948979591836736,11.285714285714285,True,True,47.050000000000004,2.9499999999999957,0.3453122809930061,2.9499999999999957,ACCESSIBLE,0.7929475587703437,1.261117445838084,NO_RECOVERY
8.948979591836736,11.775510204081632,True,True,48.35,1.6499999999999986,0.35393541590332805,1.6499999999999986,ACCESSIBLE,0.7599653379549395,1.315849486887115,NO_RECOVERY
8.948979591836736,12.26530612244898,True,True,49.650000000000006,0.3499999999999943,0.36224292046217293,0.3499999999999943,ACCESSIBLE,0.7296173044925125,1.3705815279361457,NO_RECOVERY
8.948979591836736,12.755102040816325,True,False,50.95,-0.9500000000000028,0.37025425454741473,-0.9500000000000028,TIME_COLLAPSED,0.7016000000000001,1.4253135689851764,LATE_RECOVERY
8.948979591836736,13.244897959183673,True,False,52.25,-2.25,0.3779842385647305,-2.25,TIME_COLLAPSED,0.6756548536209555,1.4800456100342072,LATE_RECOVERY
8.948979591836736,13.73469387755102,True,False,53.550000000000004,-3.5500000000000043,0.3854479664100724,-3.5500000000000043,TIME_COLLAPSED,0.6515601783060921,1.534777651083238,LATE_RECOVERY
8.948979591836736,14.224489795918368,True,False,54.85,-4.850000000000001,0.3926598129361141,-4.850000000000001,TIME_COLLAPSED,0.6291248206599713,1.589509692132269,LATE_RECOVERY
8.948979591836736,14.714285714285714,True,False,56.2,-6.200000000000003,0.39963291495815806,-6.200000000000003,TIME_COLLAPSED,0.6081830790568655,1.6442417331812997,LATE_RECOVERY
8.948979591836736,15.204081632653061,True,False,57.5,-7.5,0.40637932874327576,-7.5,TIME_COLLAPSED,0.5885906040268457,1.6989737742303306,LATE_RECOVERY
8.948979591836736,15.693877551020408,True,False,58.85,-8.850000000000001,0.41291006653473744,-8.850000000000001,TIME_COLLAPSED,0.570221066319896,1.7537058152793612,LATE_RECOVERY
8.948979591836736,16.183673469387756,True,False,60.2,-10.200000000000003,0.4192353638997137,-10.200000000000003,TIME_COLLAPSED,0.5529634300126104,1.808437856328392,LATE_RECOVERY
8.948979591836736,16.6734693877551,True,False,61.550000000000004,-11.550000000000004,0.4253673936218282,-11.550000000000004,TIME_COLLAPSED,0.5367197062423501,1.863169897377423,LATE_RECOVERY
8.948979591836736,17.163265306122447,True,False,62.900000000000006,-12.900000000000006,0.4313124578745588,-12.900000000000006,TIME_COLLAPSED,0.5214030915576695,1.9179019384264535,LATE_RECOVERY
8.948979591836736,17.653061224489797,True,False,64.25,-14.25,0.43708146319270424,-14.25,TIME_COLLAPSED,0.5069364161849711,1.9726339794754846,LATE_RECOVERY
8.948979591836736,18.142857142857142,True,False,65.60000000000001,-15.600000000000009,0.442680313757823,-15.600000000000009,TIME_COLLAPSED,0.4932508436445445,2.027366020524515,LATE_RECOVERY
8.948979591836736,18.632653061224488,True,False,66.95,-16.950000000000003,0.44811968993159845,-16.950000000000003,TIME_COLLAPSED,0.48028477546549847,2.0820980615735456,LATE_RECOVERY
8.948979591836736,19.122448979591837,True,False,68.3,-18.299999999999997,0.45340426279584917,-18.299999999999997,TIME_COLLAPSED,0.46798292422625404,2.136830102622577,LATE_RECOVERY
8.948979591836736,19.612244897959183,True,False,69.65,-19.650000000000006,0.45854115167762616,-19.650000000000006,TIME_COLLAPSED,0.4562955254942769,2.1915621436716073,LATE_RECOVERY
8.948979591836736,20.10204081632653,True,False,71.0,-21.0,0.46353705003210066,-21.0,TIME_COLLAPSED,0.44517766497461936,2.246294184720638,LATE_RECOVERY
8.948979591836736,20.591836734693878,True,False,72.4,-22.400000000000006,0.4683988490419551,-22.400000000000006,TIME_COLLAPSED,0.4345887016848365,2.301026225769669,LATE_RECOVERY
8.948979591836736,21.081632653061224,True,False,73.75,-23.75,0.4731311715284947,-23.75,TIME_COLLAPSED,0.42449177153920625,2.3557582668187,LATE_RECOVERY
8.948979591836736,21.57142857142857,True,False,75.10000000000001,-25.10000000000001,0.4777393890890444,-25.10000000000001,TIME_COLLAPSED,0.4148533585619679,2.41049030786773,LATE_RECOVERY
8.948979591836736,22.06122448979592,True,False,76.45,-26.450000000000003,0.48222858273959435,-26.450000000000003,TIME_COLLAPSED,0.4056429232192415,2.4652223489167615,LATE_RECOVERY
8.948979591836736,22.551020408163264,True,False,77.85000000000001,-27.85000000000001,0.4866034929757377,-27.85000000000001,TIME_COLLAPSED,0.3968325791855204,2.519954389965792,LATE_RECOVERY
8.948979591836736,23.04081632653061,True,False,79.2,-29.200000000000003,0.49086858388027016,-29.200000000000003,TIME_COLLAPSED,0.38839681133746684,2.5746864310148228,LATE_RECOVERY
8.948979591836736,23.53061224489796,False,False,,-inf,0.49502908740640983,,TIME_COLLAPSED,0.38031222896790984,2.6294184720638536,NO_RECOVERY
8.948979591836736,24.020408163265305,False,False,,-inf,0.49908811026200695,,TIME_COLLAPSED,0.37255734919286326,2.6841505131128844,NO_RECOVERY
8.948979591836736,24.51020408163265,False,False,,-inf,0.5030493235802355,,TIME_COLLAPSED,0.36511240632806,2.7388825541619153,NO_RECOVERY
8.948979591836736,25.0,False,False,,-inf,0.5069161918117696,,TIME_COLLAPSED,0.3579591836734694,2.793614595210946,NO_RECOVERY
9.183673469387756,1.0,True,True,10.05,39.95,0.043188995295424484,39.95,ACCESSIBLE,9.183673469387756,0.10888888888888888,HIGH_MARGIN_ACCESSIBLE
9.183673469387756,1.489795918367347,True,True,18.0,32.0,0.06389738730168414,32.0,ACCESSIBLE,6.164383561643835,0.1622222222222222,HIGH_MARGIN_ACCESSIBLE
9.183673469387756,1.9795918367346939,True,True,21.5,28.5,0.08408114510842227,28.5,ACCESSIBLE,4.639175257731959,0.21555555555555553,HIGH_MARGIN_ACCESSIBLE
9.183673469387756,2.4693877551020407,True,True,23.85,26.15,0.10358906992383057,26.15,ACCESSIBLE,3.7190082644628104,0.26888888888888884,HIGH_MARGIN_ACCESSIBLE
9.183673469387756,2.9591836734693877,True,True,25.75,24.25,0.1223284479928771,24.25,ACCESSIBLE,3.1034482758620694,0.3222222222222222,HIGH_MARGIN_ACCESSIBLE
9.183673469387756,3.4489795918367347,True,True,27.35,22.65,0.140258097621184,22.65,ACCESSIBLE,2.6627218934911245,0.37555555555555553,HIGH_MARGIN_ACCESSIBLE
9.183673469387756,3.9387755102040813,True,True,28.8,21.2,0.1573751578209651,21.2,ACCESSIBLE,2.3316062176165806,0.4288888888888888,HIGH_MARGIN_ACCESSIBLE
9.183673469387756,4.428571428571429,True,True,30.150000000000002,19.849999999999998,0.17369797216790497,19.849999999999998,ACCESSIBLE,2.0737327188940093,0.4822222222222222,LOW_MARGIN_ACCESSIBLE
9.183673469387756,4.918367346938775,True,True,31.400000000000002,18.599999999999998,0.18925708973054722,18.599999999999998,ACCESSIBLE,1.8672199170124484,0.5355555555555555,LOW_MARGIN_ACCESSIBLE
9.183673469387756,5.408163265306122,True,True,32.65,17.35,0.2040907878081912,17.35,ACCESSIBLE,1.69811320754717,0.5888888888888888,LOW_MARGIN_ACCESSIBLE
9.183673469387756,5.8979591836734695,True,True,33.85,16.15,0.21823881751729335,16.15,ACCESSIBLE,1.5570934256055364,0.6422222222222221,LOW_MARGIN_ACCESSIBLE
9.183673469387756,6.387755102040816,True,True,35.050000000000004,14.949999999999996,0.23173992392998977,14.949999999999996,ACCESSIBLE,1.4376996805111824,0.6955555555555555,LOW_MARGIN_ACCESSIBLE
9.183673469387756,6.877551020408163,True,True,36.25,13.75,0.24463418231021958,13.75,ACCESSIBLE,1.3353115727002969,0.7488888888888887,LOW_MARGIN_ACCESSIBLE
9.183673469387756,7.36734693877551,True,True,37.45,12.549999999999997,0.25695827366194146,12.549999999999997,ACCESSIBLE,1.2465373961218837,0.8022222222222222,LOW_MARGIN_ACCESSIBLE
9.183673469387756,7.857142857142857,True,True,38.650000000000006,11.349999999999994,0.26874834792497954,11.349999999999994,ACCESSIBLE,1.168831168831169,0.8555555555555554,LOW_MARGIN_ACCESSIBLE
9.183673469387756,8.346938775510203,True,True,39.85,10.149999999999999,0.2800367494044743,10.149999999999999,ACCESSIBLE,1.1002444987775064,0.9088888888888887,LOW_MARGIN_ACCESSIBLE
9.183673469387756,8.83673469387755,True,True,41.050000000000004,8.949999999999996,0.2908545564236285,8.949999999999996,ACCESSIBLE,1.0392609699769055,0.9622222222222221,LOW_MARGIN_ACCESSIBLE
9.183673469387756,9.326530612244898,True,True,42.25,7.75,0.3012302143003351,7.75,ACCESSIBLE,0.9846827133479212,1.0155555555555555,LOW_MARGIN_ACCESSIBLE
9.183673469387756,9.816326530612244,True,True,43.5,6.5,0.31119167892404126,6.5,ACCESSIBLE,0.9355509355509357,1.0688888888888888,LOW_MARGIN_ACCESSIBLE
9.183673469387756,10.306122448979592,True,True,44.7,5.299999999999997,0.32076249899210924,5.299999999999997,ACCESSIBLE,0.8910891089108912,1.122222222222222,LOW_MARGIN_ACCESSIBLE
9.183673469387756,10.795918367346939,True,True,45.95,4.049999999999997,0.3299657342084293,4.049999999999997,ACCESSIBLE,0.8506616257088847,1.1755555555555555,NO_RECOVERY
9.183673469387756,11.285714285714285,True,True,47.25,2.75,0.33882271836095035,2.75,ACCESSIBLE,0.8137432188065101,1.2288888888888887,NO_RECOVERY
9.183673469387756,11.775510204081632,True,True,48.5,1.5,0.34735274483086565,1.5,ACCESSIBLE,0.7798960138648181,1.2822222222222222,NO_RECOVERY
9.183673469387756,12.26530612244898,True,True,49.800000000000004,0.19999999999999574,0.3555754450263821,0.19999999999999574,ACCESSIBLE,0.7487520798668886,1.3355555555555554,NO_RECOVERY
9.183673469387756,12.755102040816325,True,False,51.1,-1.1000000000000014,0.36350611893548807,-1.1000000000000014,TIME_COLLAPSED,0.7200000000000001,1.3888888888888886,LATE_RECOVERY
9.183673469387756,13.244897959183673,True,False,52.400000000000006,-2.4000000000000057,0.3711620050023547,-2.4000000000000057,TIME_COLLAPSED,0.6933744221879816,1.442222222222222,LATE_RECOVERY
9.183673469387756,13.73469387755102,True,False,53.7,-3.700000000000003,0.37855640252552314,-3.700000000000003,TIME_COLLAPSED,0.6686478454680536,1.4955555555555553,LATE_RECOVERY
9.183673469387756,14.224489795918368,True,False,55.0,-5.0,0.3857034422082093,-5.0,TIME_COLLAPSED,0.6456241032998565,1.5488888888888888,LATE_RECOVERY
9.183673469387756,14.714285714285714,True,False,56.300000000000004,-6.300000000000004,0.39261606894378104,-6.300000000000004,TIME_COLLAPSED,0.6241331484049931,1.602222222222222,LATE_RECOVERY
9.183673469387756,15.204081632653061,True,False,57.650000000000006,-7.650000000000006,0.3993061435014183,-7.650000000000006,TIME_COLLAPSED,0.6040268456375839,1.6555555555555554,LATE_RECOVERY
9.183673469387756,15.693877551020408,True,False,58.95,-8.950000000000003,0.4057845842880379,-8.950000000000003,TIME_COLLAPSED,0.5851755526657998,1.7088888888888887,LATE_RECOVERY
9.183673469387756,16.183673469387756,True,False,60.300000000000004,-10.300000000000004,0.4120613650409989,-10.300000000000004,TIME_COLLAPSED,0.5674653215636822,1.7622222222222221,LATE_RECOVERY
9.183673469387756,16.6734693877551,True,False,61.650000000000006,-11.650000000000006,0.4181457382232525,-11.650000000000006,TIME_COLLAPSED,0.550795593635251,1.8155555555555554,LATE_RECOVERY
9.183673469387756,17.163265306122447,True,False,63.0,-13.0,0.4240488595520096,-13.0,TIME_COLLAPSED,0.5350772889417361,1.8688888888888886,LATE_RECOVERY
9.183673469387756,17.653061224489797,True,False,64.3,-14.299999999999997,0.42977667502247285,-14.299999999999997,TIME_COLLAPSED,0.5202312138728324,1.922222222222222,LATE_RECOVERY
9.183673469387756,18.142857142857142,True,False,65.65,-15.650000000000006,0.4353389471248015,-15.650000000000006,TIME_COLLAPSED,0.5061867266591676,1.9755555555555553,LATE_RECOVERY
9.183673469387756,18.632653061224488,True,False,67.0,-17.0,0.44074125734445013,-17.0,TIME_COLLAPSED,0.4928806133625412,2.0288888888888885,LATE_RECOVERY
9.183673469387756,19.122448979591837,True,False,68.35000000000001,-18.35000000000001,0.44599331141146586,-18.35000000000001,TIME_COLLAPSED,0.48025613660619,2.082222222222222,LATE_RECOVERY
9.183673469387756,19.612244897959183,True,False,69.7,-19.700000000000003,0.45109944871555374,-19.700000000000003,TIME_COLLAPSED,0.4682622268470344,2.1355555555555554,LATE_RECOVERY
9.183673469387756,20.10204081632653,True,False,71.10000000000001,-21.10000000000001,0.45606622552067666,-21.10000000000001,TIME_COLLAPSED,0.4568527918781727,2.1888888888888887,LATE_RECOVERY
9.183673469387756,20.591836734693878,True,False,72.45,-22.450000000000003,0.460899895957286,-22.450000000000003,TIME_COLLAPSED,0.445986124876115,2.242222222222222,LATE_RECOVERY
9.183673469387756,21.081632653061224,True,False,73.8,-23.799999999999997,0.4656067048706728,-23.799999999999997,TIME_COLLAPSED,0.43562439496611816,2.295555555555555,LATE_RECOVERY
9.183673469387756,21.57142857142857,True,False,75.15,-25.150000000000006,0.470190962391173,-25.150000000000006,TIME_COLLAPSED,0.4257332071901609,2.3488888888888884,LATE_RECOVERY
9.183673469387756,22.06122448979592,True,False,76.5,-26.5,0.47465767723320096,-26.5,TIME_COLLAPSED,0.4162812210915819,2.402222222222222,LATE_RECOVERY
9.183673469387756,22.551020408163264,True,False,77.9,-27.900000000000006,0.4790115426214022,-27.900000000000006,TIME_COLLAPSED,0.40723981900452494,2.4555555555555553,LATE_RECOVERY
9.183673469387756,23.04081632653061,True,False,79.25,-29.25,0.4832569607590115,-29.25,TIME_COLLAPSED,0.3985828166519044,2.5088888888888885,LATE_RECOVERY
9.183673469387756,23.53061224489796,False,False,,-inf,0.4873980655227295,,TIME_COLLAPSED,0.3902862098872507,2.562222222222222,NO_RECOVERY
9.183673469387756,24.020408163265305,False,False,,-inf,0.49143945537672196,,TIME_COLLAPSED,0.38232795242141043,2.615555555555555,NO_RECOVERY
9.183673469387756,24.51020408163265,False,False,,-inf,0.4953845902187612,,TIME_COLLAPSED,0.3746877601998335,2.668888888888888,NO_RECOVERY
9.183673469387756,25.0,False,False,,-inf,0.4992366380610504,,TIME_COLLAPSED,0.3673469387755102,2.722222222222222,NO_RECOVERY
9.418367346938776,1.0,True,True,10.05,39.95,0.04212453282602792,39.95,ACCESSIBLE,9.418367346938776,0.10617551462621884,HIGH_MARGIN_ACCESSIBLE
9.418367346938776,1.489795918367347,True,True,17.8,32.2,0.062341442807081274,32.2,ACCESSIBLE,6.321917808219178,0.1581798483206934,HIGH_MARGIN_ACCESSIBLE
9.418367346938776,1.9795918367346939,True,True,21.55,28.45,0.0820632582328772,28.45,ACCESSIBLE,4.7577319587628875,0.21018418201516792,HIGH_MARGIN_ACCESSIBLE
9.418367346938776,2.4693877551020407,True,True,23.950000000000003,26.049999999999997,0.1011418606059024,26.049999999999997,ACCESSIBLE,3.8140495867768602,0.2621885157096424,HIGH_MARGIN_ACCESSIBLE
9.418367346938776,2.9591836734693877,True,True,25.85,24.15,0.11948415556638288,24.15,ACCESSIBLE,3.1827586206896554,0.31419284940411696,HIGH_MARGIN_ACCESSIBLE
9.418367346938776,3.4489795918367347,True,True,27.5,22.5,0.13704913987701337,22.5,ACCESSIBLE,2.730769230769231,0.3661971830985915,HIGH_MARGIN_ACCESSIBLE
9.418367346938776,3.9387755102040813,True,True,28.950000000000003,21.049999999999997,0.15383181197675566,21.049999999999997,ACCESSIBLE,2.39119170984456,0.418201516793066,HIGH_MARGIN_ACCESSIBLE
9.418367346938776,4.428571428571429,True,True,30.35,19.65,0.16984825513630417,19.65,ACCESSIBLE,2.1267281105990783,0.4702058504875406,LOW_MARGIN_ACCESSIBLE
9.418367346938776,4.918367346938775,True,True,31.650000000000002,18.349999999999998,0.18512682129699118,18.349999999999998,ACCESSIBLE,1.9149377593360999,0.5222101841820151,LOW_MARGIN_ACCESSIBLE
9.418367346938776,5.408163265306122,True,True,32.9,17.1,0.19970372849103402,17.1,ACCESSIBLE,1.7415094339622645,0.5742145178764896,LOW_MARGIN_ACCESSIBLE
9.418367346938776,5.8979591836734695,True,True,34.1,15.899999999999999,0.2136153287156841,15.899999999999999,ACCESSIBLE,1.596885813148789,0.6262188515709642,LOW_MARGIN_ACCESSIBLE
9.418367346938776,6.387755102040816,True,True,35.300000000000004,14.699999999999996,0.22690059224594952,14.699999999999996,ACCESSIBLE,1.4744408945686902,0.6782231852654387,LOW_MARGIN_ACCESSIBLE
9.418367346938776,6.877551020408163,True,True,36.5,13.5,0.23959593069962415,13.5,ACCESSIBLE,1.3694362017804156,0.7302275189599132,LOW_MARGIN_ACCESSIBLE
9.418367346938776,7.36734693877551,True,True,37.65,12.350000000000001,0.25173682175595125,12.350000000000001,ACCESSIBLE,1.2783933518005541,0.7822318526543878,LOW_MARGIN_ACCESSIBLE
9.418367346938776,7.857142857142857,True,True,38.85,11.149999999999999,0.26335873177677577,11.149999999999999,ACCESSIBLE,1.1987012987012988,0.8342361863488623,LOW_MARGIN_ACCESSIBLE
9.418367346938776,8.346938775510203,True,True,40.050000000000004,9.949999999999996,0.27449173513453196,9.949999999999996,ACCESSIBLE,1.1283618581907093,0.8862405200433368,LOW_MARGIN_ACCESSIBLE
9.418367346938776,8.83673469387755,True,True,41.25,8.75,0.28516605007732254,8.75,ACCESSIBLE,1.0658198614318708,0.9382448537378114,LOW_MARGIN_ACCESSIBLE
9.418367346938776,9.326530612244898,True,True,42.45,7.549999999999997,0.29540895558165237,7.549999999999997,ACCESSIBLE,1.0098468271334793,0.990249187432286,LOW_MARGIN_ACCESSIBLE
9.418367346938776,9.816326530612244,True,True,43.7,6.299999999999997,0.3052474867479609,6.299999999999997,ACCESSIBLE,0.9594594594594597,1.0422535211267603,LOW_MARGIN_ACCESSIBLE
9.418367346938776,10.306122448979592,True,True,44.900000000000006,5.099999999999994,0.3147037199479853,5.099999999999994,ACCESSIBLE,0.913861386138614,1.094257854821235,LOW_MARGIN_ACCESSIBLE
9.418367346938776,10.795918367346939,True,True,46.150000000000006,3.8499999999999943,0.3238009144848945,3.8499999999999943,ACCESSIBLE,0.8724007561436673,1.1462621885157096,NO_RECOVERY
9.418367346938776,11.285714285714285,True,True,47.400000000000006,2.5999999999999943,0.33255973331220406,2.5999999999999943,ACCESSIBLE,0.8345388788426764,1.198266522210184,NO_RECOVERY
9.418367346938776,11.775510204081632,True,True,48.7,1.2999999999999972,0.3409993627765703,1.2999999999999972,ACCESSIBLE,0.7998266897746968,1.2502708559046585,NO_RECOVERY
9.418367346938776,12.26530612244898,True,True,49.95,0.04999999999999716,0.3491368370893202,0.04999999999999716,ACCESSIBLE,0.7678868552412647,1.3022751895991331,NO_RECOVERY
9.418367346938776,12.755102040816325,True,False,51.25,-1.25,0.3569877972867101,-1.25,TIME_COLLAPSED,0.7384000000000002,1.3542795232936076,LATE_RECOVERY
9.418367346938776,13.244897959183673,True,False,52.550000000000004,-2.5500000000000043,0.3645700973550113,-2.5500000000000043,TIME_COLLAPSED,0.7110939907550078,1.4062838569880822,LATE_RECOVERY
9.418367346938776,13.73469387755102,True,False,53.85,-3.8500000000000014,0.37189556957647296,-3.8500000000000014,TIME_COLLAPSED,0.6857355126300149,1.4582881906825567,LATE_RECOVERY
9.418367346938776,14.224489795918368,True,False,55.150000000000006,-5.150000000000006,0.37897802535536484,-5.150000000000006,TIME_COLLAPSED,0.6621233859397417,1.5102925243770313,LATE_RECOVERY
9.418367346938776,14.714285714285714,True,False,56.45,-6.450000000000003,0.3858302327199441,-6.450000000000003,TIME_COLLAPSED,0.6400832177531207,1.5622968580715058,LATE_RECOVERY
9.418367346938776,15.204081632653061,True,False,57.75,-7.75,0.3924638450412652,-7.75,TIME_COLLAPSED,0.6194630872483222,1.6143011917659804,LATE_RECOVERY
9.418367346938776,15.693877551020408,True,False,59.1,-9.100000000000001,0.39888962470002187,-9.100000000000001,TIME_COLLAPSED,0.6001300390117036,1.6663055254604549,LATE_RECOVERY
9.418367346938776,16.183673469387756,True,False,60.400000000000006,-10.400000000000006,0.40511746450281777,-10.400000000000006,TIME_COLLAPSED,0.5819672131147541,1.7183098591549295,LATE_RECOVERY
9.418367346938776,16.6734693877551,True,False,61.75,-11.75,0.41115644237794857,-11.75,TIME_COLLAPSED,0.5648714810281519,1.770314192849404,LATE_RECOVERY
9.418367346938776,17.163265306122447,True,False,63.1,-13.100000000000001,0.41701497049303626,-13.100000000000001,TIME_COLLAPSED,0.5487514863258027,1.8223185265438784,LATE_RECOVERY
9.418367346938776,17.653061224489797,True,False,64.4,-14.400000000000006,0.4227029287461097,-14.400000000000006,TIME_COLLAPSED,0.5335260115606937,1.874322860238353,LATE_RECOVERY
9.418367346938776,18.142857142857142,True,False,65.75,-15.75,0.428226538356543,-15.75,TIME_COLLAPSED,0.5191226096737909,1.9263271939328275,LATE_RECOVERY
9.418367346938776,18.632653061224488,True,False,67.10000000000001,-17.10000000000001,0.43359403391764506,-17.10000000000001,TIME_COLLAPSED,0.5054764512595838,1.978331527627302,LATE_RECOVERY
9.418367346938776,19.122448979591837,True,False,68.45,-18.450000000000003,0.4388111832104552,-18.450000000000003,TIME_COLLAPSED,0.49252934898612594,2.0303358613217766,LATE_RECOVERY
9.418367346938776,19.612244897959183,True,False,69.8,-19.799999999999997,0.443886375421173,-19.799999999999997,TIME_COLLAPSED,0.48022892819979196,2.082340195016251,LATE_RECOVERY
9.418367346938776,20.10204081632653,True,False,71.15,-21.150000000000006,0.4488238090695882,-21.150000000000006,TIME_COLLAPSED,0.46852791878172595,2.1343445287107254,LATE_RECOVERY
9.418367346938776,20.591836734693878,True,False,72.5,-22.5,0.45362956566565243,-22.5,TIME_COLLAPSED,0.4573835480673935,2.1863488624052003,LATE_RECOVERY
9.418367346938776,21.081632653061224,True,False,73.85000000000001,-23.85000000000001,0.4583097405387098,-23.85000000000001,TIME_COLLAPSED,0.44675701839303006,2.2383531960996748,LATE_RECOVERY
9.418367346938776,21.57142857142857,True,False,75.2,-25.200000000000003,0.46286954136681674,-25.200000000000003,TIME_COLLAPSED,0.4366130558183539,2.290357529794149,LATE_RECOVERY
9.418367346938776,22.06122448979592,True,False,76.55,-26.549999999999997,0.46731323671414277,-26.549999999999997,TIME_COLLAPSED,0.42691951896392233,2.342361863488624,LATE_RECOVERY
9.418367346938776,22.551020408163264,True,False,77.9,-27.900000000000006,0.4716454617552316,-27.900000000000006,TIME_COLLAPSED,0.4176470588235295,2.3943661971830985,LATE_RECOVERY
9.418367346938776,23.04081632653061,True,False,79.30000000000001,-29.30000000000001,0.4758705835401237,-29.30000000000001,TIME_COLLAPSED,0.40876882196634196,2.4463705308775725,LATE_RECOVERY
9.418367346938776,23.53061224489796,False,False,,-inf,0.4799926971338897,,TIME_COLLAPSED,0.40026019080659153,2.4983748645720474,NO_RECOVERY
9.418367346938776,24.020408163265305,False,False,,-inf,0.48401565282902065,,TIME_COLLAPSED,0.39209855564995755,2.550379198266522,NO_RECOVERY
9.418367346938776,24.51020408163265,False,False,,-inf,0.48794322531303785,,TIME_COLLAPSED,0.38426311407160707,2.6023835319609963,NO_RECOVERY
9.418367346938776,25.0,False,False,,-inf,0.491779658386317,,TIME_COLLAPSED,0.37673469387755104,2.654387865655471,NO_RECOVERY
9.653061224489797,1.0,True,True,10.05,39.95,0.04111102835066086,39.95,ACCESSIBLE,9.653061224489797,0.10359408033826638,HIGH_MARGIN_ACCESSIBLE
9.653061224489797,1.489795918367347,True,True,17.6,32.4,0.06085874236505308,32.4,ACCESSIBLE,6.47945205479452,0.1543340380549683,HIGH_MARGIN_ACCESSIBLE
9.653061224489797,1.9795918367346939,True,True,21.5,28.5,0.0801384430458194,28.5,ACCESSIBLE,4.876288659793815,0.20507399577167018,HIGH_MARGIN_ACCESSIBLE
9.653061224489797,2.4693877551020407,True,True,24.05,25.95,0.09880499121030216,25.95,ACCESSIBLE,3.9090909090909096,0.25581395348837205,HIGH_MARGIN_ACCESSIBLE
9.653061224489797,2.9591836734693877,True,True,26.0,24.0,0.11676585392924942,24.0,ACCESSIBLE,3.2620689655172415,0.30655391120507397,HIGH_MARGIN_ACCESSIBLE
9.653061224489797,3.4489795918367347,True,True,27.650000000000002,22.349999999999998,0.13397958972929017,22.349999999999998,ACCESSIBLE,2.7988165680473376,0.3572938689217759,HIGH_MARGIN_ACCESSIBLE
9.653061224489797,3.9387755102040813,True,True,29.150000000000002,20.849999999999998,0.15043895762248996,20.849999999999998,ACCESSIBLE,2.450777202072539,0.40803382663847776,HIGH_MARGIN_ACCESSIBLE
9.653061224489797,4.428571428571429,True,True,30.55,19.45,0.16615923883720035,19.45,ACCESSIBLE,2.1797235023041477,0.4587737843551797,LOW_MARGIN_ACCESSIBLE
9.653061224489797,4.918367346938775,True,True,31.85,18.15,0.18116615782347129,18.15,ACCESSIBLE,1.9626556016597512,0.5095137420718816,LOW_MARGIN_ACCESSIBLE
9.653061224489797,5.408163265306122,True,True,33.1,16.9,0.19549362042458213,16.9,ACCESSIBLE,1.7849056603773588,0.5602536997885834,LOW_MARGIN_ACCESSIBLE
9.653061224489797,5.8979591836734695,True,True,34.35,15.649999999999999,0.2091761966820064,15.649999999999999,ACCESSIBLE,1.6366782006920415,0.6109936575052853,LOW_MARGIN_ACCESSIBLE
9.653061224489797,6.387755102040816,True,True,35.550000000000004,14.449999999999996,0.2222504512117046,14.449999999999996,ACCESSIBLE,1.5111821086261983,0.6617336152219873,LOW_MARGIN_ACCESSIBLE
9.653061224489797,6.877551020408163,True,True,36.7,13.299999999999997,0.23475168362093415,13.299999999999997,ACCESSIBLE,1.4035608308605343,0.7124735729386891,LOW_MARGIN_ACCESSIBLE
9.653061224489797,7.36734693877551,True,True,37.9,12.100000000000001,0.24671479748297012,12.100000000000001,ACCESSIBLE,1.3102493074792245,0.7632135306553911,LOW_MARGIN_ACCESSIBLE
9.653061224489797,7.857142857142857,True,True,39.1,10.899999999999999,0.25817128800384637,10.899999999999999,ACCESSIBLE,1.2285714285714286,0.8139534883720929,LOW_MARGIN_ACCESSIBLE
9.653061224489797,8.346938775510203,True,True,40.300000000000004,9.699999999999996,0.2691522203754726,9.699999999999996,ACCESSIBLE,1.1564792176039123,0.8646934460887948,LOW_MARGIN_ACCESSIBLE
9.653061224489797,8.83673469387755,True,True,41.5,8.5,0.2796857759900158,8.5,ACCESSIBLE,1.092378752886836,0.9154334038054968,LOW_MARGIN_ACCESSIBLE
9.653061224489797,9.326530612244898,True,True,42.7,7.299999999999997,0.2897986734124649,7.299999999999997,ACCESSIBLE,1.0350109409190373,0.9661733615221987,LOW_MARGIN_ACCESSIBLE
9.653061224489797,9.816326530612244,True,True,43.900000000000006,6.099999999999994,0.299515539790733,6.099999999999994,ACCESSIBLE,0.9833679833679835,1.0169133192389004,LOW_MARGIN_ACCESSIBLE
9.653061224489797,10.306122448979592,True,True,45.150000000000006,4.849999999999994,0.3088604098831041,4.849999999999994,ACCESSIBLE,0.9366336633663367,1.0676532769556024,NO_RECOVERY
9.653061224489797,10.795918367346939,True,True,46.35,3.6499999999999986,0.3178537872100323,3.6499999999999986,ACCESSIBLE,0.89413988657845,1.1183932346723044,NO_RECOVERY
9.653061224489797,11.285714285714285,True,True,47.6,2.3999999999999986,0.32651560218930314,2.3999999999999986,ACCESSIBLE,0.8553345388788428,1.1691331923890063,NO_RECOVERY
9.653061224489797,11.775510204081632,True,True,48.85,1.1499999999999986,0.33486446178300566,1.1499999999999986,ACCESSIBLE,0.8197573656845755,1.219873150105708,NO_RECOVERY
9.653061224489797,12.26530612244898,True,False,50.150000000000006,-0.15000000000000568,0.3429172474720925,-0.15000000000000568,TIME_COLLAPSED,0.7870216306156407,1.27061310782241,LATE_RECOVERY
9.653061224489797,12.755102040816325,True,False,51.400000000000006,-1.4000000000000057,0.3506905027682368,-1.4000000000000057,TIME_COLLAPSED,0.7568000000000001,1.321353065539112,LATE_RECOVERY
9.653061224489797,13.244897959183673,True,False,52.7,-2.700000000000003,0.358198933200186,-2.700000000000003,TIME_COLLAPSED,0.728813559322034,1.3720930232558137,LATE_RECOVERY
9.653061224489797,13.73469387755102,True,False,54.0,-4.0,0.3654560492984505,-4.0,TIME_COLLAPSED,0.7028231797919763,1.4228329809725158,LATE_RECOVERY
9.653061224489797,14.224489795918368,True,False,55.300000000000004,-5.300000000000004,0.37247433204665215,-5.300000000000004,TIME_COLLAPSED,0.678622668579627,1.4735729386892178,LATE_RECOVERY
9.653061224489797,14.714285714285714,True,False,56.6,-6.600000000000001,0.3792669742859719,-6.600000000000001,TIME_COLLAPSED,0.6560332871012483,1.5243128964059194,LATE_RECOVERY
9.653061224489797,15.204081632653061,True,False,57.900000000000006,-7.900000000000006,0.38584461347112275,-7.900000000000006,TIME_COLLAPSED,0.6348993288590604,1.5750528541226214,LATE_RECOVERY
9.653061224489797,15.693877551020408,True,False,59.2,-9.200000000000003,0.39221745856279916,-9.200000000000003,TIME_COLLAPSED,0.6150845253576073,1.6257928118393234,LATE_RECOVERY
9.653061224489797,16.183673469387756,True,False,60.550000000000004,-10.550000000000004,0.39839530925330824,-10.550000000000004,TIME_COLLAPSED,0.596469104665826,1.6765327695560253,LATE_RECOVERY
9.653061224489797,16.6734693877551,True,False,61.85,-11.850000000000001,0.40438828309129043,-11.850000000000001,TIME_COLLAPSED,0.5789473684210527,1.727272727272727,LATE_RECOVERY
9.653061224489797,17.163265306122447,True,False,63.2,-13.200000000000003,0.4102042599008845,-13.200000000000003,TIME_COLLAPSED,0.5624256837098693,1.7780126849894289,LATE_RECOVERY
9.653061224489797,17.653061224489797,True,False,64.5,-14.5,0.41585074641163244,-14.5,TIME_COLLAPSED,0.5468208092485549,1.828752642706131,LATE_RECOVERY
9.653061224489797,18.142857142857142,True,False,65.85000000000001,-15.850000000000009,0.421336231803101,-15.850000000000009,TIME_COLLAPSED,0.532058492688414,1.8794926004228327,LATE_RECOVERY
9.653061224489797,18.632653061224488,True,False,67.2,-17.200000000000003,0.4266676797764274,-17.200000000000003,TIME_COLLAPSED,0.5180722891566266,1.9302325581395345,LATE_RECOVERY
9.653061224489797,19.122448979591837,True,False,68.55,-18.549999999999997,0.4318514767914742,-18.549999999999997,TIME_COLLAPSED,0.5048025613660619,1.9809725158562368,LATE_RECOVERY
9.653061224489797,19.612244897959183,True,False,69.85000000000001,-19.85000000000001,0.43689398139656077,-19.85000000000001,TIME_COLLAPSED,0.4921956295525495,2.0317124735729384,LATE_RECOVERY
9.653061224489797,20.10204081632653,True,False,71.2,-21.200000000000003,0.441801955384722,-21.200000000000003,TIME_COLLAPSED,0.4802030456852793,2.0824524312896404,LATE_RECOVERY
9.653061224489797,20.591836734693878,True,False,72.55,-22.549999999999997,0.4465797880591247,-22.549999999999997,TIME_COLLAPSED,0.46878097125867196,2.1331923890063424,LATE_RECOVERY
9.653061224489797,21.081632653061224,True,False,73.9,-23.900000000000006,0.45123302669362236,-23.900000000000006,TIME_COLLAPSED,0.45788964181994196,2.183932346723044,LATE_RECOVERY
9.653061224489797,21.57142857142857,True,False,75.25,-25.25,0.45576783021508394,-25.25,TIME_COLLAPSED,0.4474929044465469,2.234672304439746,LATE_RECOVERY
9.653061224489797,22.06122448979592,True,False,76.60000000000001,-26.60000000000001,0.46018810144962313,-26.60000000000001,TIME_COLLAPSED,0.43755781683626277,2.285412262156448,LATE_RECOVERY
9.653061224489797,22.551020408163264,True,False,77.95,-27.950000000000003,0.46449824231608516,-27.950000000000003,TIME_COLLAPSED,0.42805429864253397,2.3361522198731497,LATE_RECOVERY
9.653061224489797,23.04081632653061,True,False,79.35000000000001,-29.35000000000001,0.4687025751245855,-29.35000000000001,TIME_COLLAPSED,0.41895482728077954,2.3868921775898517,LATE_RECOVERY
9.653061224489797,23.53061224489796,False,False,,-inf,0.4728051490453989,,TIME_COLLAPSED,0.4102341717259324,2.4376321353065538,NO_RECOVERY
9.653061224489797,24.020408163265305,False,False,,-inf,0.47680979052591044,,TIME_COLLAPSED,0.4018691588785047,2.4883720930232553,NO_RECOVERY
9.653061224489797,24.51020408163265,False,False,,-inf,0.4807200755699003,,TIME_COLLAPSED,0.39383846794338057,2.5391120507399574,NO_RECOVERY
9.653061224489797,25.0,False,False,,-inf,0.4845394007955162,,TIME_COLLAPSED,0.38612244897959186,2.5898520084566594,NO_RECOVERY
9.887755102040817,1.0,True,True,10.05,39.95,0.040144924281484855,39.95,ACCESSIBLE,9.887755102040817,0.10113519091847264,HIGH_MARGIN_ACCESSIBLE
9.887755102040817,1.489795918367347,True,True,17.35,32.65,0.059444277717893075,32.65,ACCESSIBLE,6.636986301369863,0.15067079463364294,HIGH_MARGIN_ACCESSIBLE
9.887755102040817,1.9795918367346939,True,True,21.5,28.5,0.07830049610613635,28.5,ACCESSIBLE,4.994845360824742,0.20020639834881318,HIGH_MARGIN_ACCESSIBLE
9.887755102040817,2.4693877551020407,True,True,24.1,25.9,0.09657132133532544,25.9,ACCESSIBLE,4.004132231404959,0.24974200206398345,HIGH_MARGIN_ACCESSIBLE
9.887755102040817,2.9591836734693877,True,True,26.1,23.9,0.11416546553921408,23.9,ACCESSIBLE,3.341379310344828,0.29927760577915374,HIGH_MARGIN_ACCESSIBLE
9.887755102040817,3.4489795918367347,True,True,27.8,22.2,0.131040078354511,22.2,ACCESSIBLE,2.866863905325444,0.34881320949432404,HIGH_MARGIN_ACCESSIBLE
9.887755102040817,3.9387755102040813,True,True,29.35,20.65,0.14718778910118518,20.65,ACCESSIBLE,2.5103626943005186,0.3983488132094943,HIGH_MARGIN_ACCESSIBLE
9.887755102040817,4.428571428571429,True,True,30.75,19.25,0.16262151100617248,19.25,ACCESSIBLE,2.2327188940092166,0.4478844169246646,LOW_MARGIN_ACCESSIBLE
9.887755102040817,4.918367346938775,True,True,32.050000000000004,17.949999999999996,0.17736517720831657,17.949999999999996,ACCESSIBLE,2.0103734439834025,0.4974200206398348,LOW_MARGIN_ACCESSIBLE
9.887755102040817,5.408163265306122,True,True,33.35,16.65,0.19145034317960438,16.65,ACCESSIBLE,1.8283018867924532,0.5469556243550051,LOW_MARGIN_ACCESSIBLE
9.887755102040817,5.8979591836734695,True,True,34.550000000000004,15.449999999999996,0.2049103156505794,15.449999999999996,ACCESSIBLE,1.6764705882352942,0.5964912280701754,LOW_MARGIN_ACCESSIBLE
9.887755102040817,6.387755102040816,True,True,35.75,14.25,0.2177795676977443,14.25,ACCESSIBLE,1.5479233226837061,0.6460268317853457,LOW_MARGIN_ACCESSIBLE
9.887755102040817,6.877551020408163,True,True,36.95,13.049999999999997,0.23009225710437808,13.049999999999997,ACCESSIBLE,1.437685459940653,0.6955624355005159,LOW_MARGIN_ACCESSIBLE
9.887755102040817,7.36734693877551,True,True,38.15,11.850000000000001,0.24188074194948764,11.850000000000001,ACCESSIBLE,1.342105263157895,0.7450980392156862,LOW_MARGIN_ACCESSIBLE
9.887755102040817,7.857142857142857,True,True,39.35,10.649999999999999,0.2531758342098983,10.649999999999999,ACCESSIBLE,1.2584415584415587,0.7946336429308565,LOW_MARGIN_ACCESSIBLE
9.887755102040817,8.346938775510203,True,True,40.5,9.5,0.2640080582603919,9.5,ACCESSIBLE,1.1845965770171152,0.8441692466460267,LOW_MARGIN_ACCESSIBLE
9.887755102040817,8.83673469387755,True,True,41.7,8.299999999999997,0.27440366450071185,8.299999999999997,ACCESSIBLE,1.1189376443418015,0.8937048503611971,LOW_MARGIN_ACCESSIBLE
9.887755102040817,9.326530612244898,True,True,42.900000000000006,7.099999999999994,0.28438882363820145,7.099999999999994,ACCESSIBLE,1.0601750547045952,0.9432404540763674,LOW_MARGIN_ACCESSIBLE
9.887755102040817,9.816326530612244,True,True,44.1,5.899999999999999,0.2939870664717662,5.899999999999999,ACCESSIBLE,1.0072765072765075,0.9927760577915375,LOW_MARGIN_ACCESSIBLE
9.887755102040817,10.306122448979592,True,True,45.35,4.649999999999999,0.30322152894544085,4.649999999999999,ACCESSIBLE,0.9594059405940595,1.0423116615067078,NO_RECOVERY
9.887755102040817,10.795918367346939,True,True,46.550000000000004,3.4499999999999957,0.3121115837338708,3.4499999999999957,ACCESSIBLE,0.9158790170132326,1.0918472652218782,NO_RECOVERY
9.887755102040817,11.285714285714285,True,True,47.800000000000004,2.1999999999999957,0.3206780068777107,2.1999999999999957,ACCESSIBLE,0.8761301989150092,1.1413828689370484,NO_RECOVERY
9.887755102040817,11.775510204081632,True,True,49.050000000000004,0.9499999999999957,0.3289377424958852,0.9499999999999957,ACCESSIBLE,0.8396880415944542,1.1909184726522186,NO_RECOVERY
9.887755102040817,12.26530612244898,True,False,50.300000000000004,-0.30000000000000426,0.3369077226771736,-0.30000000000000426,TIME_COLLAPSED,0.8061564059900167,1.240454076367389,LATE_RECOVERY
9.887755102040817,12.755102040816325,True,False,51.6,-1.6000000000000014,0.3446038269170747,-1.6000000000000014,TIME_COLLAPSED,0.7752000000000001,1.2899896800825592,LATE_RECOVERY
9.887755102040817,13.244897959183673,True,False,52.85,-2.8500000000000014,0.3520392484650343,-2.8500000000000014,TIME_COLLAPSED,0.7465331278890601,1.3395252837977294,LATE_RECOVERY
9.887755102040817,13.73469387755102,True,False,54.150000000000006,-4.150000000000006,0.35922871941996876,-4.150000000000006,TIME_COLLAPSED,0.7199108469539376,1.3890608875128998,LATE_RECOVERY
9.887755102040817,14.224489795918368,True,False,55.45,-5.450000000000003,0.3661833366317929,-5.450000000000003,TIME_COLLAPSED,0.6951219512195123,1.4385964912280702,LATE_RECOVERY
9.887755102040817,14.714285714285714,True,False,56.75,-6.75,0.3729167498965781,-6.75,TIME_COLLAPSED,0.6719833564493759,1.4881320949432402,LATE_RECOVERY
9.887755102040817,15.204081632653061,True,False,58.050000000000004,-8.050000000000004,0.3794385992460839,-8.050000000000004,TIME_COLLAPSED,0.6503355704697987,1.5376676986584106,LATE_RECOVERY
9.887755102040817,15.693877551020408,True,False,59.35,-9.350000000000001,0.38575919056166535,-9.350000000000001,TIME_COLLAPSED,0.6300390117035111,1.587203302373581,LATE_RECOVERY
9.887755102040817,16.183673469387756,True,False,60.650000000000006,-10.650000000000006,0.3918881398258597,-10.650000000000006,TIME_COLLAPSED,0.6109709962168979,1.6367389060887512,LATE_RECOVERY
9.887755102040817,16.6734693877551,True,False,61.95,-11.950000000000003,0.39783436864571203,-11.950000000000003,TIME_COLLAPSED,0.5930232558139535,1.6862745098039214,LATE_RECOVERY
9.887755102040817,17.163265306122447,True,False,63.300000000000004,-13.300000000000004,0.40360617262115356,-13.300000000000004,TIME_COLLAPSED,0.5760998810939358,1.7358101135190915,LATE_RECOVERY
9.887755102040817,17.653061224489797,True,False,64.60000000000001,-14.600000000000009,0.4092127329585227,-14.600000000000009,TIME_COLLAPSED,0.5601156069364162,1.7853457172342622,LATE_RECOVERY
9.887755102040817,18.142857142857142,True,False,65.95,-15.950000000000003,0.41465985733842153,-15.950000000000003,TIME_COLLAPSED,0.5449943757030372,1.8348813209494321,LATE_RECOVERY
9.887755102040817,18.632653061224488,True,False,67.3,-17.299999999999997,0.419954626160606,-17.299999999999997,TIME_COLLAPSED,0.5306681270536693,1.8844169246646023,LATE_RECOVERY
9.887755102040817,19.122448979591837,True,False,68.60000000000001,-18.60000000000001,0.425104987187196,-18.60000000000001,TIME_COLLAPSED,0.5170757737459979,1.933952528379773,LATE_RECOVERY
9.887755102040817,19.612244897959183,True,False,69.95,-19.950000000000003,0.43011534220038794,-19.950000000000003,TIME_COLLAPSED,0.504162330905307,1.9834881320949431,LATE_RECOVERY
9.887755102040817,20.10204081632653,True,False,71.3,-21.299999999999997,0.43499293863103866,-21.299999999999997,TIME_COLLAPSED,0.49187817258883254,2.0330237358101133,LATE_RECOVERY
9.887755102040817,20.591836734693878,True,False,72.65,-22.650000000000006,0.4397427109883705,-22.650000000000006,TIME_COLLAPSED,0.4801783944499505,2.0825593395252837,LATE_RECOVERY
9.887755102040817,21.081632653061224,True,False,74.0,-24.0,0.44436933375083204,-24.0,TIME_COLLAPSED,0.46902226524685386,2.1320949432404537,LATE_RECOVERY
9.887755102040817,21.57142857142857,True,False,75.35000000000001,-25.35000000000001,0.4488784228188031,-25.35000000000001,TIME_COLLAPSED,0.4583727530747399,2.181630546955624,LATE_RECOVERY
9.887755102040817,22.06122448979592,True,False,76.7,-26.700000000000003,0.45327501780314045,-26.700000000000003,TIME_COLLAPSED,0.44819611470860315,2.2311661506707945,LATE_RECOVERY
9.887755102040817,22.551020408163264,True,False,78.05000000000001,-28.05000000000001,0.45756275372280314,-28.05000000000001,TIME_COLLAPSED,0.4384615384615385,2.2807017543859645,LATE_RECOVERY
9.887755102040817,23.04081632653061,True,False,79.4,-29.400000000000006,0.4617459136685817,-29.400000000000006,TIME_COLLAPSED,0.42914083259521707,2.330237358101135,LATE_RECOVERY
9.887755102040817,23.53061224489796,False,False,,-inf,0.4658285234801149,,TIME_COLLAPSED,0.4202081526452732,2.3797729618163053,NO_RECOVERY
9.887755102040817,24.020408163265305,False,False,,-inf,0.46981436771519663,,TIME_COLLAPSED,0.4116397621070519,2.4293085655314757,NO_RECOVERY
9.887755102040817,24.51020408163265,False,False,,-inf,0.4737070081557042,,TIME_COLLAPSED,0.4034138218151541,2.4788441692466456,NO_RECOVERY
9.887755102040817,25.0,False,False,,-inf,0.4775098007756841,,TIME_COLLAPSED,0.3955102040816327,2.528379772961816,NO_RECOVERY
10.122448979591837,1.0,True,True,10.05,39.95,0.039222985335360186,39.95,ACCESSIBLE,10.122448979591837,0.09879032258064516,HIGH_MARGIN_ACCESSIBLE
10.122448979591837,1.489795918367347,True,True,17.1,32.9,0.05809353581164911,32.9,ACCESSIBLE,6.794520547945205,0.14717741935483872,HIGH_MARGIN_ACCESSIBLE
10.122448979591837,1.9795918367346939,True,True,21.450000000000003,28.549999999999997,0.07654384613814176,28.549999999999997,ACCESSIBLE,5.113402061855671,0.19556451612903225,HIGH_MARGIN_ACCESSIBLE
10.122448979591837,2.4693877551020407,True,True,24.150000000000002,25.849999999999998,0.09443474136033708,25.849999999999998,ACCESSIBLE,4.099173553719009,0.24395161290322578,HIGH_MARGIN_ACCESSIBLE
10.122448979591837,2.9591836734693877,True,True,26.25,23.75,0.11167545186930537,23.75,ACCESSIBLE,3.420689655172414,0.2923387096774193,HIGH_MARGIN_ACCESSIBLE
10.122448979591837,3.4489795918367347,True,True,27.950000000000003,22.049999999999997,0.1282238354213391,22.049999999999997,ACCESSIBLE,2.9349112426035506,0.3407258064516129,HIGH_MARGIN_ACCESSIBLE
10.122448979591837,3.9387755102040813,True,True,29.5,20.5,0.1440703238061851,20.5,ACCESSIBLE,2.5699481865284977,0.3891129032258064,HIGH_MARGIN_ACCESSIBLE
10.122448979591837,4.428571428571429,True,True,30.950000000000003,19.049999999999997,0.1592263466483528,19.049999999999997,ACCESSIBLE,2.2857142857142856,0.4375,LOW_MARGIN_ACCESSIBLE
10.122448979591837,4.918367346938775,True,True,32.300000000000004,17.699999999999996,0.17371488760345677,17.699999999999996,ACCESSIBLE,2.058091286307054,0.4858870967741935,LOW_MARGIN_ACCESSIBLE
10.122448979591837,5.408163265306122,True,True,33.550000000000004,16.449999999999996,0.187564740048288,16.449999999999996,ACCESSIBLE,1.8716981132075474,0.534274193548387,LOW_MARGIN_ACCESSIBLE
10.122448979591837,5.8979591836734695,True,True,34.800000000000004,15.199999999999996,0.20080806260956446,15.199999999999996,ACCESSIBLE,1.7162629757785468,0.5826612903225806,LOW_MARGIN_ACCESSIBLE
10.122448979591837,6.387755102040816,True,True,36.0,14.0,0.21347825198772602,14.0,ACCESSIBLE,1.5846645367412142,0.6310483870967741,LOW_MARGIN_ACCESSIBLE
10.122448979591837,6.877551020408163,True,True,37.2,12.799999999999997,0.22560659438762287,12.799999999999997,ACCESSIBLE,1.4718100890207717,0.6794354838709676,LOW_MARGIN_ACCESSIBLE
10.122448979591837,7.36734693877551,True,True,38.400000000000006,11.599999999999994,0.23722509301235714,11.599999999999994,ACCESSIBLE,1.373961218836565,0.7278225806451613,LOW_MARGIN_ACCESSIBLE
10.122448979591837,7.857142857142857,True,True,39.550000000000004,10.449999999999996,0.24836292552942404,10.449999999999996,ACCESSIBLE,1.2883116883116885,0.7762096774193548,LOW_MARGIN_ACCESSIBLE
10.122448979591837,8.346938775510203,True,True,40.75,9.25,0.25904965427319804,9.25,ACCESSIBLE,1.212713936430318,0.8245967741935483,LOW_MARGIN_ACCESSIBLE
10.122448979591837,8.83673469387755,True,True,41.95,8.049999999999997,0.2693101718206912,8.049999999999997,ACCESSIBLE,1.1454965357967668,0.8729838709677419,LOW_MARGIN_ACCESSIBLE
10.122448979591837,9.326530612244898,True,True,43.150000000000006,6.849999999999994,0.27916995849508,6.849999999999994,ACCESSIBLE,1.0853391684901532,0.9213709677419355,LOW_MARGIN_ACCESSIBLE
10.122448979591837,9.816326530612244,True,True,44.35,5.649999999999999,0.2886520963304536,5.649999999999999,ACCESSIBLE,1.0311850311850312,0.9697580645161289,LOW_MARGIN_ACCESSIBLE
10.122448979591837,10.306122448979592,True,True,45.550000000000004,4.449999999999996,0.29777733785707095,4.449999999999996,ACCESSIBLE,0.9821782178217823,1.0181451612903225,NO_RECOVERY
10.122448979591837,10.795918367346939,True,True,46.800000000000004,3.1999999999999957,0.3065676611867618,3.1999999999999957,ACCESSIBLE,0.9376181474480152,1.066532258064516,NO_RECOVERY
10.122448979591837,11.285714285714285,True,True,48.0,2.0,0.3150397977789987,2.0,ACCESSIBLE,0.8969258589511755,1.1149193548387095,NO_RECOVERY
10.122448979591837,11.775510204081632,True,True,49.25,0.75,0.3232117297708368,0.75,ACCESSIBLE,0.8596187175043328,1.163306451612903,NO_RECOVERY
10.122448979591837,12.26530612244898,True,False,50.5,-0.5,0.33109976278888303,-0.5,TIME_COLLAPSED,0.8252911813643927,1.2116935483870968,LATE_RECOVERY
10.122448979591837,12.755102040816325,True,False,51.75,-1.75,0.3387187334752462,-1.75,TIME_COLLAPSED,0.7936000000000001,1.26008064516129,LATE_RECOVERY
10.122448979591837,13.244897959183673,True,False,53.050000000000004,-3.0500000000000043,0.3460821185228726,-3.0500000000000043,TIME_COLLAPSED,0.7642526964560864,1.3084677419354838,LATE_RECOVERY
10.122448979591837,13.73469387755102,True,False,54.300000000000004,-4.300000000000004,0.3532047328209143,-4.300000000000004,TIME_COLLAPSED,0.736998514115899,1.3568548387096773,LATE_RECOVERY
10.122448979591837,14.224489795918368,True,False,55.6,-5.600000000000001,0.3600963402004274,-5.600000000000001,TIME_COLLAPSED,0.7116212338593975,1.405241935483871,LATE_RECOVERY
10.122448979591837,14.714285714285714,True,False,56.900000000000006,-6.900000000000006,0.36677084788091713,-6.900000000000006,TIME_COLLAPSED,0.6879334257975035,1.4536290322580643,LATE_RECOVERY
10.122448979591837,15.204081632653061,True,False,58.2,-8.200000000000003,0.3732372255835042,-8.200000000000003,TIME_COLLAPSED,0.6657718120805369,1.502016129032258,LATE_RECOVERY
10.122448979591837,15.693877551020408,True,False,59.5,-9.5,0.37950568692484443,-9.5,TIME_COLLAPSED,0.6449934980494149,1.5504032258064515,LATE_RECOVERY
10.122448979591837,16.183673469387756,True,False,60.800000000000004,-10.800000000000004,0.3855857836099184,-10.800000000000004,TIME_COLLAPSED,0.6254728877679697,1.5987903225806452,LATE_RECOVERY
10.122448979591837,16.6734693877551,True,False,62.1,-12.100000000000001,0.3914862508696424,-12.100000000000001,TIME_COLLAPSED,0.6070991432068544,1.6471774193548385,LATE_RECOVERY
10.122448979591837,17.163265306122447,True,False,63.400000000000006,-13.400000000000006,0.39721520002832866,-13.400000000000006,TIME_COLLAPSED,0.5897740784780025,1.695564516129032,LATE_RECOVERY
10.122448979591837,17.653061224489797,True,False,64.75,-14.75,0.40278015370060977,-14.75,TIME_COLLAPSED,0.5734104046242775,1.7439516129032258,LATE_RECOVERY
10.122448979591837,18.142857142857142,True,False,66.05,-16.049999999999997,0.4081888151177817,-16.049999999999997,TIME_COLLAPSED,0.5579302587176603,1.7923387096774193,LATE_RECOVERY
10.122448979591837,18.632653061224488,True,False,67.4,-17.400000000000006,0.413448273155662,-17.400000000000006,TIME_COLLAPSED,0.543263964950712,1.8407258064516125,LATE_RECOVERY
10.122448979591837,19.122448979591837,True,False,68.7,-18.700000000000003,0.4185635257454057,-18.700000000000003,TIME_COLLAPSED,0.5293489861259338,1.8891129032258065,LATE_RECOVERY
10.122448979591837,19.612244897959183,True,False,70.05,-20.049999999999997,0.42354270000459054,-20.049999999999997,TIME_COLLAPSED,0.5161290322580646,1.9374999999999998,LATE_RECOVERY
10.122448979591837,20.10204081632653,True,False,71.4,-21.400000000000006,0.42838912596579104,-21.400000000000006,TIME_COLLAPSED,0.5035532994923858,1.9858870967741933,LATE_RECOVERY
10.122448979591837,20.591836734693878,True,False,72.7,-22.700000000000003,0.4331108403576284,-22.700000000000003,TIME_COLLAPSED,0.491575817641229,2.034274193548387,LATE_RECOVERY
10.122448979591837,21.081632653061224,True,False,74.05,-24.049999999999997,0.4377107821364636,-24.049999999999997,TIME_COLLAPSED,0.48015488867376577,2.0826612903225805,LATE_RECOVERY
10.122448979591837,21.57142857142857,True,False,75.4,-25.400000000000006,0.4421940828647628,-25.400000000000006,TIME_COLLAPSED,0.4692526017029329,2.131048387096774,LATE_RECOVERY
10.122448979591837,22.06122448979592,True,False,76.75,-26.75,0.446566709269946,-26.75,TIME_COLLAPSED,0.4588344125809436,2.1794354838709675,LATE_RECOVERY
10.122448979591837,22.551020408163264,True,False,78.10000000000001,-28.10000000000001,0.4508318315683315,-28.10000000000001,TIME_COLLAPSED,0.44886877828054306,2.227822580645161,LATE_RECOVERY
10.122448979591837,23.04081632653061,True,False,79.45,-29.450000000000003,0.45499359645411325,-29.450000000000003,TIME_COLLAPSED,0.43932683790965465,2.2762096774193545,LATE_RECOVERY
10.122448979591837,23.53061224489796,False,False,,-inf,0.45905593232634634,,TIME_COLLAPSED,0.4301821335646141,2.3245967741935485,NO_RECOVERY
10.122448979591837,24.020408163265305,False,False,,-inf,0.4630226334872645,,TIME_COLLAPSED,0.421410365335599,2.3729838709677415,NO_RECOVERY
10.122448979591837,24.51020408163265,False,False,,-inf,0.46689723213132006,,TIME_COLLAPSED,0.4129891756869276,2.421370967741935,NO_RECOVERY
10.122448979591837,25.0,False,False,,-inf,0.47068304549695744,,TIME_COLLAPSED,0.4048979591836735,2.469758064516129,NO_RECOVERY
10.357142857142858,1.0,True,True,10.05,39.95,0.038342262926646734,39.95,ACCESSIBLE,10.357142857142858,0.09655172413793103,HIGH_MARGIN_ACCESSIBLE
10.357142857142858,1.489795918367347,True,True,16.8,33.2,0.05680230403836449,33.2,ACCESSIBLE,6.9520547945205475,0.1438423645320197,HIGH_MARGIN_ACCESSIBLE
10.357142857142858,1.9795918367346939,True,True,21.450000000000003,28.549999999999997,0.0748633490866582,28.549999999999997,ACCESSIBLE,5.231958762886598,0.19113300492610835,HIGH_MARGIN_ACCESSIBLE
10.357142857142858,2.4693877551020407,True,True,24.200000000000003,25.799999999999997,0.09238894971230283,25.799999999999997,ACCESSIBLE,4.194214876033058,0.23842364532019703,HIGH_MARGIN_ACCESSIBLE
10.357142857142858,2.9591836734693877,True,True,26.35,23.65,0.10928959220245389,23.65,ACCESSIBLE,3.5000000000000004,0.2857142857142857,HIGH_MARGIN_ACCESSIBLE
10.357142857142858,3.4489795918367347,True,True,28.1,21.9,0.12552264429190493,21.9,ACCESSIBLE,3.002958579881657,0.3330049261083744,HIGH_MARGIN_ACCESSIBLE
10.357142857142858,3.9387755102040813,True,True,29.700000000000003,20.299999999999997,0.14107818759620697,20.299999999999997,ACCESSIBLE,2.629533678756477,0.380295566502463,HIGH_MARGIN_ACCESSIBLE
10.357142857142858,4.428571428571429,True,True,31.150000000000002,18.849999999999998,0.15596564909094365,18.849999999999998,ACCESSIBLE,2.338709677419355,0.42758620689655175,LOW_MARGIN_ACCESSIBLE
10.357142857142858,4.918367346938775,True,True,32.5,17.5,0.1702069223592866,17.5,ACCESSIBLE,2.1058091286307055,0.47487684729064034,LOW_MARGIN_ACCESSIBLE
10.357142857142858,5.408163265306122,True,True,33.75,16.25,0.1838286340719137,16.25,ACCESSIBLE,1.9150943396226419,0.522167487684729,LOW_MARGIN_ACCESSIBLE
10.357142857142858,5.8979591836734695,True,True,35.0,15.0,0.19686219434359994,15.0,ACCESSIBLE,1.7560553633217995,0.5694581280788177,LOW_MARGIN_ACCESSIBLE
10.357142857142858,6.387755102040816,True,True,36.25,13.75,0.20933779922023873,13.75,ACCESSIBLE,1.6214057507987223,0.6167487684729064,LOW_MARGIN_ACCESSIBLE
10.357142857142858,6.877551020408163,True,True,37.45,12.549999999999997,0.2212868956844919,12.549999999999997,ACCESSIBLE,1.5059347181008904,0.664039408866995,LOW_MARGIN_ACCESSIBLE
10.357142857142858,7.36734693877551,True,True,38.650000000000006,11.349999999999994,0.23273912447712103,11.349999999999994,ACCESSIBLE,1.4058171745152355,0.7113300492610837,LOW_MARGIN_ACCESSIBLE
10.357142857142858,7.857142857142857,True,True,39.800000000000004,10.199999999999996,0.2437239531240629,10.199999999999996,ACCESSIBLE,1.3181818181818183,0.7586206896551724,LOW_MARGIN_ACCESSIBLE
10.357142857142858,8.346938775510203,True,True,41.0,9.0,0.2542679428495932,9.0,ACCESSIBLE,1.240831295843521,0.805911330049261,LOW_MARGIN_ACCESSIBLE
10.357142857142858,8.83673469387755,True,True,42.2,7.799999999999997,0.2643962611065987,7.799999999999997,ACCESSIBLE,1.1720554272517323,0.8532019704433497,LOW_MARGIN_ACCESSIBLE
10.357142857142858,9.326530612244898,True,True,43.35,6.649999999999999,0.27413310315572503,6.649999999999999,ACCESSIBLE,1.1105032822757113,0.9004926108374384,LOW_MARGIN_ACCESSIBLE
10.357142857142858,9.816326530612244,True,True,44.550000000000004,5.449999999999996,0.2835011073620735,5.449999999999996,ACCESSIBLE,1.0550935550935552,0.947783251231527,LOW_MARGIN_ACCESSIBLE
10.357142857142858,10.306122448979592,True,True,45.75,4.25,0.2925206613666741,4.25,ACCESSIBLE,1.004950495049505,0.9950738916256157,NO_RECOVERY
10.357142857142858,10.795918367346939,True,True,47.0,3.0,0.3012108853657599,3.0,ACCESSIBLE,0.9593572778827978,1.0423645320197044,NO_RECOVERY
10.357142857142858,11.285714285714285,True,True,48.2,1.7999999999999972,0.3095905653765607,1.7999999999999972,ACCESSIBLE,0.9177215189873419,1.089655172413793,NO_RECOVERY
10.357142857142858,11.775510204081632,True,True,49.45,0.5499999999999972,0.31767631762003096,0.5499999999999972,ACCESSIBLE,0.8795493934142116,1.1369458128078818,NO_RECOVERY
10.357142857142858,12.26530612244898,True,False,50.7,-0.7000000000000028,0.3254834403043466,-0.7000000000000028,TIME_COLLAPSED,0.8444259567387687,1.1842364532019705,LATE_RECOVERY
10.357142857142858,12.755102040816325,True,False,51.95,-1.9500000000000028,0.33302654761728656,-1.9500000000000028,TIME_COLLAPSED,0.8120000000000002,1.231527093596059,LATE_RECOVERY
10.357142857142858,13.244897959183673,True,False,53.2,-3.200000000000003,0.34031951506836583,-3.200000000000003,TIME_COLLAPSED,0.7819722650231126,1.2788177339901476,LATE_RECOVERY
10.357142857142858,13.73469387755102,True,False,54.45,-4.450000000000003,0.3473755733150596,-4.450000000000003,TIME_COLLAPSED,0.7540861812778603,1.3261083743842363,LATE_RECOVERY
10.357142857142858,14.224489795918368,True,False,55.75,-5.75,0.354204916352688,-5.75,TIME_COLLAPSED,0.7281205164992827,1.373399014778325,LATE_RECOVERY
10.357142857142858,14.714285714285714,True,False,57.050000000000004,-7.050000000000004,0.360820963696802,-7.050000000000004,TIME_COLLAPSED,0.7038834951456311,1.4206896551724137,LATE_RECOVERY
10.357142857142858,15.204081632653061,True,False,58.300000000000004,-8.300000000000004,0.36723228066115515,-8.300000000000004,TIME_COLLAPSED,0.6812080536912752,1.4679802955665024,LATE_RECOVERY
10.357142857142858,15.693877551020408,True,False,59.6,-9.600000000000001,0.37344891570984146,-9.600000000000001,TIME_COLLAPSED,0.6599479843953187,1.5152709359605911,LATE_RECOVERY
10.357142857142858,16.183673469387756,True,False,60.900000000000006,-10.900000000000006,0.3794802734591458,-10.900000000000006,TIME_COLLAPSED,0.6399747793190416,1.5625615763546798,LATE_RECOVERY
10.357142857142858,16.6734693877551,True,False,62.2,-12.200000000000003,0.38533500492911527,-12.200000000000003,TIME_COLLAPSED,0.6211750305997552,1.6098522167487683,LATE_RECOVERY
10.357142857142858,17.163265306122447,True,False,63.550000000000004,-13.550000000000004,0.3910210972213696,-13.550000000000004,TIME_COLLAPSED,0.6034482758620691,1.6571428571428568,LATE_RECOVERY
10.357142857142858,17.653061224489797,True,False,64.85000000000001,-14.850000000000009,0.39654595486804695,-14.850000000000009,TIME_COLLAPSED,0.5867052023121387,1.7044334975369457,LATE_RECOVERY
10.357142857142858,18.142857142857142,True,False,66.15,-16.150000000000006,0.40191646635885164,-16.150000000000006,TIME_COLLAPSED,0.5708661417322836,1.7517241379310344,LATE_RECOVERY
10.357142857142858,18.632653061224488,True,False,67.5,-17.5,0.40713897929511433,-17.5,TIME_COLLAPSED,0.5558598028477547,1.799014778325123,LATE_RECOVERY
10.357142857142858,19.122448979591837,True,False,68.8,-18.799999999999997,0.4122211985568148,-18.799999999999997,TIME_COLLAPSED,0.5416221985058698,1.8463054187192118,LATE_RECOVERY
10.357142857142858,19.612244897959183,True,False,70.15,-20.150000000000006,0.41716760974767575,-20.150000000000006,TIME_COLLAPSED,0.5280957336108221,1.8935960591133003,LATE_RECOVERY
10.357142857142858,20.10204081632653,True,False,71.45,-21.450000000000003,0.42198445960984204,-21.450000000000003,TIME_COLLAPSED,0.5152284263959391,1.9408866995073888,LATE_RECOVERY
10.357142857142858,20.591836734693878,True,False,72.8,-22.799999999999997,0.4266766931216047,-22.799999999999997,TIME_COLLAPSED,0.5029732408325075,1.9881773399014777,LATE_RECOVERY
10.357142857142858,21.081632653061224,True,False,74.15,-24.150000000000006,0.4312499799752326,-24.150000000000006,TIME_COLLAPSED,0.49128751210067767,2.035467980295566,LATE_RECOVERY
10.357142857142858,21.57142857142857,True,False,75.45,-25.450000000000003,0.43570789902910007,-25.450000000000003,TIME_COLLAPSED,0.4801324503311259,2.082758620689655,LATE_RECOVERY
10.357142857142858,22.06122448979592,True,False,76.80000000000001,-26.80000000000001,0.4400559747807512,-26.80000000000001,TIME_COLLAPSED,0.46947271045328404,2.1300492610837436,LATE_RECOVERY
10.357142857142858,22.551020408163264,True,False,78.15,-28.150000000000006,0.4442983550053247,-28.150000000000006,TIME_COLLAPSED,0.45927601809954754,2.1773399014778323,LATE_RECOVERY
10.357142857142858,23.04081632653061,True,False,79.5,-29.5,0.4484385118852595,-29.5,TIME_COLLAPSED,0.4495128432240922,2.224630541871921,LATE_RECOVERY
10.357142857142858,23.53061224489796,False,False,,-inf,0.4524803936819125,,TIME_COLLAPSED,0.4401561144839549,2.2719211822660097,NO_RECOVERY
10.357142857142858,24.020408163265305,False,False,,-inf,0.45642771723714326,,TIME_COLLAPSED,0.43118096856414617,2.3192118226600984,NO_RECOVERY
10.357142857142858,24.51020408163265,False,False,,-inf,0.4602839823515697,,TIME_COLLAPSED,0.42256452955870116,2.3665024630541867,NO_RECOVERY
10.357142857142858,25.0,False,False,,-inf,0.46405251072272374,,TIME_COLLAPSED,0.4142857142857143,2.413793103448276,NO_RECOVERY
10.591836734693878,1.0,True,True,10.05,39.95,0.037500064239543045,39.95,ACCESSIBLE,10.591836734693878,0.09441233140655106,HIGH_MARGIN_ACCESSIBLE
10.591836734693878,1.489795918367347,True,True,16.400000000000002,33.599999999999994,0.05556674765281125,33.599999999999994,ACCESSIBLE,7.10958904109589,0.14065510597302505,HIGH_MARGIN_ACCESSIBLE
10.591836734693878,1.9795918367346939,True,True,21.400000000000002,28.599999999999998,0.07325405837306351,28.599999999999998,ACCESSIBLE,5.350515463917526,0.18689788053949902,HIGH_MARGIN_ACCESSIBLE
10.591836734693878,2.4693877551020407,True,True,24.25,25.75,0.09042818210825679,25.75,ACCESSIBLE,4.289256198347108,0.233140655105973,HIGH_MARGIN_ACCESSIBLE
10.591836734693878,2.9591836734693877,True,True,26.450000000000003,23.549999999999997,0.10700089100516622,23.549999999999997,ACCESSIBLE,3.5793103448275865,0.279383429672447,HIGH_MARGIN_ACCESSIBLE
10.591836734693878,3.4489795918367347,True,True,28.25,21.75,0.12292997617939773,21.75,ACCESSIBLE,3.0710059171597632,0.32562620423892097,HIGH_MARGIN_ACCESSIBLE
10.591836734693878,3.9387755102040813,True,True,29.85,20.15,0.13820423286775105,20.15,ACCESSIBLE,2.689119170984456,0.37186897880539493,HIGH_MARGIN_ACCESSIBLE
10.591836734693878,4.428571428571429,True,True,31.35,18.65,0.15283189678503165,18.65,ACCESSIBLE,2.391705069124424,0.418111753371869,LOW_MARGIN_ACCESSIBLE
10.591836734693878,4.918367346938775,True,True,32.7,17.299999999999997,0.16683349000763667,17.299999999999997,ACCESSIBLE,2.153526970954357,0.4643545279383429,LOW_MARGIN_ACCESSIBLE
10.591836734693878,5.408163265306122,True,True,34.0,16.0,0.18023412724776142,16.0,ACCESSIBLE,1.958490566037736,0.5105973025048169,LOW_MARGIN_ACCESSIBLE
10.591836734693878,5.8979591836734695,True,True,35.25,14.75,0.19306298161941005,14.75,ACCESSIBLE,1.7958477508650519,0.5568400770712909,LOW_MARGIN_ACCESSIBLE
10.591836734693878,6.387755102040816,True,True,36.45,13.549999999999997,0.20534981519511633,13.549999999999997,ACCESSIBLE,1.6581469648562301,0.6030828516377649,LOW_MARGIN_ACCESSIBLE
10.591836734693878,6.877551020408163,True,True,37.7,12.299999999999997,0.21712432505756377,12.299999999999997,ACCESSIBLE,1.5400593471810091,0.6493256262042388,LOW_MARGIN_ACCESSIBLE
10.591836734693878,7.36734693877551,True,True,38.85,11.149999999999999,0.2284150819042159,11.149999999999999,ACCESSIBLE,1.4376731301939059,0.6955684007707129,LOW_MARGIN_ACCESSIBLE
10.591836734693878,7.857142857142857,True,True,40.050000000000004,9.949999999999996,0.2392497482514,9.949999999999996,ACCESSIBLE,1.3480519480519482,0.7418111753371869,LOW_MARGIN_ACCESSIBLE
10.591836734693878,8.346938775510203,True,True,41.25,8.75,0.24965436216075626,8.75,ACCESSIBLE,1.268948655256724,0.7880539499036607,LOW_MARGIN_ACCESSIBLE
10.591836734693878,8.83673469387755,True,True,42.400000000000006,7.599999999999994,0.25965337795885973,7.599999999999994,ACCESSIBLE,1.1986143187066975,0.8342967244701348,LOW_MARGIN_ACCESSIBLE
10.591836734693878,9.326530612244898,True,True,43.6,6.399999999999999,0.26926974140351495,6.399999999999999,ACCESSIBLE,1.135667396061269,0.8805394990366089,LOW_MARGIN_ACCESSIBLE
10.591836734693878,9.816326530612244,True,True,44.800000000000004,5.199999999999996,0.2785256591733351,5.199999999999996,ACCESSIBLE,1.0790020790020791,0.9267822736030827,LOW_MARGIN_ACCESSIBLE
10.591836734693878,10.306122448979592,True,True,46.0,4.0,0.28744116066314496,4.0,ACCESSIBLE,1.0277227722772277,0.9730250481695568,NO_RECOVERY
10.591836734693878,10.795918367346939,True,True,47.2,2.799999999999997,0.29603428984025887,2.799999999999997,ACCESSIBLE,0.9810964083175804,1.0192678227360308,NO_RECOVERY
10.591836734693878,11.285714285714285,True,True,48.400000000000006,1.5999999999999943,0.3043229742205974,1.5999999999999943,ACCESSIBLE,0.9385171790235083,1.0655105973025047,NO_RECOVERY
10.591836734693878,11.775510204081632,True,True,49.650000000000006,0.3499999999999943,0.3123230913904541,0.3499999999999943,ACCESSIBLE,0.8994800693240902,1.1117533718689787,NO_RECOVERY
10.591836734693878,12.26530612244898,True,False,50.900000000000006,-0.9000000000000057,0.320050426189562,-0.9000000000000057,TIME_COLLAPSED,0.8635607321131448,1.1579961464354527,LATE_RECOVERY
10.591836734693878,12.755102040816325,True,False,52.150000000000006,-2.1500000000000057,0.32751933090230406,-2.1500000000000057,TIME_COLLAPSED,0.8304000000000001,1.2042389210019266,LATE_RECOVERY
10.591836734693878,13.244897959183673,True,False,53.400000000000006,-3.4000000000000057,0.33474289936764257,-3.4000000000000057,TIME_COLLAPSED,0.7996918335901387,1.2504816955684006,LATE_RECOVERY
10.591836734693878,13.73469387755102,True,False,54.650000000000006,-4.650000000000006,0.34173305635659385,-4.650000000000006,TIME_COLLAPSED,0.7711738484398217,1.2967244701348748,LATE_RECOVERY
10.591836734693878,14.224489795918368,True,False,55.900000000000006,-5.900000000000006,0.34850093073194294,-5.900000000000006,TIME_COLLAPSED,0.7446197991391679,1.3429672447013488,LATE_RECOVERY
10.591836734693878,14.714285714285714,True,False,57.2,-7.200000000000003,0.35505908197931846,-7.200000000000003,TIME_COLLAPSED,0.7198335644937587,1.3892100192678225,LATE_RECOVERY
10.591836734693878,15.204081632653061,True,False,58.45,-8.450000000000003,0.36141584284171685,-8.450000000000003,TIME_COLLAPSED,0.6966442953020134,1.4354527938342967,LATE_RECOVERY
10.591836734693878,15.693877551020408,True,False,59.75,-9.75,0.3675810442592937,-9.75,TIME_COLLAPSED,0.6749024707412223,1.4816955684007707,LATE_RECOVERY
10.591836734693878,16.183673469387756,True,False,61.050000000000004,-11.050000000000004,0.3735646323177077,-11.050000000000004,TIME_COLLAPSED,0.6544766708701135,1.5279383429672446,LATE_RECOVERY
10.591836734693878,16.6734693877551,True,False,62.35,-12.350000000000001,0.37937406625610975,-12.350000000000001,TIME_COLLAPSED,0.6352509179926561,1.5741811175337186,LATE_RECOVERY
10.591836734693878,17.163265306122447,True,False,63.650000000000006,-13.650000000000006,0.385017158395322,-13.650000000000006,TIME_COLLAPSED,0.6171224732461357,1.6204238921001926,LATE_RECOVERY
10.591836734693878,17.653061224489797,True,False,64.95,-14.950000000000003,0.3905012525405284,-14.950000000000003,TIME_COLLAPSED,0.6,1.6666666666666667,LATE_RECOVERY
10.591836734693878,18.142857142857142,True,False,66.3,-16.299999999999997,0.3958338727683079,-16.299999999999997,TIME_COLLAPSED,0.5838020247469067,1.7129094412331405,LATE_RECOVERY
10.591836734693878,18.632653061224488,True,False,67.60000000000001,-17.60000000000001,0.4010212800829741,-17.60000000000001,TIME_COLLAPSED,0.5684556407447975,1.7591522157996144,LATE_RECOVERY
10.591836734693878,19.122448979591837,True,False,68.9,-18.900000000000006,0.4060690505799837,-18.900000000000006,TIME_COLLAPSED,0.5538954108858057,1.8053949903660886,LATE_RECOVERY
10.591836734693878,19.612244897959183,True,False,70.25,-20.25,0.4109831965217779,-20.25,TIME_COLLAPSED,0.5400624349635796,1.8516377649325624,LATE_RECOVERY
10.591836734693878,20.10204081632653,True,False,71.55,-21.549999999999997,0.4157701217369357,-21.549999999999997,TIME_COLLAPSED,0.5269035532994925,1.8978805394990363,LATE_RECOVERY
10.591836734693878,20.591836734693878,True,False,72.9,-22.900000000000006,0.420433395995152,-22.900000000000006,TIME_COLLAPSED,0.514370664023786,1.9441233140655105,LATE_RECOVERY
10.591836734693878,21.081632653061224,True,False,74.2,-24.200000000000003,0.4249797273319265,-24.200000000000003,TIME_COLLAPSED,0.5024201355275896,1.9903660886319845,LATE_RECOVERY
10.591836734693878,21.57142857142857,True,False,75.55,-25.549999999999997,0.42941229920688073,-25.549999999999997,TIME_COLLAPSED,0.4910122989593189,2.0366088631984582,LATE_RECOVERY
10.591836734693878,22.06122448979592,True,False,76.9,-26.900000000000006,0.4337357310440566,-26.900000000000006,TIME_COLLAPSED,0.4801110083256244,2.0828516377649327,LATE_RECOVERY
10.591836734693878,22.551020408163264,True,False,78.2,-28.200000000000003,0.4379553137365787,-28.200000000000003,TIME_COLLAPSED,0.4696832579185521,2.129094412331406,LATE_RECOVERY
10.591836734693878,23.04081632653061,True,False,79.55000000000001,-29.55000000000001,0.44207378750445014,-29.55000000000001,TIME_COLLAPSED,0.4596988485385297,2.17533718689788,LATE_RECOVERY
10.591836734693878,23.53061224489796,False,False,,-inf,0.4460950650321081,,TIME_COLLAPSED,0.4501300954032958,2.2215799614643545,NO_RECOVERY
10.591836734693878,24.020408163265305,False,False,,-inf,0.4500228279228651,,TIME_COLLAPSED,0.44095157179269334,2.2678227360308285,NO_RECOVERY
10.591836734693878,24.51020408163265,False,False,,-inf,0.45386054795868086,,TIME_COLLAPSED,0.43213988343047466,2.314065510597302,NO_RECOVERY
10.591836734693878,25.0,False,False,,-inf,0.4576114940411794,,TIME_COLLAPSED,0.42367346938775513,2.3603082851637764,NO_RECOVERY
10.826530612244898,1.0,True,True,10.05,39.95,0.03669392519568295,39.95,ACCESSIBLE,10.826530612244898,0.09236569274269557,HIGH_MARGIN_ACCESSIBLE
10.826530612244898,1.489795918367347,True,True,15.950000000000001,34.05,0.05438336895341428,34.05,ACCESSIBLE,7.267123287671232,0.13760603204524036,HIGH_MARGIN_ACCESSIBLE
10.826530612244898,1.9795918367346939,True,True,21.3,28.7,0.07171159824397626,28.7,ACCESSIBLE,5.469072164948454,0.1828463713477851,HIGH_MARGIN_ACCESSIBLE
10.826530612244898,2.4693877551020407,True,True,24.3,25.7,0.08854743411111671,25.7,ACCESSIBLE,4.384297520661158,0.22808671065032984,HIGH_MARGIN_ACCESSIBLE
10.826530612244898,2.9591836734693877,True,True,26.55,23.45,0.10480462667886638,23.45,ACCESSIBLE,3.6586206896551725,0.27332704995287466,HIGH_MARGIN_ACCESSIBLE
10.826530612244898,3.4489795918367347,True,True,28.400000000000002,21.599999999999998,0.12044001960682231,21.599999999999998,ACCESSIBLE,3.13905325443787,0.3185673892554194,HIGH_MARGIN_ACCESSIBLE
10.826530612244898,3.9387755102040813,True,True,30.05,19.95,0.1354418263099347,19.95,ACCESSIBLE,2.7487046632124357,0.36380772855796417,LOW_MARGIN_ACCESSIBLE
10.826530612244898,4.428571428571429,True,True,31.5,18.5,0.1498180950771176,18.5,ACCESSIBLE,2.444700460829493,0.40904806786050896,LOW_MARGIN_ACCESSIBLE
10.826530612244898,4.918367346938775,True,True,32.9,17.1,0.1635873285215372,17.1,ACCESSIBLE,2.2012448132780085,0.4542884071630537,LOW_MARGIN_ACCESSIBLE
10.826530612244898,5.408163265306122,True,True,34.2,15.799999999999997,0.17677321321116624,15.799999999999997,ACCESSIBLE,2.0018867924528303,0.4995287464655984,LOW_MARGIN_ACCESSIBLE
10.826530612244898,5.8979591836734695,True,True,35.45,14.549999999999997,0.18940312907530543,14.549999999999997,ACCESSIBLE,1.8356401384083045,0.5447690857681432,LOW_MARGIN_ACCESSIBLE
10.826530612244898,6.387755102040816,True,True,36.7,13.299999999999997,0.20150642378755468,13.299999999999997,ACCESSIBLE,1.6948881789137382,0.590009425070688,LOW_MARGIN_ACCESSIBLE
10.826530612244898,6.877551020408163,True,True,37.9,12.100000000000001,0.21311043163482712,12.100000000000001,ACCESSIBLE,1.5741839762611278,0.6352497643732328,LOW_MARGIN_ACCESSIBLE
10.826530612244898,7.36734693877551,True,True,39.1,10.899999999999999,0.22424392542245858,10.899999999999999,ACCESSIBLE,1.4695290858725762,0.6804901036757776,LOW_MARGIN_ACCESSIBLE
10.826530612244898,7.857142857142857,True,True,40.300000000000004,9.699999999999996,0.23493226630821118,9.699999999999996,ACCESSIBLE,1.377922077922078,0.7257304429783222,LOW_MARGIN_ACCESSIBLE
10.826530612244898,8.346938775510203,True,True,41.45,8.549999999999997,0.24520082769566875,8.549999999999997,ACCESSIBLE,1.2970660146699269,0.770970782280867,LOW_MARGIN_ACCESSIBLE
10.826530612244898,8.83673469387755,True,True,42.650000000000006,7.349999999999994,0.25507342633936403,7.349999999999994,ACCESSIBLE,1.2251732101616628,0.8162111215834118,LOW_MARGIN_ACCESSIBLE
10.826530612244898,9.326530612244898,True,True,43.85,6.149999999999999,0.2645723262589456,6.149999999999999,ACCESSIBLE,1.1608315098468271,0.8614514608859567,LOW_MARGIN_ACCESSIBLE
10.826530612244898,9.816326530612244,True,True,45.0,5.0,0.27371858727499676,5.0,ACCESSIBLE,1.102910602910603,0.9066918001885013,NO_RECOVERY
10.826530612244898,10.306122448979592,True,True,46.2,3.799999999999997,0.2825310668986519,3.799999999999997,ACCESSIBLE,1.0504950495049505,0.9519321394910462,NO_RECOVERY
10.826530612244898,10.795918367346939,True,True,47.400000000000006,2.5999999999999943,0.2910290267724703,2.5999999999999943,ACCESSIBLE,1.0028355387523629,0.9971724787935909,NO_RECOVERY
10.826530612244898,11.285714285714285,True,True,48.650000000000006,1.3499999999999943,0.2992281559755221,1.3499999999999943,ACCESSIBLE,0.9593128390596746,1.0424128180961356,NO_RECOVERY
10.826530612244898,11.775510204081632,True,True,49.85,0.14999999999999858,0.3071452542674267,0.14999999999999858,ACCESSIBLE,0.9194107452339688,1.0876531573986805,NO_RECOVERY
10.826530612244898,12.26530612244898,True,False,51.1,-1.1000000000000014,0.31479438367331997,-1.1000000000000014,TIME_COLLAPSED,0.8826955074875208,1.1328934967012252,LATE_RECOVERY
10.826530612244898,12.755102040816325,True,False,52.300000000000004,-2.3000000000000043,0.32218968624487837,-2.3000000000000043,TIME_COLLAPSED,0.8488000000000001,1.1781338360037699,LATE_RECOVERY
10.826530612244898,13.244897959183673,True,False,53.550000000000004,-3.5500000000000043,0.3293440710574003,-3.5500000000000043,TIME_COLLAPSED,0.8174114021571649,1.2233741753063148,LATE_RECOVERY
10.826530612244898,13.73469387755102,True,False,54.800000000000004,-4.800000000000004,0.3362693184248729,-4.800000000000004,TIME_COLLAPSED,0.788261515601783,1.2686145146088594,LATE_RECOVERY
10.826530612244898,14.224489795918368,True,False,56.1,-6.100000000000001,0.3429765844190135,-6.100000000000001,TIME_COLLAPSED,0.7611190817790531,1.3138548539114043,LATE_RECOVERY
10.826530612244898,14.714285714285714,True,False,57.35,-7.350000000000001,0.34947747355525793,-7.350000000000001,TIME_COLLAPSED,0.7357836338418864,1.359095193213949,LATE_RECOVERY
10.826530612244898,15.204081632653061,True,False,58.650000000000006,-8.650000000000006,0.35578026996329537,-8.650000000000006,TIME_COLLAPSED,0.7120805369127517,1.404335532516494,LATE_RECOVERY
10.826530612244898,15.693877551020408,True,False,59.900000000000006,-9.900000000000006,0.36189527889126666,-9.900000000000006,TIME_COLLAPSED,0.6898569570871261,1.4495758718190386,LATE_RECOVERY
10.826530612244898,16.183673469387756,True,False,61.2,-11.200000000000003,0.3678311217966476,-11.200000000000003,TIME_COLLAPSED,0.6689785624211854,1.4948162111215835,LATE_RECOVERY
10.826530612244898,16.6734693877551,True,False,62.5,-12.5,0.37359548847892393,-12.5,TIME_COLLAPSED,0.649326805385557,1.5400565504241281,LATE_RECOVERY
10.826530612244898,17.163265306122447,True,False,63.800000000000004,-13.800000000000004,0.37919617775703596,-13.800000000000004,TIME_COLLAPSED,0.6307966706302022,1.5852968897266728,LATE_RECOVERY
10.826530612244898,17.653061224489797,True,False,65.10000000000001,-15.100000000000009,0.3846404354797634,-15.100000000000009,TIME_COLLAPSED,0.6132947976878612,1.6305372290292177,LATE_RECOVERY
10.826530612244898,18.142857142857142,True,False,66.4,-16.400000000000006,0.38993497203989314,-16.400000000000006,TIME_COLLAPSED,0.5967379077615298,1.6757775683317624,LATE_RECOVERY
10.826530612244898,18.632653061224488,True,False,67.7,-17.700000000000003,0.395086057052822,-17.700000000000003,TIME_COLLAPSED,0.5810514786418401,1.721017907634307,LATE_RECOVERY
10.826530612244898,19.122448979591837,True,False,69.05,-19.049999999999997,0.40010010902914195,-19.049999999999997,TIME_COLLAPSED,0.5661686232657417,1.766258246936852,LATE_RECOVERY
10.826530612244898,19.612244897959183,True,False,70.35000000000001,-20.35000000000001,0.40498297440240544,-20.35000000000001,TIME_COLLAPSED,0.5520291363163372,1.8114985862393966,LATE_RECOVERY
10.826530612244898,20.10204081632653,True,False,71.65,-21.650000000000006,0.40973893341297574,-21.650000000000006,TIME_COLLAPSED,0.5385786802030458,1.8567389255419413,LATE_RECOVERY
10.826530612244898,20.591836734693878,True,False,73.0,-23.0,0.41437436553050794,-23.0,TIME_COLLAPSED,0.5257680872150644,1.9019792648444862,LATE_RECOVERY
10.826530612244898,21.081632653061224,True,False,74.3,-24.299999999999997,0.4188929625049152,-24.299999999999997,TIME_COLLAPSED,0.5135527589545015,1.9472196041470309,LATE_RECOVERY
10.826530612244898,21.57142857142857,True,False,75.65,-25.650000000000006,0.4233002998485752,-25.650000000000006,TIME_COLLAPSED,0.5018921475875119,1.9924599434495756,LATE_RECOVERY
10.826530612244898,22.06122448979592,True,False,76.95,-26.950000000000003,0.42759936524008874,-26.950000000000003,TIME_COLLAPSED,0.49074930619796486,2.0377002827521205,LATE_RECOVERY
10.826530612244898,22.551020408163264,True,False,78.30000000000001,-28.30000000000001,0.43179587683841386,-28.30000000000001,TIME_COLLAPSED,0.4800904977375566,2.0829406220546653,LATE_RECOVERY
10.826530612244898,23.04081632653061,True,False,79.65,-29.650000000000006,0.4358926233397558,-29.650000000000006,TIME_COLLAPSED,0.4698848538529673,2.12818096135721,LATE_RECOVERY
10.826530612244898,23.53061224489796,False,False,,-inf,0.43989321723605884,,TIME_COLLAPSED,0.4601040763226366,2.1734213006597547,NO_RECOVERY
10.826530612244898,24.020408163265305,False,False,,-inf,0.44380131982290816,,TIME_COLLAPSED,0.45072217502124046,2.2186616399622996,NO_RECOVERY
10.826530612244898,24.51020408163265,False,False,,-inf,0.4476206616638993,,TIME_COLLAPSED,0.4417152373022482,2.263901979264844,NO_RECOVERY
10.826530612244898,25.0,False,False,,-inf,0.45135430467022275,,TIME_COLLAPSED,0.43306122448979595,2.3091423185673894,NO_RECOVERY
11.061224489795919,1.0,True,True,10.05,39.95,0.035921586757744435,39.95,ACCESSIBLE,11.061224489795919,0.09040590405904059,HIGH_MARGIN_ACCESSIBLE
11.061224489795919,1.489795918367347,True,True,15.450000000000001,34.55,0.053248955201726685,34.55,ACCESSIBLE,7.424657534246575,0.13468634686346864,HIGH_MARGIN_ACCESSIBLE
11.061224489795919,1.9795918367346939,True,True,21.25,28.75,0.07023194019567983,28.75,ACCESSIBLE,5.587628865979382,0.17896678966789667,HIGH_MARGIN_ACCESSIBLE
11.061224489795919,2.4693877551020407,True,True,24.35,25.65,0.08674233935476448,25.65,ACCESSIBLE,4.479338842975207,0.2232472324723247,HIGH_MARGIN_ACCESSIBLE
11.061224489795919,2.9591836734693877,True,True,26.650000000000002,23.349999999999998,0.10269447404550415,23.349999999999998,ACCESSIBLE,3.737931034482759,0.26752767527675275,HIGH_MARGIN_ACCESSIBLE
11.061224489795919,3.4489795918367347,True,True,28.55,21.45,0.11804624551985123,21.45,ACCESSIBLE,3.2071005917159763,0.3118081180811808,HIGH_MARGIN_ACCESSIBLE
11.061224489795919,3.9387755102040813,True,True,30.200000000000003,19.799999999999997,0.13278540222174962,19.799999999999997,ACCESSIBLE,2.8082901554404147,0.3560885608856088,LOW_MARGIN_ACCESSIBLE
11.061224489795919,4.428571428571429,True,True,31.700000000000003,18.299999999999997,0.1469179049230031,18.299999999999997,ACCESSIBLE,2.4976958525345623,0.4003690036900369,LOW_MARGIN_ACCESSIBLE
11.061224489795919,4.918367346938775,True,True,33.1,16.9,0.16046166360316108,16.9,ACCESSIBLE,2.2489626556016598,0.4446494464944649,LOW_MARGIN_ACCESSIBLE
11.061224489795919,5.408163265306122,True,True,34.4,15.600000000000001,0.1734389314723011,15.600000000000001,ACCESSIBLE,2.045283018867925,0.4889298892988929,LOW_MARGIN_ACCESSIBLE
11.061224489795919,5.8979591836734695,True,True,35.7,14.299999999999997,0.1858762663126746,14.299999999999997,ACCESSIBLE,1.8754325259515572,0.533210332103321,LOW_MARGIN_ACCESSIBLE
11.061224489795919,6.387755102040816,True,True,36.95,13.049999999999997,0.19780056750782996,13.049999999999997,ACCESSIBLE,1.731629392971246,0.577490774907749,LOW_MARGIN_ACCESSIBLE
11.061224489795919,6.877551020408163,True,True,38.15,11.850000000000001,0.20923920064364143,11.850000000000001,ACCESSIBLE,1.6083086053412465,0.621771217712177,LOW_MARGIN_ACCESSIBLE
11.061224489795919,7.36734693877551,True,True,39.35,10.649999999999999,0.22021816126315388,10.649999999999999,ACCESSIBLE,1.5013850415512466,0.6660516605166051,LOW_MARGIN_ACCESSIBLE
11.061224489795919,7.857142857142857,True,True,40.550000000000004,9.449999999999996,0.23076392460654993,9.449999999999996,ACCESSIBLE,1.4077922077922078,0.7103321033210331,LOW_MARGIN_ACCESSIBLE
11.061224489795919,8.346938775510203,True,True,41.7,8.299999999999997,0.24089970430533247,8.299999999999997,ACCESSIBLE,1.3251833740831298,0.7546125461254611,LOW_MARGIN_ACCESSIBLE
11.061224489795919,8.83673469387755,True,True,42.900000000000006,7.099999999999994,0.2506487478008928,7.099999999999994,ACCESSIBLE,1.2517321016166283,0.7988929889298892,LOW_MARGIN_ACCESSIBLE
11.061224489795919,9.326530612244898,True,True,44.050000000000004,5.949999999999996,0.26003268717449923,5.949999999999996,ACCESSIBLE,1.1859956236323852,0.8431734317343174,LOW_MARGIN_ACCESSIBLE
11.061224489795919,9.816326530612244,True,True,45.25,4.75,0.26907152373501125,4.75,ACCESSIBLE,1.126819126819127,0.8874538745387452,NO_RECOVERY
11.061224489795919,10.306122448979592,True,True,46.45,3.549999999999997,0.27778390811952486,3.549999999999997,ACCESSIBLE,1.0732673267326733,0.9317343173431734,NO_RECOVERY
11.061224489795919,10.795918367346939,True,True,47.650000000000006,2.3499999999999943,0.2861873275468779,2.3499999999999943,ACCESSIBLE,1.0245746691871456,0.9760147601476015,NO_RECOVERY
11.061224489795919,11.285714285714285,True,True,48.85,1.1499999999999986,0.29429916009274043,1.1499999999999986,ACCESSIBLE,0.980108499095841,1.0202952029520294,NO_RECOVERY
11.061224489795919,11.775510204081632,True,False,50.050000000000004,-0.05000000000000426,0.3021334395310215,-0.05000000000000426,TIME_COLLAPSED,0.9393414211438476,1.0645756457564575,LATE_RECOVERY
11.061224489795919,12.26530612244898,True,False,51.300000000000004,-1.3000000000000043,0.3097059452641996,-1.3000000000000043,TIME_COLLAPSED,0.9018302828618968,1.1088560885608856,LATE_RECOVERY
11.061224489795919,12.755102040816325,True,False,52.5,-2.5,0.3170290462239342,-2.5,TIME_COLLAPSED,0.8672000000000001,1.1531365313653135,LATE_RECOVERY
11.061224489795919,13.244897959183673,True,False,53.75,-3.75,0.3241154585598279,-3.75,TIME_COLLAPSED,0.8351309707241911,1.1974169741697416,LATE_RECOVERY
11.061224489795919,13.73469387755102,True,False,55.0,-5.0,0.3309768173229366,-5.0,TIME_COLLAPSED,0.8053491827637445,1.2416974169741697,LATE_RECOVERY
11.061224489795919,14.224489795918368,True,False,56.25,-6.25,0.33762438843049986,-6.25,TIME_COLLAPSED,0.7776183644189383,1.2859778597785978,LATE_RECOVERY
11.061224489795919,14.714285714285714,True,False,57.5,-7.5,0.3440687028053259,-7.5,TIME_COLLAPSED,0.751733703190014,1.3302583025830257,LATE_RECOVERY
11.061224489795919,15.204081632653061,True,False,58.800000000000004,-8.800000000000004,0.35031819979891693,-8.800000000000004,TIME_COLLAPSED,0.72751677852349,1.3745387453874538,LATE_RECOVERY
11.061224489795919,15.693877551020408,True,False,60.050000000000004,-10.050000000000004,0.356383457892479,-10.050000000000004,TIME_COLLAPSED,0.7048114434330299,1.418819188191882,LATE_RECOVERY
11.061224489795919,16.183673469387756,True,False,61.35,-11.350000000000001,0.362271903298473,-11.350000000000001,TIME_COLLAPSED,0.6834804539722572,1.46309963099631,LATE_RECOVERY
11.061224489795919,16.6734693877551,True,False,62.650000000000006,-12.650000000000006,0.36799148791455544,-12.650000000000006,TIME_COLLAPSED,0.6634026927784578,1.507380073800738,LATE_RECOVERY
11.061224489795919,17.163265306122447,True,False,63.95,-13.950000000000003,0.3735499594863592,-13.950000000000003,TIME_COLLAPSED,0.6444708680142688,1.5516605166051658,LATE_RECOVERY
11.061224489795919,17.653061224489797,True,False,65.25,-15.25,0.3789544552161162,-15.25,TIME_COLLAPSED,0.6265895953757226,1.5959409594095941,LATE_RECOVERY
11.061224489795919,18.142857142857142,True,False,66.55,-16.549999999999997,0.3842116107488072,-16.549999999999997,TIME_COLLAPSED,0.609673790776153,1.640221402214022,LATE_RECOVERY
11.061224489795919,18.632653061224488,True,False,67.85000000000001,-17.85000000000001,0.3893275848927539,-17.85000000000001,TIME_COLLAPSED,0.5936473165388829,1.68450184501845,LATE_RECOVERY
11.061224489795919,19.122448979591837,True,False,69.15,-19.150000000000006,0.39430814045145807,-19.150000000000006,TIME_COLLAPSED,0.5784418356456776,1.7287822878228782,LATE_RECOVERY
11.061224489795919,19.612244897959183,True,False,70.45,-20.450000000000003,0.39915858117891967,-20.450000000000003,TIME_COLLAPSED,0.5639958376690948,1.7730627306273061,LATE_RECOVERY
11.061224489795919,20.10204081632653,True,False,71.75,-21.75,0.40388486694063386,-21.75,TIME_COLLAPSED,0.5502538071065991,1.817343173431734,LATE_RECOVERY
11.061224489795919,20.591836734693878,True,False,73.10000000000001,-23.10000000000001,0.40849174475349803,-23.10000000000001,TIME_COLLAPSED,0.537165510406343,1.8616236162361623,LATE_RECOVERY
11.061224489795919,21.081632653061224,True,False,74.4,-24.400000000000006,0.4129831784109431,-24.400000000000006,TIME_COLLAPSED,0.5246853823814134,1.9059040590405902,LATE_RECOVERY
11.061224489795919,21.57142857142857,True,False,75.75,-25.75,0.41736505302737664,-25.75,TIME_COLLAPSED,0.5127719962157049,1.9501845018450181,LATE_RECOVERY
11.061224489795919,22.06122448979592,True,False,77.05000000000001,-27.05000000000001,0.421640147359084,-27.05000000000001,TIME_COLLAPSED,0.5013876040703052,1.9944649446494465,LATE_RECOVERY
11.061224489795919,22.551020408163264,True,False,78.4,-28.400000000000006,0.42581330734968204,-28.400000000000006,TIME_COLLAPSED,0.4904977375565611,2.0387453874538743,LATE_RECOVERY
11.061224489795919,23.04081632653061,True,False,79.7,-29.700000000000003,0.42988837158035,-29.700000000000003,TIME_COLLAPSED,0.48007085916740483,2.0830258302583022,LATE_RECOVERY
11.061224489795919,23.53061224489796,False,False,,-inf,0.43386828893105356,,TIME_COLLAPSED,0.4700780572419775,2.1273062730627306,NO_RECOVERY
11.061224489795919,24.020408163265305,False,False,,-inf,0.4377566645605386,,TIME_COLLAPSED,0.4604927782497876,2.1715867158671585,NO_RECOVERY
11.061224489795919,24.51020408163265,False,False,,-inf,0.44155768865737804,,TIME_COLLAPSED,0.4512905911740217,2.2158671586715863,NO_RECOVERY
11.061224489795919,25.0,False,False,,-inf,0.44527367597950607,,TIME_COLLAPSED,0.44244897959183677,2.2601476014760147,NO_RECOVERY
11.295918367346939,1.0,True,True,10.05,39.95,0.035180974109455504,39.95,ACCESSIBLE,11.295918367346939,0.08852755194218609,HIGH_MARGIN_ACCESSIBLE
11.295918367346939,1.489795918367347,True,True,14.8,35.2,0.052160550361523075,35.2,ACCESSIBLE,7.582191780821917,0.13188798554652215,HIGH_MARGIN_ACCESSIBLE
11.295918367346939,1.9795918367346939,True,True,21.150000000000002,28.849999999999998,0.0688113695600559,28.849999999999998,ACCESSIBLE,5.706185567010309,0.17524841915085818,HIGH_MARGIN_ACCESSIBLE
11.295918367346939,2.4693877551020407,True,True,24.35,25.65,0.08500806790985968,25.65,ACCESSIBLE,4.574380165289257,0.2186088527551942,HIGH_MARGIN_ACCESSIBLE
11.295918367346939,2.9591836734693877,True,True,26.700000000000003,23.299999999999997,0.10066631585532271,23.299999999999997,ACCESSIBLE,3.817241379310345,0.26196928635953026,HIGH_MARGIN_ACCESSIBLE
11.295918367346939,3.4489795918367347,True,True,28.650000000000002,21.349999999999998,0.11574404890062097,21.349999999999998,ACCESSIBLE,3.275147928994083,0.3053297199638663,HIGH_MARGIN_ACCESSIBLE
11.295918367346939,3.9387755102040813,True,True,30.35,19.65,0.13022862788006492,19.65,ACCESSIBLE,2.867875647668394,0.3486901535682023,LOW_MARGIN_ACCESSIBLE
11.295918367346939,4.428571428571429,True,True,31.900000000000002,18.099999999999998,0.14412514858395736,18.099999999999998,ACCESSIBLE,2.5506912442396312,0.39205058717253843,LOW_MARGIN_ACCESSIBLE
11.295918367346939,4.918367346938775,True,True,33.300000000000004,16.699999999999996,0.15745017062107441,16.699999999999996,ACCESSIBLE,2.2966804979253115,0.43541102077687444,LOW_MARGIN_ACCESSIBLE
11.295918367346939,5.408163265306122,True,True,34.65,15.350000000000001,0.17022476891379412,15.350000000000001,ACCESSIBLE,2.088679245283019,0.47877145438121044,LOW_MARGIN_ACCESSIBLE
11.295918367346939,5.8979591836734695,True,True,35.9,14.100000000000001,0.18247462740570142,14.100000000000001,ACCESSIBLE,1.9152249134948096,0.5221318879855466,LOW_MARGIN_ACCESSIBLE
11.295918367346939,6.387755102040816,True,True,37.15,12.850000000000001,0.19422489481179192,12.850000000000001,ACCESSIBLE,1.7683706070287541,0.5654923215898825,LOW_MARGIN_ACCESSIBLE
11.295918367346939,6.877551020408163,True,True,38.400000000000006,11.599999999999994,0.20550208054228514,11.599999999999994,ACCESSIBLE,1.6424332344213652,0.6088527551942186,LOW_MARGIN_ACCESSIBLE
11.295918367346939,7.36734693877551,True,True,39.6,10.399999999999999,0.21633160482249625,10.399999999999999,ACCESSIBLE,1.533240997229917,0.6522131887985546,LOW_MARGIN_ACCESSIBLE
11.295918367346939,7.857142857142857,True,True,40.75,9.25,0.22673757425785834,9.25,ACCESSIBLE,1.4376623376623379,0.6955736224028907,LOW_MARGIN_ACCESSIBLE
11.295918367346939,8.346938775510203,True,True,41.95,8.049999999999997,0.23674378229187637,8.049999999999997,ACCESSIBLE,1.3533007334963327,0.7389340560072266,LOW_MARGIN_ACCESSIBLE
11.295918367346939,8.83673469387755,True,True,43.150000000000006,6.849999999999994,0.2463720996666916,6.849999999999994,ACCESSIBLE,1.2782909930715936,0.7822944896115628,LOW_MARGIN_ACCESSIBLE
11.295918367346939,9.326530612244898,True,True,44.300000000000004,5.699999999999996,0.25564346578296615,5.699999999999996,ACCESSIBLE,1.211159737417943,0.8256549232158988,LOW_MARGIN_ACCESSIBLE
11.295918367346939,9.816326530612244,True,True,45.5,4.5,0.2645769826296487,4.5,ACCESSIBLE,1.150727650727651,0.8690153568202348,NO_RECOVERY
11.295918367346939,10.306122448979592,True,True,46.650000000000006,3.3499999999999943,0.2731910460766866,3.3499999999999943,ACCESSIBLE,1.0960396039603961,0.9123757904245708,NO_RECOVERY
11.295918367346939,10.795918367346939,True,True,47.85,2.1499999999999986,0.2815028502472191,2.1499999999999986,ACCESSIBLE,1.0463137996219283,0.955736224028907,NO_RECOVERY
11.295918367346939,11.285714285714285,True,True,49.050000000000004,0.9499999999999957,0.28952793907324853,0.9499999999999957,ACCESSIBLE,1.0009041591320074,0.9990966576332428,NO_RECOVERY
11.295918367346939,11.775510204081632,True,False,50.25,-0.25,0.29728213422982336,-0.25,TIME_COLLAPSED,0.9592720970537262,1.042457091237579,LATE_RECOVERY
11.295918367346939,12.26530612244898,True,False,51.5,-1.5,0.30477813408000864,-1.5,TIME_COLLAPSED,0.9209650582362728,1.085817524841915,LATE_RECOVERY
11.295918367346939,12.755102040816325,True,False,52.7,-2.700000000000003,0.3120301492377557,-2.700000000000003,TIME_COLLAPSED,0.8856,1.129177958446251,LATE_RECOVERY
11.295918367346939,13.244897959183673,True,False,53.95,-3.950000000000003,0.3190498196945196,-3.950000000000003,TIME_COLLAPSED,0.8528505392912173,1.1725383920505872,LATE_RECOVERY
11.295918367346939,13.73469387755102,True,False,55.2,-5.200000000000003,0.3258483401690852,-5.200000000000003,TIME_COLLAPSED,0.8224368499257058,1.2158988256549232,LATE_RECOVERY
11.295918367346939,14.224489795918368,True,False,56.45,-6.450000000000003,0.3324371637844205,-6.450000000000003,TIME_COLLAPSED,0.7941176470588235,1.2592592592592593,LATE_RECOVERY
11.295918367346939,14.714285714285714,True,False,57.7,-7.700000000000003,0.3388256523066232,-7.700000000000003,TIME_COLLAPSED,0.7676837725381416,1.3026196928635951,LATE_RECOVERY
11.295918367346939,15.204081632653061,True,False,58.95,-8.950000000000003,0.34502254689934586,-8.950000000000003,TIME_COLLAPSED,0.7429530201342283,1.3459801264679312,LATE_RECOVERY
11.295918367346939,15.693877551020408,True,False,60.25,-10.25,0.351038510112947,-10.25,TIME_COLLAPSED,0.7197659297789337,1.3893405600722675,LATE_RECOVERY
11.295918367346939,16.183673469387756,True,False,61.5,-11.5,0.3568800056344276,-11.5,TIME_COLLAPSED,0.697982345523329,1.4327009936766035,LATE_RECOVERY
11.295918367346939,16.6734693877551,True,False,62.800000000000004,-12.800000000000004,0.36255523258369443,-12.800000000000004,TIME_COLLAPSED,0.6774785801713586,1.4760614272809394,LATE_RECOVERY
11.295918367346939,17.163265306122447,True,False,64.05,-14.049999999999997,0.3680724822200362,-14.049999999999997,TIME_COLLAPSED,0.6581450653983354,1.5194218608852754,LATE_RECOVERY
11.295918367346939,17.653061224489797,True,False,65.35000000000001,-15.350000000000009,0.37343771427169037,-15.350000000000009,TIME_COLLAPSED,0.6398843930635838,1.5627822944896117,LATE_RECOVERY
11.295918367346939,18.142857142857142,True,False,66.65,-16.650000000000006,0.37865750851148955,-16.650000000000006,TIME_COLLAPSED,0.6226096737907761,1.6061427280939475,LATE_RECOVERY
11.295918367346939,18.632653061224488,True,False,67.95,-17.950000000000003,0.3837379584377013,-17.950000000000003,TIME_COLLAPSED,0.6062431544359256,1.6495031616982834,LATE_RECOVERY
11.295918367346939,19.122448979591837,True,False,69.25,-19.25,0.3886848754197982,-19.25,TIME_COLLAPSED,0.5907150480256137,1.6928635953026197,LATE_RECOVERY
11.295918367346939,19.612244897959183,True,False,70.55,-20.549999999999997,0.3935044158009822,-20.549999999999997,TIME_COLLAPSED,0.5759625390218522,1.7362240289069557,LATE_RECOVERY
11.295918367346939,20.10204081632653,True,False,71.9,-21.900000000000006,0.3982008618489974,-21.900000000000006,TIME_COLLAPSED,0.5619289340101523,1.7795844625112915,LATE_RECOVERY
11.295918367346939,20.591836734693878,True,False,73.2,-23.200000000000003,0.4027788026802795,-23.200000000000003,TIME_COLLAPSED,0.5485629335976214,1.8229448961156278,LATE_RECOVERY
11.295918367346939,21.081632653061224,True,False,74.5,-24.5,0.4072440854372637,-24.5,TIME_COLLAPSED,0.5358180058083253,1.8663053297199637,LATE_RECOVERY
11.295918367346939,21.57142857142857,True,False,75.8,-25.799999999999997,0.41159991885560887,-25.799999999999997,TIME_COLLAPSED,0.5236518448438979,1.9096657633242997,LATE_RECOVERY
11.295918367346939,22.06122448979592,True,False,77.15,-27.150000000000006,0.41585120907619055,-27.150000000000006,TIME_COLLAPSED,0.5120259019426457,1.953026196928636,LATE_RECOVERY
11.295918367346939,22.551020408163264,True,False,78.45,-28.450000000000003,0.4200010725244401,-28.450000000000003,TIME_COLLAPSED,0.5009049773755656,1.9963866305329718,LATE_RECOVERY
11.295918367346939,23.04081632653061,True,False,79.80000000000001,-29.80000000000001,0.4240545174489858,-29.80000000000001,TIME_COLLAPSED,0.4902568644818424,2.0397470641373077,LATE_RECOVERY
11.295918367346939,23.53061224489796,False,False,,-inf,0.4280137909280601,,TIME_COLLAPSED,0.4800520381613183,2.083107497741644,NO_RECOVERY
11.295918367346939,24.020408163265305,False,False,,-inf,0.43188255104081175,,TIME_COLLAPSED,0.4702633814783348,2.12646793134598,NO_RECOVERY
11.295918367346939,24.51020408163265,False,False,,-inf,0.4356650352413486,,TIME_COLLAPSED,0.4608659450457952,2.169828364950316,NO_RECOVERY
11.295918367346939,25.0,False,False,,-inf,0.4393632763219105,,TIME_COLLAPSED,0.4518367346938776,2.2131887985546523,NO_RECOVERY
11.53061224489796,1.0,True,True,10.05,39.95,0.03447017831379168,39.95,ACCESSIBLE,11.53061224489796,0.08672566371681416,HIGH_MARGIN_ACCESSIBLE
11.53061224489796,1.489795918367347,True,True,13.950000000000001,36.05,0.05111543010737442,36.05,ACCESSIBLE,7.73972602739726,0.12920353982300886,HIGH_MARGIN_ACCESSIBLE
11.53061224489796,1.9795918367346939,True,True,21.05,28.95,0.06744645583832079,28.95,ACCESSIBLE,5.824742268041237,0.17168141592920352,HIGH_MARGIN_ACCESSIBLE
11.53061224489796,2.4693877551020407,True,True,24.35,25.65,0.0833406021099472,25.65,ACCESSIBLE,4.669421487603306,0.2141592920353982,HIGH_MARGIN_ACCESSIBLE
11.53061224489796,2.9591836734693877,True,True,26.8,23.2,0.09871503941504174,23.2,ACCESSIBLE,3.896551724137931,0.25663716814159293,HIGH_MARGIN_ACCESSIBLE
11.53061224489796,3.4489795918367347,True,True,28.8,21.2,0.11352793743030323,21.2,ACCESSIBLE,3.3431952662721893,0.2991150442477876,HIGH_MARGIN_ACCESSIBLE
11.53061224489796,3.9387755102040813,True,True,30.5,19.5,0.12776611189111067,19.5,ACCESSIBLE,2.9274611398963732,0.34159292035398225,LOW_MARGIN_ACCESSIBLE
11.53061224489796,4.428571428571429,True,True,32.050000000000004,17.949999999999996,0.14143409101435692,17.949999999999996,ACCESSIBLE,2.6036866359447,0.384070796460177,LOW_MARGIN_ACCESSIBLE
11.53061224489796,4.918367346938775,True,True,33.5,16.5,0.1545469398100985,16.5,ACCESSIBLE,2.3443983402489628,0.4265486725663717,LOW_MARGIN_ACCESSIBLE
11.53061224489796,5.408163265306122,True,True,34.85,15.149999999999999,0.16712501199565288,15.149999999999999,ACCESSIBLE,2.1320754716981134,0.4690265486725663,LOW_MARGIN_ACCESSIBLE
11.53061224489796,5.8979591836734695,True,True,36.15,13.850000000000001,0.17919222425662037,13.850000000000001,ACCESSIBLE,1.9550173010380623,0.511504424778761,LOW_MARGIN_ACCESSIBLE
11.53061224489796,6.387755102040816,True,True,37.4,12.600000000000001,0.19077368975097492,12.600000000000001,ACCESSIBLE,1.805111821086262,0.5539823008849557,LOW_MARGIN_ACCESSIBLE
11.53061224489796,6.877551020408163,True,True,38.6,11.399999999999999,0.20189362934994076,11.399999999999999,ACCESSIBLE,1.676557863501484,0.5964601769911504,LOW_MARGIN_ACCESSIBLE
11.53061224489796,7.36734693877551,True,True,39.800000000000004,10.199999999999996,0.21257700752880285,10.199999999999996,ACCESSIBLE,1.5650969529085872,0.6389380530973451,LOW_MARGIN_ACCESSIBLE
11.53061224489796,7.857142857142857,True,True,41.0,9.0,0.2228468807492822,9.0,ACCESSIBLE,1.4675324675324677,0.6814159292035398,LOW_MARGIN_ACCESSIBLE
11.53061224489796,8.346938775510203,True,True,42.2,7.799999999999997,0.23272625398205057,7.799999999999997,ACCESSIBLE,1.3814180929095357,0.7238938053097345,LOW_MARGIN_ACCESSIBLE
11.53061224489796,8.83673469387755,True,True,43.35,6.649999999999999,0.2422366334189737,6.649999999999999,ACCESSIBLE,1.304849884526559,0.7663716814159292,LOW_MARGIN_ACCESSIBLE
11.53061224489796,9.326530612244898,True,True,44.550000000000004,5.449999999999996,0.25139780527206634,5.449999999999996,ACCESSIBLE,1.236323851203501,0.808849557522124,LOW_MARGIN_ACCESSIBLE
11.53061224489796,9.816326530612244,True,True,45.7,4.299999999999997,0.26022811534878665,4.299999999999997,ACCESSIBLE,1.1746361746361746,0.8513274336283185,NO_RECOVERY
11.53061224489796,10.306122448979592,True,True,46.900000000000006,3.0999999999999943,0.26874566344573453,3.0999999999999943,ACCESSIBLE,1.118811881188119,0.8938053097345132,NO_RECOVERY
11.53061224489796,10.795918367346939,True,True,48.1,1.8999999999999986,0.2769673515072289,1.8999999999999986,ACCESSIBLE,1.0680529300567108,0.936283185840708,NO_RECOVERY
11.53061224489796,11.285714285714285,True,True,49.300000000000004,0.6999999999999957,0.28490847573627803,0.6999999999999957,ACCESSIBLE,1.0216998191681737,0.9787610619469026,NO_RECOVERY
11.53061224489796,11.775510204081632,True,False,50.5,-0.5,0.2925828991045601,-0.5,TIME_COLLAPSED,0.9792027729636049,1.0212389380530973,LATE_RECOVERY
11.53061224489796,12.26530612244898,True,False,51.7,-1.7000000000000028,0.30000514353723345,-1.7000000000000028,TIME_COLLAPSED,0.940099833610649,1.063716814159292,LATE_RECOVERY
11.53061224489796,12.755102040816325,True,False,52.900000000000006,-2.9000000000000057,0.30718695575840754,-2.9000000000000057,TIME_COLLAPSED,0.9040000000000001,1.1061946902654867,LATE_RECOVERY
11.53061224489796,13.244897959183673,True,False,54.150000000000006,-4.150000000000006,0.3141406749922009,-4.150000000000006,TIME_COLLAPSED,0.8705701078582435,1.1486725663716812,LATE_RECOVERY
11.53061224489796,13.73469387755102,True,False,55.400000000000006,-5.400000000000006,0.3208775860626365,-5.400000000000006,TIME_COLLAPSED,0.8395245170876672,1.191150442477876,LATE_RECOVERY
11.53061224489796,14.224489795918368,True,False,56.6,-6.600000000000001,0.32740803492362824,-6.600000000000001,TIME_COLLAPSED,0.8106169296987087,1.2336283185840708,LATE_RECOVERY
11.53061224489796,14.714285714285714,True,False,57.85,-7.850000000000001,0.33374149261973973,-7.850000000000001,TIME_COLLAPSED,0.7836338418862692,1.2761061946902654,LATE_RECOVERY
11.53061224489796,15.204081632653061,True,False,59.150000000000006,-9.150000000000006,0.33988667918352444,-9.150000000000006,TIME_COLLAPSED,0.7583892617449665,1.3185840707964602,LATE_RECOVERY
11.53061224489796,15.693877551020408,True,False,60.400000000000006,-10.400000000000006,0.34585370860190984,-10.400000000000006,TIME_COLLAPSED,0.7347204161248374,1.3610619469026548,LATE_RECOVERY
11.53061224489796,16.183673469387756,True,False,61.650000000000006,-11.650000000000006,0.3516487667272287,-11.650000000000006,TIME_COLLAPSED,0.712484237074401,1.4035398230088496,LATE_RECOVERY
11.53061224489796,16.6734693877551,True,False,62.95,-12.950000000000003,0.3572810961407141,-12.950000000000003,TIME_COLLAPSED,0.6915544675642595,1.4460176991150442,LATE_RECOVERY
11.53061224489796,17.163265306122447,True,False,64.2,-14.200000000000003,0.36275696137266833,-14.200000000000003,TIME_COLLAPSED,0.671819262782402,1.4884955752212388,LATE_RECOVERY
11.53061224489796,17.653061224489797,True,False,65.5,-15.5,0.36808310340853745,-15.5,TIME_COLLAPSED,0.653179190751445,1.5309734513274336,LATE_RECOVERY
11.53061224489796,18.142857142857142,True,False,66.8,-16.799999999999997,0.37326598560950947,-16.799999999999997,TIME_COLLAPSED,0.6355455568053994,1.5734513274336281,LATE_RECOVERY
11.53061224489796,18.632653061224488,True,False,68.10000000000001,-18.10000000000001,0.37831166618520107,-18.10000000000001,TIME_COLLAPSED,0.6188389923329684,1.615929203539823,LATE_RECOVERY
11.53061224489796,19.122448979591837,True,False,69.4,-19.400000000000006,0.38322573330833026,-19.400000000000006,TIME_COLLAPSED,0.6029882604055496,1.6584070796460177,LATE_RECOVERY
11.53061224489796,19.612244897959183,True,False,70.7,-20.700000000000003,0.38801345326367453,-20.700000000000003,TIME_COLLAPSED,0.5879292403746098,1.7008849557522123,LATE_RECOVERY
11.53061224489796,20.10204081632653,True,False,72.0,-22.0,0.39267970061380875,-22.0,TIME_COLLAPSED,0.5736040609137056,1.743362831858407,LATE_RECOVERY
11.53061224489796,20.591836734693878,True,False,73.3,-23.299999999999997,0.39723007491660683,-23.299999999999997,TIME_COLLAPSED,0.5599603567888999,1.7858407079646017,LATE_RECOVERY
11.53061224489796,21.081632653061224,True,False,74.60000000000001,-24.60000000000001,0.4016684567887066,-24.60000000000001,TIME_COLLAPSED,0.5469506292352372,1.8283185840707963,LATE_RECOVERY
11.53061224489796,21.57142857142857,True,False,75.9,-25.900000000000006,0.40599857325352284,-25.900000000000006,TIME_COLLAPSED,0.5345316934720908,1.8707964601769909,LATE_RECOVERY
11.53061224489796,22.06122448979592,True,False,77.25,-27.25,0.4102261320365026,-27.25,TIME_COLLAPSED,0.5226641998149861,1.9132743362831859,LATE_RECOVERY
11.53061224489796,22.551020408163264,True,False,78.55000000000001,-28.55000000000001,0.41435303458138445,-28.55000000000001,TIME_COLLAPSED,0.5113122171945702,1.9557522123893805,LATE_RECOVERY
11.53061224489796,23.04081632653061,True,False,79.85000000000001,-29.85000000000001,0.41838477066977736,-29.85000000000001,TIME_COLLAPSED,0.5004428697962799,1.998230088495575,LATE_RECOVERY
11.53061224489796,23.53061224489796,False,False,,-inf,0.4223234766068453,,TIME_COLLAPSED,0.4900260190806592,2.04070796460177,NO_RECOVERY
11.53061224489796,24.020408163265305,False,False,,-inf,0.42617263439597336,,TIME_COLLAPSED,0.4800339847068819,2.0831858407079644,NO_RECOVERY
11.53061224489796,24.51020408163265,False,False,,-inf,0.42993649968430764,,TIME_COLLAPSED,0.47044129891756875,2.125663716814159,NO_RECOVERY
11.53061224489796,25.0,False,False,,-inf,0.43361699566360884,,TIME_COLLAPSED,0.46122448979591835,2.168141592920354,NO_RECOVERY
11.76530612244898,1.0,True,True,10.05,39.95,0.033787440112851334,39.95,ACCESSIBLE,11.76530612244898,0.08499566348655681,HIGH_MARGIN_ACCESSIBLE
11.76530612244898,1.489795918367347,True,True,10.05,39.95,0.05011107969154989,39.95,ACCESSIBLE,7.897260273972602,0.1266261925411969,HIGH_MARGIN_ACCESSIBLE
11.76530612244898,1.9795918367346939,True,True,20.900000000000002,29.099999999999998,0.0661341166795977,29.099999999999998,ACCESSIBLE,5.943298969072165,0.16825672159583693,HIGH_MARGIN_ACCESSIBLE
11.76530612244898,2.4693877551020407,True,True,24.35,25.65,0.08173651548097356,25.65,ACCESSIBLE,4.764462809917355,0.209887250650477,HIGH_MARGIN_ACCESSIBLE
11.76530612244898,2.9591836734693877,True,True,26.85,23.15,0.09683672336055008,23.15,ACCESSIBLE,3.9758620689655175,0.2515177797051171,HIGH_MARGIN_ACCESSIBLE
11.76530612244898,3.4489795918367347,True,True,28.900000000000002,21.099999999999998,0.11139326418763226,21.099999999999998,ACCESSIBLE,3.4112426035502956,0.29314830875975717,HIGH_MARGIN_ACCESSIBLE
11.76530612244898,3.9387755102040813,True,True,30.650000000000002,19.349999999999998,0.12539288504571955,19.349999999999998,ACCESSIBLE,2.9870466321243527,0.3347788378143972,LOW_MARGIN_ACCESSIBLE
11.76530612244898,4.428571428571429,True,True,32.2,17.799999999999997,0.13883945193736635,17.799999999999997,ACCESSIBLE,2.6566820276497696,0.3764093668690373,LOW_MARGIN_ACCESSIBLE
11.76530612244898,4.918367346938775,True,True,33.7,16.299999999999997,0.15174644440951973,16.299999999999997,ACCESSIBLE,2.392116182572614,0.41803989592367735,LOW_MARGIN_ACCESSIBLE
11.76530612244898,5.408163265306122,True,True,35.050000000000004,14.949999999999996,0.16413374418788854,14.949999999999996,ACCESSIBLE,2.1754716981132076,0.4596704249783174,LOW_MARGIN_ACCESSIBLE
11.76530612244898,5.8979591836734695,True,True,36.35,13.649999999999999,0.17602376583803991,13.649999999999999,ACCESSIBLE,1.994809688581315,0.5013009540329575,LOW_MARGIN_ACCESSIBLE
11.76530612244898,6.387755102040816,True,True,37.6,12.399999999999999,0.18743988847291865,12.399999999999999,ACCESSIBLE,1.84185303514377,0.5429314830875975,LOW_MARGIN_ACCESSIBLE
11.76530612244898,6.877551020408163,True,True,38.85,11.149999999999999,0.19840706127597352,11.149999999999999,ACCESSIBLE,1.7106824925816024,0.5845620121422376,LOW_MARGIN_ACCESSIBLE
11.76530612244898,7.36734693877551,True,True,40.050000000000004,9.949999999999996,0.2089477718335909,9.949999999999996,ACCESSIBLE,1.5969529085872576,0.6261925411968777,LOW_MARGIN_ACCESSIBLE
11.76530612244898,7.857142857142857,True,True,41.25,8.75,0.21908543734590555,8.75,ACCESSIBLE,1.4974025974025975,0.6678230702515178,LOW_MARGIN_ACCESSIBLE
11.76530612244898,8.346938775510203,True,True,42.45,7.549999999999997,0.22884102953632554,7.549999999999997,ACCESSIBLE,1.4095354523227386,0.7094535993061578,LOW_MARGIN_ACCESSIBLE
11.76530612244898,8.83673469387755,True,True,43.6,6.399999999999999,0.23823587302288207,6.399999999999999,ACCESSIBLE,1.3314087759815243,0.7510841283607979,LOW_MARGIN_ACCESSIBLE
11.76530612244898,9.326530612244898,True,True,44.800000000000004,5.199999999999996,0.2472892111853044,5.199999999999996,ACCESSIBLE,1.2614879649890591,0.792714657415438,LOW_MARGIN_ACCESSIBLE
11.76530612244898,9.816326530612244,True,True,45.95,4.049999999999997,0.25601842535426106,4.049999999999997,ACCESSIBLE,1.1985446985446986,0.8343451864700779,NO_RECOVERY
11.76530612244898,10.306122448979592,True,True,47.150000000000006,2.8499999999999943,0.26444210368012433,2.8499999999999943,ACCESSIBLE,1.1415841584158417,0.8759757155247181,NO_RECOVERY
11.76530612244898,10.795918367346939,True,True,48.300000000000004,1.6999999999999957,0.27257528036569345,1.6999999999999957,ACCESSIBLE,1.0897920604914935,0.9176062445793582,NO_RECOVERY
11.76530612244898,11.285714285714285,True,True,49.5,0.5,0.2804329708941561,0.5,ACCESSIBLE,1.0424954792043402,0.9592367736339982,NO_RECOVERY
11.76530612244898,11.775510204081632,True,False,50.7,-0.7000000000000028,0.2880301912512738,-0.7000000000000028,TIME_COLLAPSED,0.9991334488734835,1.0008673026886383,LATE_RECOVERY
11.76530612244898,12.26530612244898,True,False,51.900000000000006,-1.9000000000000057,0.2953789119657065,-1.9000000000000057,TIME_COLLAPSED,0.959234608985025,1.0424978317432785,LATE_RECOVERY
11.76530612244898,12.755102040816325,True,False,53.1,-3.1000000000000014,0.3024924355548988,-3.1000000000000014,TIME_COLLAPSED,0.9224000000000001,1.0841283607979184,LATE_RECOVERY
11.76530612244898,13.244897959183673,True,False,54.35,-4.350000000000001,0.3093815966106157,-4.350000000000001,TIME_COLLAPSED,0.8882896764252697,1.1257588898525586,LATE_RECOVERY
11.76530612244898,13.73469387755102,True,False,55.550000000000004,-5.550000000000004,0.31605752399717546,-5.550000000000004,TIME_COLLAPSED,0.8566121842496285,1.1673894189071985,LATE_RECOVERY
11.76530612244898,14.224489795918368,True,False,56.800000000000004,-6.800000000000004,0.3225304325734338,-6.800000000000004,TIME_COLLAPSED,0.827116212338594,1.2090199479618386,LATE_RECOVERY
11.76530612244898,14.714285714285714,True,False,58.050000000000004,-8.050000000000004,0.32880968631549695,-8.050000000000004,TIME_COLLAPSED,0.7995839112343968,1.2506504770164786,LATE_RECOVERY
11.76530612244898,15.204081632653061,True,False,59.300000000000004,-9.300000000000004,0.3349038877792612,-9.300000000000004,TIME_COLLAPSED,0.7738255033557048,1.2922810060711187,LATE_RECOVERY
11.76530612244898,15.693877551020408,True,False,60.550000000000004,-10.550000000000004,0.3408225855607174,-10.550000000000004,TIME_COLLAPSED,0.7496749024707412,1.3339115351257589,LATE_RECOVERY
11.76530612244898,16.183673469387756,True,False,61.800000000000004,-11.800000000000004,0.3465721863015642,-11.800000000000004,TIME_COLLAPSED,0.7269861286254728,1.375542064180399,LATE_RECOVERY
11.76530612244898,16.6734693877551,True,False,63.1,-13.100000000000001,0.35216150538452573,-13.100000000000001,TIME_COLLAPSED,0.7056303549571603,1.417172593235039,LATE_RECOVERY
11.76530612244898,17.163265306122447,True,False,64.35000000000001,-14.350000000000009,0.3575963730970754,-14.350000000000009,TIME_COLLAPSED,0.6854934601664685,1.458803122289679,LATE_RECOVERY
11.76530612244898,17.653061224489797,True,False,65.65,-15.650000000000006,0.3628836788243249,-15.650000000000006,TIME_COLLAPSED,0.6664739884393064,1.5004336513443193,LATE_RECOVERY
11.76530612244898,18.142857142857142,True,False,66.95,-16.950000000000003,0.3680299692098677,-16.950000000000003,TIME_COLLAPSED,0.6484814398200225,1.5420641803989592,LATE_RECOVERY
11.76530612244898,18.632653061224488,True,False,68.2,-18.200000000000003,0.3730410792706169,-18.200000000000003,TIME_COLLAPSED,0.631434830230011,1.5836947094535991,LATE_RECOVERY
11.76530612244898,19.122448979591837,True,False,69.5,-19.5,0.37792224815338926,-19.5,TIME_COLLAPSED,0.6152614727854856,1.6253252385082395,LATE_RECOVERY
11.76530612244898,19.612244897959183,True,False,70.8,-20.799999999999997,0.38267916884332376,-20.799999999999997,TIME_COLLAPSED,0.5998959417273674,1.6669557675628794,LATE_RECOVERY
11.76530612244898,20.10204081632653,True,False,72.10000000000001,-22.10000000000001,0.38731648813100056,-22.10000000000001,TIME_COLLAPSED,0.585279187817259,1.7085862966175194,LATE_RECOVERY
11.76530612244898,20.591836734693878,True,False,73.4,-23.400000000000006,0.3918387101041394,-23.400000000000006,TIME_COLLAPSED,0.5713577799801783,1.7502168256721595,LATE_RECOVERY
11.76530612244898,21.081632653061224,True,False,74.7,-24.700000000000003,0.3962500502448037,-24.700000000000003,TIME_COLLAPSED,0.5580832526621491,1.7918473547267997,LATE_RECOVERY
11.76530612244898,21.57142857142857,True,False,76.0,-26.0,0.40055563769782454,-26.0,TIME_COLLAPSED,0.5454115421002839,1.8334778837814396,LATE_RECOVERY
11.76530612244898,22.06122448979592,True,False,77.35000000000001,-27.35000000000001,0.40475875426476304,-27.35000000000001,TIME_COLLAPSED,0.5333024976873265,1.8751084128360798,LATE_RECOVERY
11.76530612244898,22.551020408163264,True,False,78.65,-28.650000000000006,0.40886323804119423,-28.650000000000006,TIME_COLLAPSED,0.5217194570135747,1.9167389418907197,LATE_RECOVERY
11.76530612244898,23.04081632653061,True,False,79.95,-29.950000000000003,0.41287300025611395,-29.950000000000003,TIME_COLLAPSED,0.5106288751107175,1.9583694709453596,LATE_RECOVERY
11.76530612244898,23.53061224489796,False,False,,-inf,0.4167912814481809,,TIME_COLLAPSED,0.5,2.0,NO_RECOVERY
11.76530612244898,24.020408163265305,False,False,,-inf,0.4206208127484686,,TIME_COLLAPSED,0.4898045879354291,2.04163052905464,NO_RECOVERY
11.76530612244898,24.51020408163265,False,False,,-inf,0.42436611609055824,,TIME_COLLAPSED,0.48001665278934225,2.08326105810928,NO_RECOVERY
11.76530612244898,25.0,False,False,,-inf,0.42802886801149764,,TIME_COLLAPSED,0.47061224489795916,2.12489158716392,NO_RECOVERY
12.0,1.0,True,True,10.05,39.95,0.03313113556727789,39.95,ACCESSIBLE,12.0,0.08333333333333333,HIGH_MARGIN_ACCESSIBLE
12.0,1.489795918367347,True,True,10.05,39.95,0.04914517429150205,39.95,ACCESSIBLE,8.054794520547945,0.12414965986394559,HIGH_MARGIN_ACCESSIBLE
12.0,1.9795918367346939,True,True,20.75,29.25,0.06487139730895669,29.25,ACCESSIBLE,6.061855670103093,0.1649659863945578,HIGH_MARGIN_ACCESSIBLE
12.0,2.4693877551020407,True,True,24.35,25.65,0.08019216186418555,25.65,ACCESSIBLE,4.859504132231406,0.20578231292517005,HIGH_MARGIN_ACCESSIBLE
12.0,2.9591836734693877,True,True,26.950000000000003,23.049999999999997,0.09502735563011583,23.049999999999997,ACCESSIBLE,4.055172413793104,0.2465986394557823,HIGH_MARGIN_ACCESSIBLE
12.0,3.4489795918367347,True,True,29.0,21.0,0.10933618790138504,21.0,ACCESSIBLE,3.4792899408284024,0.28741496598639454,HIGH_MARGIN_ACCESSIBLE
12.0,3.9387755102040813,True,True,30.8,19.2,0.12310468113429421,19.2,ACCESSIBLE,3.0466321243523318,0.3282312925170068,LOW_MARGIN_ACCESSIBLE
12.0,4.428571428571429,True,True,32.4,17.6,0.13633629751055285,17.6,ACCESSIBLE,2.7096774193548385,0.36904761904761907,LOW_MARGIN_ACCESSIBLE
12.0,4.918367346938775,True,True,33.85,16.15,0.14904351178712166,16.15,ACCESSIBLE,2.4398340248962658,0.4098639455782313,LOW_MARGIN_ACCESSIBLE
12.0,5.408163265306122,True,True,35.25,14.75,0.161245359572289,14.75,ACCESSIBLE,2.2188679245283023,0.4506802721088435,LOW_MARGIN_ACCESSIBLE
12.0,5.8979591836734695,True,True,36.550000000000004,13.449999999999996,0.17296286293709004,13.449999999999996,ACCESSIBLE,2.0346020761245676,0.4914965986394558,LOW_MARGIN_ACCESSIBLE
12.0,6.387755102040816,True,True,37.85,12.149999999999999,0.18421909479951498,12.149999999999999,ACCESSIBLE,1.878594249201278,0.532312925170068,LOW_MARGIN_ACCESSIBLE
12.0,6.877551020408163,True,True,39.1,10.899999999999999,0.1950366616729083,10.899999999999999,ACCESSIBLE,1.7448071216617211,0.5731292517006802,LOW_MARGIN_ACCESSIBLE
12.0,7.36734693877551,True,True,40.300000000000004,9.699999999999996,0.2054386309694114,9.699999999999996,ACCESSIBLE,1.628808864265928,0.6139455782312925,LOW_MARGIN_ACCESSIBLE
12.0,7.857142857142857,True,True,41.5,8.5,0.2154468526328588,8.5,ACCESSIBLE,1.5272727272727273,0.6547619047619048,LOW_MARGIN_ACCESSIBLE
12.0,8.346938775510203,True,True,42.650000000000006,7.349999999999994,0.22508177258344422,7.349999999999994,ACCESSIBLE,1.4376528117359415,0.695578231292517,LOW_MARGIN_ACCESSIBLE
12.0,8.83673469387755,True,True,43.85,6.149999999999999,0.23436369320040026,6.149999999999999,ACCESSIBLE,1.3579676674364896,0.7363945578231292,LOW_MARGIN_ACCESSIBLE
12.0,9.326530612244898,True,True,45.0,5.0,0.24331153284503904,5.0,ACCESSIBLE,1.286652078774617,0.7772108843537415,NO_RECOVERY
12.0,9.816326530612244,True,True,46.2,3.799999999999997,0.25194233599323085,3.799999999999997,ACCESSIBLE,1.2224532224532225,0.8180272108843537,NO_RECOVERY
12.0,10.306122448979592,True,True,47.35,2.6499999999999986,0.2602735434955835,2.6499999999999986,ACCESSIBLE,1.1643564356435645,0.858843537414966,NO_RECOVERY
12.0,10.795918367346939,True,True,48.550000000000004,1.4499999999999957,0.26832005755843463,1.4499999999999957,ACCESSIBLE,1.111531190926276,0.8996598639455783,NO_RECOVERY
12.0,11.285714285714285,True,True,49.75,0.25,0.27609672677135716,0.25,ACCESSIBLE,1.0632911392405064,0.9404761904761904,NO_RECOVERY
12.0,11.775510204081632,True,False,50.95,-0.9500000000000028,0.2836170176095499,-0.9500000000000028,TIME_COLLAPSED,1.0190641247833623,0.9812925170068026,LATE_RECOVERY
12.0,12.26530612244898,True,False,52.150000000000006,-2.1500000000000057,0.2908942025025455,-2.1500000000000057,TIME_COLLAPSED,0.978369384359401,1.022108843537415,LATE_RECOVERY
12.0,12.755102040816325,True,False,53.35,-3.3500000000000014,0.29793980757922,-3.3500000000000014,TIME_COLLAPSED,0.9408000000000001,1.0629251700680271,LATE_RECOVERY
12.0,13.244897959183673,True,False,54.550000000000004,-4.550000000000004,0.30476566784389236,-4.550000000000004,TIME_COLLAPSED,0.9060092449922958,1.1037414965986394,LATE_RECOVERY
12.0,13.73469387755102,True,False,55.75,-5.75,0.3113817358958743,-5.75,TIME_COLLAPSED,0.8736998514115899,1.1445578231292517,LATE_RECOVERY
12.0,14.224489795918368,True,False,57.0,-7.0,0.3177980866356416,-7.0,TIME_COLLAPSED,0.8436154949784792,1.185374149659864,LATE_RECOVERY
12.0,14.714285714285714,True,False,58.25,-8.25,0.32402397842405134,-8.25,TIME_COLLAPSED,0.8155339805825244,1.226190476190476,LATE_RECOVERY
12.0,15.204081632653061,True,False,59.5,-9.5,0.3300679080162066,-9.5,TIME_COLLAPSED,0.789261744966443,1.2670068027210883,LATE_RECOVERY
12.0,15.693877551020408,True,False,60.75,-10.75,0.3359389538834753,-10.75,TIME_COLLAPSED,0.764629388816645,1.3078231292517006,LATE_RECOVERY
12.0,16.183673469387756,True,False,62.0,-12.0,0.34164385526568775,-12.0,TIME_COLLAPSED,0.7414880201765447,1.348639455782313,LATE_RECOVERY
12.0,16.6734693877551,True,False,63.25,-13.25,0.34719037564132504,-13.25,TIME_COLLAPSED,0.7197062423500612,1.3894557823129252,LATE_RECOVERY
12.0,17.163265306122447,True,False,64.5,-14.5,0.3525846464793195,-14.5,TIME_COLLAPSED,0.6991676575505351,1.4302721088435373,LATE_RECOVERY
12.0,17.653061224489797,True,False,65.8,-15.799999999999997,0.3578344576961242,-15.799999999999997,TIME_COLLAPSED,0.6797687861271676,1.4710884353741498,LATE_RECOVERY
12.0,18.142857142857142,True,False,67.10000000000001,-17.10000000000001,0.3629448489294762,-17.10000000000001,TIME_COLLAPSED,0.6614173228346457,1.5119047619047619,LATE_RECOVERY
12.0,18.632653061224488,True,False,68.35000000000001,-18.35000000000001,0.3679216884236965,-18.35000000000001,TIME_COLLAPSED,0.6440306681270538,1.552721088435374,LATE_RECOVERY
12.0,19.122448979591837,True,False,69.65,-19.650000000000006,0.37277049138765983,-19.650000000000006,TIME_COLLAPSED,0.6275346851654215,1.5935374149659864,LATE_RECOVERY
12.0,19.612244897959183,True,False,70.95,-20.950000000000003,0.3774963667810738,-20.950000000000003,TIME_COLLAPSED,0.6118626430801248,1.6343537414965985,LATE_RECOVERY
12.0,20.10204081632653,True,False,72.25,-22.25,0.3821041108804815,-22.25,TIME_COLLAPSED,0.5969543147208123,1.6751700680272108,LATE_RECOVERY
12.0,20.591836734693878,True,False,73.55,-23.549999999999997,0.3865982155877829,-23.549999999999997,TIME_COLLAPSED,0.5827552031714569,1.715986394557823,LATE_RECOVERY
12.0,21.081632653061224,True,False,74.85000000000001,-24.85000000000001,0.3909837100759749,-24.85000000000001,TIME_COLLAPSED,0.569215876089061,1.7568027210884354,LATE_RECOVERY
12.0,21.57142857142857,True,False,76.15,-26.150000000000006,0.39526421633626924,-26.150000000000006,TIME_COLLAPSED,0.5562913907284769,1.7976190476190474,LATE_RECOVERY
12.0,22.06122448979592,True,False,77.45,-27.450000000000003,0.39944311300819146,-27.450000000000003,TIME_COLLAPSED,0.543940795559667,1.83843537414966,LATE_RECOVERY
12.0,22.551020408163264,True,False,78.75,-28.75,0.40352538979424846,-28.75,TIME_COLLAPSED,0.5321266968325792,1.879251700680272,LATE_RECOVERY
12.0,23.04081632653061,False,False,,-inf,0.4075133117752895,,TIME_COLLAPSED,0.520814880425155,1.920068027210884,NO_RECOVERY
12.0,23.53061224489796,False,False,,-inf,0.4114113042552996,,TIME_COLLAPSED,0.5099739809193409,1.9608843537414966,NO_RECOVERY
12.0,24.020408163265305,False,False,,-inf,0.4152213389112658,,TIME_COLLAPSED,0.49957519116397625,2.001700680272109,NO_RECOVERY
12.0,24.51020408163265,False,False,,-inf,0.41894808735221634,,TIME_COLLAPSED,0.4895920066611158,2.0425170068027207,NO_RECOVERY
12.0,25.0,False,False,,-inf,0.42259315152255805,,TIME_COLLAPSED,0.48,2.0833333333333335,NO_RECOVERY
