sigma,tau_r,recovery_probability,mean_t_return,mean_functional_time,std_functional_time,mean_x_max,tau_sigma_ratio
0.5,1.0,1.0,13.168333333333333,36.83166666666667,0.3241655955423606,0.48618562613184857,2.0
0.5,1.489795918367347,1.0,14.445,35.555,0.5597644208919962,0.5816621548259983,2.979591836734694
0.5,1.9795918367346939,1.0,15.918333333333333,34.08166666666666,0.7080185236878044,0.6456750176337348,3.9591836734693877
0.5,2.4693877551020407,1.0,17.216666666666665,32.78333333333333,0.915322944077129,0.6925883968086411,4.938775510204081
0.5,2.9591836734693877,1.0,18.645,31.355,1.1377799011444516,0.7289063493270815,5.918367346938775
0.5,3.4489795918367347,1.0,19.925,30.075,1.416512838166198,0.7580020152209334,6.8979591836734695
0.5,3.9387755102040813,1.0,21.278333333333332,28.721666666666668,1.3644301155537004,0.7817965072571611,7.877551020408163
0.5,4.428571428571429,1.0,22.653333333333332,27.346666666666668,1.4482411052205963,0.8017027648410587,8.857142857142858
0.5,4.918367346938775,1.0,23.873333333333335,26.126666666666665,2.072385487595251,0.8186307292076102,9.83673469387755
0.5,5.408163265306122,1.0,24.928333333333335,25.071666666666665,2.156173307814874,0.8332223921719236,10.816326530612246
0.5,5.8979591836734695,1.0,26.461666666666666,23.538333333333334,2.7704936486971534,0.8458433695105061,11.795918367346939
0.5,6.387755102040816,1.0,27.65,22.35,3.58569956623674,0.8569231734824014,12.775510204081632
0.5,6.877551020408163,1.0,28.341666666666665,21.658333333333335,3.3434207996718213,0.8667188940103756,13.755102040816325
0.5,7.36734693877551,1.0,30.003333333333334,19.996666666666666,4.003445355271341,0.8753921422137779,14.73469387755102
0.5,7.857142857142857,1.0,31.580000000000002,18.419999999999998,4.415423594315881,0.8832784677015663,15.714285714285714
0.5,8.346938775510203,1.0,32.41833333333334,17.581666666666663,4.294794028486865,0.8903731174504437,16.693877551020407
0.5,8.83673469387755,1.0,33.86666666666667,16.133333333333333,4.50077260289703,0.896798590076204,17.6734693877551
0.5,9.326530612244898,1.0,35.730000000000004,14.269999999999998,4.802075700619761,0.9026670162235618,18.653061224489797
0.5,9.816326530612244,0.9666666666666667,37.343333333333334,12.656666666666665,6.015694034161286,0.9080709919490836,19.63265306122449
0.5,10.306122448979592,0.9666666666666667,38.156666666666666,11.843333333333332,5.750228381271618,0.9130703226371853,20.612244897959183
0.5,10.795918367346939,0.9666666666666667,39.3,10.699999999999998,6.5042559011455126,0.9176571081951419,21.591836734693878
0.5,11.285714285714285,0.9666666666666667,39.975,10.024999999999999,6.335174792787679,0.9219161237540288,22.57142857142857
0.5,11.775510204081632,0.8,42.516666666666666,7.483333333333332,8.823219106556227,0.9258886537759904,23.551020408163264
0.5,12.26530612244898,0.8,43.43833333333334,6.561666666666664,8.669364246401326,0.9296299909543486,24.53061224489796
0.5,12.755102040816325,0.7666666666666667,44.46166666666667,5.53833333333333,8.504488503880975,0.9331623824698185,25.51020408163265
0.5,13.244897959183673,0.7,45.08500000000001,4.914999999999997,8.455065304913074,0.9364569081106748,26.489795918367346
0.5,13.73469387755102,0.6333333333333333,46.156666666666666,3.843333333333331,8.68246085143962,0.939557761573963,27.46938775510204
0.5,14.224489795918368,0.6,47.02333333333333,2.9766666666666644,9.175264097799463,0.9424724628227346,28.448979591836736
0.5,14.714285714285714,0.6,48.09666666666667,1.9033333333333302,8.814661897532776,0.945221181212465,29.428571428571427
0.5,15.204081632653061,0.6,49.065000000000005,0.9349999999999971,8.54787884557454,0.9478243793475287,30.408163265306122
0.5,15.693877551020408,0.5666666666666667,49.59166666666667,0.40833333333333094,8.380149814862515,0.9502850961938726,31.387755102040817
0.5,16.183673469387756,0.4666666666666667,51.156666666666666,-1.1566666666666694,9.26165373381328,0.9526154110894723,32.36734693877551
0.5,16.6734693877551,0.43333333333333335,52.175,-2.1750000000000025,9.50804332820557,0.9548285866857616,33.3469387755102
0.5,17.163265306122447,0.4,53.43,-3.430000000000003,9.21577171352796,0.9569269349473856,34.326530612244895
0.5,17.653061224489797,0.3,55.07931034482759,-5.079310344827589,9.267546266035225,0.9589185479941774,35.30612244897959
0.5,18.142857142857142,0.26666666666666666,55.2,-5.200000000000004,9.385804884682685,0.9608620825555472,36.285714285714285
0.5,18.632653061224488,0.23333333333333334,56.2,-6.200000000000003,10.037476073492076,0.9627156063569029,37.26530612244898
0.5,19.122448979591837,0.23333333333333334,58.41250000000001,-8.412500000000003,10.925349600305198,0.9645271067977009,38.24489795918368
0.5,19.612244897959183,0.23333333333333334,58.92037037037038,-8.920370370370373,10.070418019542142,0.9662969039097078,39.224489795918366
0.5,20.10204081632653,0.23333333333333334,59.517307692307696,-9.517307692307694,10.278958530003829,0.9679938000042934,40.20408163265306
0.5,20.591836734693878,0.2,59.446000000000005,-9.446000000000003,9.973568401864332,0.969614456624594,41.183673469387756
0.5,21.081632653061224,0.2,60.52,-10.520000000000005,9.935626133599568,0.9711728674513821,42.16326530612245
0.5,21.57142857142857,0.16666666666666666,61.35,-11.350000000000003,10.124174684559641,0.9726659031788311,43.14285714285714
0.5,22.06122448979592,0.13333333333333333,61.958333333333336,-11.958333333333336,9.745474609392753,0.9740961147454777,44.12244897959184
0.5,22.551020408163264,0.1,62.45652173913044,-12.456521739130437,9.640531204100386,0.9754684675920701,45.10204081632653
0.5,23.04081632653061,0.1,63.25681818181818,-13.256818181818186,9.705463550355168,0.9767929959726694,46.08163265306122
0.5,23.53061224489796,0.03333333333333333,64.36136363636363,-14.361363636363638,9.15542945623735,0.9780747164608052,47.06122448979592
0.5,24.020408163265305,0.0,65.97619047619048,-15.976190476190478,7.7725417182479495,0.9793067624718383,48.04081632653061
0.5,24.51020408163265,0.0,67.49047619047619,-17.49047619047619,6.839145031500997,0.9804919691929437,49.0204081632653
0.5,25.0,0.0,68.55000000000001,-18.550000000000004,6.908002605674089,0.9816372612816332,50.0
0.7346938775510204,1.0,1.0,13.286666666666667,36.71333333333334,0.29680288749098943,0.39142753396123414,1.361111111111111
0.7346938775510204,1.489795918367347,1.0,14.533333333333333,35.46666666666667,0.5612998051526212,0.4864393411162176,2.0277777777777777
0.7346938775510204,1.9795918367346939,1.0,16.005000000000003,33.995,0.6697078621978823,0.5559044905918614,2.694444444444444
0.7346938775510204,2.4693877551020407,1.0,17.238333333333333,32.76166666666667,0.9027432648870067,0.6083631945601014,3.3611111111111103
0.7346938775510204,2.9591836734693877,1.0,18.693333333333335,31.306666666666665,1.122246310579454,0.6493615543360599,4.027777777777778
0.7346938775510204,3.4489795918367347,1.0,19.955000000000002,30.044999999999998,1.4067172595357829,0.6822430797342567,4.694444444444445
0.7346938775510204,3.9387755102040813,1.0,21.290000000000003,28.709999999999997,1.3697721934938543,0.7095394122555515,5.361111111111111
0.7346938775510204,4.428571428571429,1.0,22.665000000000003,27.334999999999997,1.4537199607001103,0.732707129195243,6.027777777777778
0.7346938775510204,4.918367346938775,1.0,23.943333333333335,26.056666666666665,2.131080887044515,0.7525701374251718,6.694444444444444
0.7346938775510204,5.408163265306122,1.0,24.928333333333335,25.071666666666665,2.1574922916445725,0.7698562948935133,7.36111111111111
0.7346938775510204,5.8979591836734695,1.0,26.46,23.54,2.7709826465689398,0.7850637371511678,8.027777777777777
0.7346938775510204,6.387755102040816,1.0,27.65666666666667,22.34333333333333,3.5777987196264864,0.7984979849080861,8.694444444444441
0.7346938775510204,6.877551020408163,1.0,28.348333333333336,21.651666666666664,3.3420900783722183,0.8105301673506542,9.36111111111111
0.7346938775510204,7.36734693877551,1.0,29.998333333333335,20.001666666666665,4.004985757720022,0.8213736852146069,10.027777777777777
0.7346938775510204,7.857142857142857,1.0,31.583333333333332,18.416666666666664,4.412801388228799,0.8311365698707871,10.694444444444441
0.7346938775510204,8.346938775510203,1.0,32.46333333333334,17.536666666666665,4.306369247051862,0.8399542906566602,11.361111111111109
0.7346938775510204,8.83673469387755,1.0,33.84,16.16,4.4852901340054805,0.8480571758365744,12.027777777777777
0.7346938775510204,9.326530612244898,1.0,35.725,14.274999999999999,4.801360259845911,0.855565590049922,12.694444444444445
0.7346938775510204,9.816326530612244,0.9666666666666667,37.343333333333334,12.656666666666665,6.015694034161286,0.8624815537419435,13.361111111111109
0.7346938775510204,10.306122448979592,0.9666666666666667,38.156666666666666,11.843333333333332,5.752266919453902,0.8689899380674416,14.027777777777777
0.7346938775510204,10.795918367346939,0.9666666666666667,39.281666666666666,10.718333333333332,6.464751686477688,0.8751266689127665,14.694444444444445
0.7346938775510204,11.285714285714285,0.9666666666666667,39.973333333333336,10.026666666666666,6.336562395219173,0.8808514674111307,15.361111111111109
0.7346938775510204,11.775510204081632,0.8,42.515,7.4849999999999985,8.824438538357068,0.8861571469210531,16.027777777777775
0.7346938775510204,12.26530612244898,0.8,43.4,6.599999999999997,8.696362695859175,0.8911723810938074,16.694444444444443
0.7346938775510204,12.755102040816325,0.7666666666666667,44.458333333333336,5.541666666666665,8.504654743071617,0.8958542514823314,17.361111111111107
0.7346938775510204,13.244897959183673,0.7,45.076666666666675,4.923333333333331,8.451328535975188,0.9002629600292662,18.027777777777775
0.7346938775510204,13.73469387755102,0.6333333333333333,46.15166666666667,3.8483333333333305,8.687798452658935,0.9043931131461544,18.694444444444443
0.7346938775510204,14.224489795918368,0.6,47.01166666666667,2.988333333333331,9.190209214283364,0.9082754253093306,19.36111111111111
0.7346938775510204,14.714285714285714,0.6,47.94166666666667,2.0583333333333305,8.919226456073007,0.9119496246673008,20.027777777777775
0.7346938775510204,15.204081632653061,0.6,48.86833333333334,1.1316666666666637,8.647657479633285,0.9154164793336158,20.694444444444443
0.7346938775510204,15.693877551020408,0.5666666666666667,49.593333333333334,0.4066666666666644,8.381123426191591,0.9186971355631992,21.36111111111111
0.7346938775510204,16.183673469387756,0.5,51.06666666666667,-1.0666666666666698,9.279020955093133,0.9218075252027561,22.02777777777778
0.7346938775510204,16.6734693877551,0.43333333333333335,52.17,-2.1700000000000026,9.508803543432064,0.9247780255065172,22.694444444444443
0.7346938775510204,17.163265306122447,0.4,53.385000000000005,-3.3850000000000033,9.2275837424614,0.927596891040161,23.361111111111107
0.7346938775510204,17.653061224489797,0.3333333333333333,54.49310344827587,-4.493103448275866,9.155460159867241,0.9302708190609624,24.02777777777778
0.7346938775510204,18.142857142857142,0.26666666666666666,55.2,-5.200000000000004,9.385804884682685,0.9328120236697788,24.694444444444443
0.7346938775510204,18.632653061224488,0.23333333333333334,56.2,-6.200000000000003,10.037476073492076,0.9352297344875674,25.361111111111107
0.7346938775510204,19.122448979591837,0.23333333333333334,58.392857142857146,-8.392857142857144,10.952808825320616,0.9375320535537625,26.02777777777778
0.7346938775510204,19.612244897959183,0.23333333333333334,58.68518518518518,-8.685185185185187,10.422652980728811,0.9397276016158916,26.694444444444443
0.7346938775510204,20.10204081632653,0.23333333333333334,59.517307692307696,-9.517307692307694,10.278958530003829,0.941826065788128,27.361111111111107
0.7346938775510204,20.591836734693878,0.2,60.05576923076923,-10.055769230769235,10.2600714122571,0.9438315046233456,28.02777777777778
0.7346938775510204,21.081632653061224,0.2,60.52,-10.520000000000005,9.935626133599568,0.9457577759251834,28.694444444444443
0.7346938775510204,21.57142857142857,0.16666666666666666,61.31875,-11.318750000000003,10.143983143802002,0.9476088951505336,29.361111111111107
0.7346938775510204,22.06122448979592,0.13333333333333333,61.95000000000001,-11.950000000000003,9.75328261351687,0.9494263255216652,30.027777777777775
0.7346938775510204,22.551020408163264,0.1,62.45652173913044,-12.456521739130437,9.641815940190206,0.9511780296609872,30.694444444444443
0.7346938775510204,23.04081632653061,0.1,63.25,-13.250000000000002,9.705938290306515,0.952865402351712,31.361111111111107
0.7346938775510204,23.53061224489796,0.03333333333333333,64.36136363636363,-14.361363636363638,9.15542945623735,0.9544889335495924,32.02777777777778
0.7346938775510204,24.020408163265305,0.0,65.97142857142858,-15.971428571428575,7.774358035049768,0.9560505264785149,32.69444444444444
0.7346938775510204,24.51020408163265,0.0,67.46666666666667,-17.46666666666667,6.847030986736758,0.9575546096716615,33.36111111111111
0.7346938775510204,25.0,0.0,68.53809523809525,-18.53809523809524,6.914457765470565,0.9590039941944843,34.02777777777778
0.9693877551020409,1.0,1.0,13.48,36.519999999999996,0.28057822069974575,0.32725072815411343,1.031578947368421
0.9693877551020409,1.489795918367347,1.0,14.718333333333334,35.281666666666666,0.5425805729667444,0.4191616753578933,1.5368421052631578
0.9693877551020409,1.9795918367346939,1.0,16.05666666666667,33.943333333333335,0.6904188300731239,0.48816765189151473,2.0421052631578944
0.9693877551020409,2.4693877551020407,1.0,17.341666666666665,32.65833333333333,0.8894092705693571,0.5415320553240619,2.547368421052631
0.9693877551020409,2.9591836734693877,1.0,18.75,31.25,1.110218990513382,0.5846201174152291,3.052631578947368
0.9693877551020409,3.4489795918367347,1.0,19.998333333333335,30.001666666666665,1.3926211538537396,0.6202486784124193,3.557894736842105
0.9693877551020409,3.9387755102040813,1.0,21.318333333333335,28.681666666666665,1.3838653595394799,0.650246508403433,4.063157894736841
0.9693877551020409,4.428571428571429,1.0,22.666666666666668,27.333333333333332,1.452781715414838,0.6757369275880108,4.568421052631579
0.9693877551020409,4.918367346938775,1.0,23.980000000000004,26.019999999999996,2.136973367268248,0.6979665479203053,5.073684210526316
0.9693877551020409,5.408163265306122,1.0,24.935000000000002,25.064999999999998,2.1613034860057687,0.7179175655896851,5.578947368421051
0.9693877551020409,5.8979591836734695,1.0,26.508333333333333,23.491666666666667,2.8044018150453915,0.7357352984151578,6.084210526315789
0.9693877551020409,6.387755102040816,1.0,27.648333333333333,22.351666666666667,3.575213601849626,0.7513971581610235,6.5894736842105255
0.9693877551020409,6.877551020408163,1.0,28.348333333333336,21.651666666666664,3.3420900783722183,0.7654211852350468,7.094736842105262
0.9693877551020409,7.36734693877551,1.0,30.0,20.0,4.003640584647238,0.7780368652782513,7.6
0.9693877551020409,7.857142857142857,1.0,31.578333333333333,18.421666666666667,4.413726303822822,0.7894689753614789,8.105263157894736
0.9693877551020409,8.346938775510203,1.0,32.50166666666667,17.49833333333333,4.2856915776628846,0.7999155961349346,8.610526315789473
0.9693877551020409,8.83673469387755,1.0,33.84666666666667,16.15333333333333,4.482570332031523,0.8094239185899941,9.11578947368421
0.9693877551020409,9.326530612244898,1.0,35.726666666666674,14.273333333333332,4.799402501126166,0.8180834984164247,9.621052631578946
0.9693877551020409,9.816326530612244,0.9666666666666667,37.345000000000006,12.655,6.013696292917383,0.8260599869751969,10.126315789473683
0.9693877551020409,10.306122448979592,0.9666666666666667,38.155,11.844999999999997,5.741070277486114,0.8335075713278599,10.63157894736842
0.9693877551020409,10.795918367346939,0.9666666666666667,39.278333333333336,10.721666666666664,6.467354137530269,0.8404163075623962,11.136842105263158
0.9693877551020409,11.285714285714285,0.9666666666666667,39.973333333333336,10.026666666666666,6.336562395219173,0.8468164107131795,11.642105263157893
0.9693877551020409,11.775510204081632,0.8,42.513333333333335,7.486666666666665,8.82559886932886,0.8527771981836437,12.14736842105263
0.9693877551020409,12.26530612244898,0.8,43.43,6.569999999999997,8.690299784519956,0.8583225183817007,12.652631578947368
0.9693877551020409,12.755102040816325,0.7666666666666667,44.45333333333334,5.546666666666664,8.500019607820521,0.8635017247484374,13.157894736842103
0.9693877551020409,13.244897959183673,0.7,45.08500000000001,4.914999999999997,8.452597539952663,0.8683666662580978,13.66315789473684
0.9693877551020409,13.73469387755102,0.6333333333333333,46.153333333333336,3.846666666666664,8.686314377874218,0.8729554769555193,14.168421052631578
0.9693877551020409,14.224489795918368,0.6,47.02333333333333,2.9766666666666644,9.177734801788187,0.8772595773481698,14.673684210526314
0.9693877551020409,14.714285714285714,0.6,47.93833333333334,2.0616666666666634,8.93611119745795,0.8813704478558897,15.178947368421051
0.9693877551020409,15.204081632653061,0.6,48.83833333333334,1.1616666666666637,8.644379111878717,0.8853191310209538,15.684210526315788
0.9693877551020409,15.693877551020408,0.5666666666666667,49.59166666666667,0.40833333333333094,8.381044739144413,0.8891202315742489,16.189473684210526
0.9693877551020409,16.183673469387756,0.5,51.06333333333334,-1.0633333333333364,9.280215638596474,0.8927286370580666,16.694736842105264
0.9693877551020409,16.6734693877551,0.43333333333333335,52.17,-2.1700000000000026,9.504169683844577,0.8961439026412115,17.2
0.9693877551020409,17.163265306122447,0.4,53.233333333333334,-3.233333333333336,9.39080009566712,0.8994305263756954,17.705263157894738
0.9693877551020409,17.653061224489797,0.3333333333333333,54.49310344827587,-4.493103448275866,9.155460159867241,0.9026242721441571,18.210526315789473
0.9693877551020409,18.142857142857142,0.26666666666666666,55.15,-5.150000000000004,9.305016568138573,0.9056966430276489,18.715789473684207
0.9693877551020409,18.632653061224488,0.23333333333333334,56.19642857142857,-6.196428571428575,10.040196329158228,0.9086387873668744,19.221052631578946
0.9693877551020409,19.122448979591837,0.23333333333333334,58.38928571428572,-8.389285714285716,10.94675122736707,0.9114496290723099,19.726315789473684
0.9693877551020409,19.612244897959183,0.23333333333333334,58.38333333333334,-8.383333333333336,10.325230487276526,0.9141425026028251,20.23157894736842
0.9693877551020409,20.10204081632653,0.23333333333333334,59.525000000000006,-9.525000000000004,10.271730623414927,0.9167286747370464,20.736842105263154
0.9693877551020409,20.591836734693878,0.2,59.99038461538461,-9.990384615384617,10.212130230571576,0.9192065147328272,21.242105263157892
0.9693877551020409,21.081632653061224,0.2,60.52,-10.520000000000005,9.935626133599568,0.9215806918722238,21.74736842105263
0.9693877551020409,21.57142857142857,0.16666666666666666,61.31875,-11.318750000000003,10.143983143802002,0.923862599136207,22.252631578947366
0.9693877551020409,22.06122448979592,0.13333333333333333,61.94375,-11.943750000000003,9.757542372553344,0.9260559069013828,22.757894736842104
0.9693877551020409,22.551020408163264,0.1,62.45434782608696,-12.45434782608696,9.641787756751603,0.9281657932655987,23.26315789473684
0.9693877551020409,23.04081632653061,0.1,63.243181818181824,-13.243181818181823,9.707609870299661,0.9301974878428751,23.768421052631574
0.9693877551020409,23.53061224489796,0.03333333333333333,64.32954545454545,-14.329545454545457,9.159598908494965,0.9321537634279395,24.273684210526316
0.9693877551020409,24.020408163265305,0.0,65.94761904761906,-15.94761904761905,7.7811386729462075,0.9340356204107061,24.77894736842105
0.9693877551020409,24.51020408163265,0.0,67.46190476190476,-17.461904761904766,6.849359546006925,0.9358492905788504,25.284210526315785
0.9693877551020409,25.0,0.0,68.53095238095239,-18.530952380952385,6.918570592804489,0.9376058361364517,25.789473684210524
1.2040816326530612,1.0,1.0,13.673333333333336,36.32666666666667,0.26837099043254886,0.28135742456654866,0.8305084745762712
1.2040816326530612,1.489795918367347,1.0,14.906666666666668,35.093333333333334,0.5772606734028165,0.36769632203779146,1.2372881355932204
1.2040816326530612,1.9795918367346939,1.0,16.235,33.765,0.827246158586763,0.43462461294031907,1.6440677966101696
1.2040816326530612,2.4693877551020407,1.0,17.416666666666668,32.583333333333336,0.892626242721667,0.48848557010359234,2.0508474576271185
1.2040816326530612,2.9591836734693877,1.0,18.798333333333336,31.201666666666664,1.0703273212959878,0.532671383438193,2.457627118644068
1.2040816326530612,3.4489795918367347,1.0,20.091666666666665,29.908333333333335,1.3676737948777855,0.5699653162852019,2.864406779661017
1.2040816326530612,3.9387755102040813,1.0,21.34,28.66,1.3813037319865604,0.6022356684294135,3.271186440677966
1.2040816326530612,4.428571428571429,1.0,22.720000000000002,27.279999999999998,1.4236669505916388,0.6300063274760499,3.6779661016949157
1.2040816326530612,4.918367346938775,1.0,23.998333333333335,26.001666666666665,2.117394435480149,0.6540011075806107,4.084745762711864
1.2040816326530612,5.408163265306122,1.0,24.980000000000004,25.019999999999996,2.1857138027624305,0.6749939743660628,4.491525423728813
1.2040816326530612,5.8979591836734695,1.0,26.523333333333333,23.476666666666667,2.8055282044112704,0.6936040027993904,4.898305084745763
1.2040816326530612,6.387755102040816,1.0,27.720000000000002,22.279999999999998,3.5459447454706674,0.7103518515647129,5.305084745762712
1.2040816326530612,6.877551020408163,1.0,28.35166666666667,21.64833333333333,3.3389416899963087,0.7252978037431352,5.711864406779662
1.2040816326530612,7.36734693877551,1.0,30.003333333333334,19.996666666666666,4.00480171564201,0.7386669404334739,6.11864406779661
1.2040816326530612,7.857142857142857,1.0,31.581666666666667,18.418333333333333,4.411514778812166,0.7507866440550359,6.525423728813559
1.2040816326530612,8.346938775510203,1.0,32.50333333333334,17.496666666666666,4.285358660669456,0.7619047405932104,6.932203389830508
1.2040816326530612,8.83673469387755,1.0,33.85666666666667,16.14333333333333,4.481123884068351,0.7722700590860957,7.338983050847458
1.2040816326530612,9.326530612244898,1.0,35.72166666666667,14.27833333333333,4.807908057051162,0.7819701044166547,7.7457627118644075
1.2040816326530612,9.816326530612244,0.9666666666666667,37.35,12.649999999999999,6.010020368317084,0.7909258127370059,8.152542372881355
1.2040816326530612,10.306122448979592,0.9666666666666667,38.155,11.844999999999997,5.741070277486114,0.7993093694538879,8.559322033898304
1.2040816326530612,10.795918367346939,0.9666666666666667,39.278333333333336,10.721666666666664,6.466767610895984,0.8072375038805909,8.966101694915254
1.2040816326530612,11.285714285714285,0.9666666666666667,40.00666666666667,9.993333333333332,6.341580534705913,0.8146376835942494,9.372881355932202
1.2040816326530612,11.775510204081632,0.8,42.56333333333334,7.436666666666665,8.80330985299371,0.8215161388791575,9.779661016949152
1.2040816326530612,12.26530612244898,0.8,43.43500000000001,6.564999999999998,8.686792888612873,0.8279452758172786,10.186440677966102
1.2040816326530612,12.755102040816325,0.7666666666666667,44.45166666666667,5.548333333333331,8.499264505028465,0.8339767234875424,10.59322033898305
1.2040816326530612,13.244897959183673,0.7,45.038333333333334,4.961666666666663,8.492285376713399,0.8396304230149898,11.0
1.2040816326530612,13.73469387755102,0.6333333333333333,46.15,3.849999999999997,8.689014070493924,0.8449444365858436,11.40677966101695
1.2040816326530612,14.224489795918368,0.6,46.98833333333334,3.0116666666666645,9.209100477744578,0.8499429236343373,11.813559322033898
1.2040816326530612,14.714285714285714,0.6,47.93500000000001,2.064999999999997,8.938401750988202,0.8546667892456046,12.220338983050846
1.2040816326530612,15.204081632653061,0.6,48.67666666666667,1.3233333333333308,8.685438997236274,0.8591294230860959,12.627118644067796
1.2040816326530612,15.693877551020408,0.5666666666666667,49.59,0.40999999999999753,8.382714151855838,0.8633587275238142,13.033898305084746
1.2040816326530612,16.183673469387756,0.5,51.075,-1.0750000000000026,9.286890556418577,0.8673751942715053,13.440677966101696
1.2040816326530612,16.6734693877551,0.43333333333333335,52.166666666666664,-2.166666666666669,9.506951479669052,0.871179453103901,13.847457627118644
1.2040816326530612,17.163265306122447,0.4,53.233333333333334,-3.233333333333336,9.39080009566712,0.874833475195382,14.254237288135592
1.2040816326530612,17.653061224489797,0.3333333333333333,54.4948275862069,-4.494827586206899,9.155534477918517,0.878334388105172,14.661016949152543
1.2040816326530612,18.142857142857142,0.26666666666666666,55.183928571428574,-5.1839285714285745,9.377268155960087,0.8817036985546041,15.067796610169491
1.2040816326530612,18.632653061224488,0.23333333333333334,56.175000000000004,-6.175000000000003,10.061721559491733,0.884976977547862,15.47457627118644
1.2040816326530612,19.122448979591837,0.23333333333333334,58.39642857142858,-8.396428571428574,10.95002053584603,0.8881277997162936,15.88135593220339
1.2040816326530612,19.612244897959183,0.23333333333333334,58.34444444444445,-8.344444444444447,10.350969234934674,0.8911822100237327,16.28813559322034
1.2040816326530612,20.10204081632653,0.23333333333333334,59.517307692307696,-9.517307692307694,10.280621988067573,0.894151604100368,16.694915254237287
1.2040816326530612,20.591836734693878,0.2,60.04423076923077,-10.044230769230772,10.219709652657231,0.8969953475854453,17.10169491525424
1.2040816326530612,21.081632653061224,0.2,60.52,-10.520000000000005,9.935626133599568,0.8997223781293506,17.508474576271187
1.2040816326530612,21.57142857142857,0.16666666666666666,61.31458333333334,-11.314583333333337,10.14658305267973,0.9023376449985385,17.915254237288135
1.2040816326530612,22.06122448979592,0.13333333333333333,61.94375,-11.943750000000003,9.757542372553344,0.9048630360247513,18.322033898305087
1.2040816326530612,22.551020408163264,0.1,62.4608695652174,-12.460869565217395,9.629558619660934,0.9072978333861031,18.728813559322035
1.2040816326530612,23.04081632653061,0.1,63.243181818181824,-13.243181818181823,9.707609870299661,0.9096374717224557,19.135593220338983
1.2040816326530612,23.53061224489796,0.03333333333333333,64.32954545454545,-14.329545454545457,9.159598908494965,0.911887418735067,19.542372881355927
1.2040816326530612,24.020408163265305,0.0,65.94761904761906,-15.94761904761905,7.7811386729462075,0.9140527314288949,19.94915254237288
1.2040816326530612,24.51020408163265,0.0,67.46190476190476,-17.461904761904766,6.85116604604473,0.9161380939314326,20.355932203389827
1.2040816326530612,25.0,0.0,68.52380952380952,-18.523809523809526,6.911686101227743,0.9181478512116751,20.76271186440678
1.4387755102040818,1.0,1.0,13.883333333333333,36.11666666666667,0.30915160139271164,0.24699329693349836,0.6950354609929076
1.4387755102040818,1.489795918367347,1.0,15.110000000000001,34.89,0.5657463791463819,0.327130738926722,1.0354609929078014
1.4387755102040818,1.9795918367346939,1.0,16.371666666666666,33.62833333333334,0.8278225835799946,0.3919440791439541,1.3758865248226948
1.4387755102040818,2.4693877551020407,1.0,17.68166666666667,32.318333333333335,1.0637833696158567,0.4453251438479065,1.7163120567375885
1.4387755102040818,2.9591836734693877,1.0,18.830000000000002,31.169999999999998,1.07467717686883,0.49024342455765246,2.056737588652482
1.4387755102040818,3.4489795918367347,1.0,20.280000000000005,29.719999999999995,1.3585996847667372,0.5284135630295872,2.3971631205673756
1.4387755102040818,3.9387755102040813,1.0,21.366666666666667,28.633333333333333,1.3833575679915657,0.5610897150879294,2.737588652482269
1.4387755102040818,4.428571428571429,1.0,22.736666666666668,27.263333333333332,1.4132948379055854,0.5892376441241003,3.078014184397163
1.4387755102040818,4.918367346938775,1.0,24.026666666666667,25.973333333333333,2.091639075698411,0.6140160619547127,3.418439716312056
1.4387755102040818,5.408163265306122,1.0,25.118333333333336,24.881666666666664,2.220650857267989,0.6355389314980954,3.75886524822695
1.4387755102040818,5.8979591836734695,1.0,26.53666666666667,23.46333333333333,2.7934632236006247,0.6547730362325185,4.0992907801418434
1.4387755102040818,6.387755102040816,1.0,27.735000000000003,22.264999999999997,3.5305843513601216,0.6725085461557474,4.439716312056737
1.4387755102040818,6.877551020408163,1.0,28.473333333333336,21.526666666666664,3.306569566612894,0.6885998501275516,4.78014184397163
1.4387755102040818,7.36734693877551,1.0,30.011666666666667,19.988333333333333,4.001630773893902,0.7034912963102464,5.120567375886524
1.4387755102040818,7.857142857142857,1.0,31.59,18.41,4.40959768279805,0.7170199672158838,5.460992907801417
1.4387755102040818,8.346938775510203,1.0,32.505,17.494999999999997,4.284522063234688,0.7293512801398646,5.801418439716311
1.4387755102040818,8.83673469387755,1.0,33.861666666666665,16.138333333333332,4.480083961138517,0.7406139792138052,6.1418439716312045
1.4387755102040818,9.326530612244898,1.0,35.726666666666674,14.273333333333332,4.799402501126166,0.7509497215619316,6.482269503546099
1.4387755102040818,9.816326530612244,0.9666666666666667,37.35166666666667,12.648333333333332,6.007301352540082,0.7604964463732178,6.822695035460992
1.4387755102040818,10.306122448979592,0.9666666666666667,38.155,11.844999999999997,5.741070277486114,0.7693470096022567,7.163120567375885
1.4387755102040818,10.795918367346939,0.9666666666666667,39.281666666666666,10.718333333333332,6.461870703480979,0.7775626173973885,7.503546099290779
1.4387755102040818,11.285714285714285,0.9666666666666667,40.01166666666667,9.988333333333332,6.337949240465141,0.7853384442168543,7.843971631205672
1.4387755102040818,11.775510204081632,0.8,42.568333333333335,7.431666666666664,8.802551386929828,0.7928208503386042,8.184397163120567
1.4387755102040818,12.26530612244898,0.8,43.431666666666665,6.568333333333331,8.689782777068922,0.7998898649966371,8.52482269503546
1.4387755102040818,12.755102040816325,0.7666666666666667,44.45166666666667,5.548333333333331,8.499264505028465,0.8065663402941186,8.865248226950353
1.4387755102040818,13.244897959183673,0.7,45.025,4.974999999999997,8.493473660851972,0.8128512165386661,9.205673758865247
1.4387755102040818,13.73469387755102,0.6333333333333333,46.15,3.849999999999997,8.689748220629355,0.818749450710163,9.546099290780141
1.4387755102040818,14.224489795918368,0.6,46.985,3.0149999999999983,9.208805287744237,0.8243031386071427,9.886524822695035
1.4387755102040818,14.714285714285714,0.6,47.936666666666675,2.06333333333333,8.93687569156228,0.8295499975453539,10.226950354609928
1.4387755102040818,15.204081632653061,0.6,48.67666666666667,1.323333333333331,8.68284806815786,0.8345672556754774,10.567375886524822
1.4387755102040818,15.693877551020408,0.5666666666666667,49.595000000000006,0.40499999999999736,8.380564029245042,0.8393990242457529,10.907801418439716
1.4387755102040818,16.183673469387756,0.5,51.07833333333334,-1.0783333333333363,9.283714730397648,0.8439923939198551,11.24822695035461
1.4387755102040818,16.6734693877551,0.43333333333333335,52.163333333333334,-2.1633333333333358,9.511471597708892,0.8483599323255108,11.588652482269502
1.4387755102040818,17.163265306122447,0.4,53.24,-3.2400000000000024,9.38327933264713,0.8525353102254424,11.929078014184395
1.4387755102040818,17.653061224489797,0.3,55.07931034482759,-5.079310344827589,9.252929239294398,0.8565068084819176,12.26950354609929
1.4387755102040818,18.142857142857142,0.26666666666666666,55.182142857142864,-5.182142857142861,9.380705318638482,0.8603039985231075,12.609929078014183
1.4387755102040818,18.632653061224488,0.23333333333333334,56.19464285714286,-6.194642857142861,10.041186842254167,0.8639543946036459,12.950354609929075
1.4387755102040818,19.122448979591837,0.23333333333333334,58.39107142857143,-8.391071428571431,10.951805648278825,0.8674389398383435,13.290780141843971
1.4387755102040818,19.612244897959183,0.23333333333333334,58.34444444444445,-8.344444444444447,10.350969234934674,0.8707756191670891,13.631205673758863
1.4387755102040818,20.10204081632653,0.23333333333333334,59.45384615384616,-9.453846153846156,10.251760074025563,0.8740060858814531,13.971631205673756
1.4387755102040818,20.591836734693878,0.2,60.04423076923077,-10.044230769230772,10.219709652657231,0.8771241349843505,14.312056737588652
1.4387755102040818,21.081632653061224,0.2,60.518,-10.518000000000004,9.937448951650856,0.8801405423044769,14.652482269503544
1.4387755102040818,21.57142857142857,0.16666666666666666,61.31041666666667,-11.310416666666669,10.152435766492374,0.8830832363001391,14.992907801418436
1.4387755102040818,22.06122448979592,0.13333333333333333,61.93958333333334,-11.939583333333337,9.763841670503814,0.8859164809038382,15.333333333333332
1.4387755102040818,22.551020408163264,0.1,62.4608695652174,-12.460869565217395,9.629558619660934,0.8886635906596283,15.673758865248224
1.4387755102040818,23.04081632653061,0.1,63.23863636363637,-13.238636363636369,9.714617506111258,0.8913489551297974,16.014184397163117
1.4387755102040818,23.53061224489796,0.06666666666666667,63.69772727272728,-13.697727272727276,9.724863535249263,0.8939633683768321,16.354609929078013
1.4387755102040818,24.020408163265305,0.0,65.94761904761906,-15.94761904761905,7.7811386729462075,0.89650112672624,16.695035460992905
1.4387755102040818,24.51020408163265,0.0,67.46190476190476,-17.461904761904766,6.85116604604473,0.8989548246676141,17.035460992907797
1.4387755102040818,25.0,0.0,68.51666666666668,-18.51666666666667,6.904949915338514,0.9013209358571715,17.375886524822693
1.6734693877551021,1.0,1.0,14.078333333333335,35.92166666666667,0.30785221861430007,0.2204089251768732,0.5975609756097561
1.6734693877551021,1.489795918367347,1.0,15.413333333333334,34.586666666666666,0.592035258347367,0.29494626618105424,0.8902439024390244
1.6734693877551021,1.9795918367346939,1.0,16.565,33.434999999999995,0.8298473062703394,0.3573250908935907,1.1829268292682926
1.6734693877551021,2.4693877551020407,1.0,17.831666666666667,32.16833333333333,0.9953758026523193,0.40975674536102147,1.4756097560975607
1.6734693877551021,2.9591836734693877,1.0,18.918333333333337,31.081666666666663,1.0539321555516514,0.4541572997808478,1.768292682926829
1.6734693877551021,3.4489795918367347,1.0,20.385,29.615,1.3599030137831714,0.49196218970305305,2.0609756097560976
1.6734693877551021,3.9387755102040813,1.0,21.488333333333337,28.511666666666663,1.374376556675873,0.5245563097493519,2.3536585365853657
1.6734693877551021,4.428571428571429,1.0,22.913333333333338,27.086666666666662,1.5097346954265556,0.5527801955196,2.6463414634146343
1.6734693877551021,4.918367346938775,1.0,24.035000000000004,25.964999999999996,2.0858782157725515,0.5781959420332375,2.9390243902439024
1.6734693877551021,5.408163265306122,1.0,25.158333333333335,24.841666666666665,2.169462166518242,0.601248912969485,3.2317073170731705
1.6734693877551021,5.8979591836734695,1.0,26.615000000000002,23.384999999999998,2.7724055905694414,0.6219990978880016,3.524390243902439
1.6734693877551021,6.387755102040816,1.0,27.748333333333335,22.251666666666665,3.524164937364188,0.6405465993901271,3.817073170731707
1.6734693877551021,6.877551020408163,1.0,28.515,21.485,3.2769348062080725,0.6571568185689959,4.109756097560975
1.6734693877551021,7.36734693877551,1.0,30.02,19.98,3.99807281160518,0.672186739899096,4.402439024390244
1.6734693877551021,7.857142857142857,1.0,31.618333333333336,18.381666666666664,4.383579928381111,0.6859273392813022,4.6951219512195115
1.6734693877551021,8.346938775510203,1.0,32.51833333333334,17.481666666666666,4.279975091237004,0.6988607382426201,4.98780487804878
1.6734693877551021,8.83673469387755,1.0,33.86666666666667,16.133333333333333,4.476150080172681,0.7109693332848506,5.280487804878049
1.6734693877551021,9.326530612244898,1.0,35.895,14.104999999999997,4.65444448331655,0.7221726177034988,5.573170731707317
1.6734693877551021,9.816326530612244,0.9666666666666667,37.35333333333334,12.646666666666667,6.007164305103178,0.7325103067655789,5.865853658536585
1.6734693877551021,10.306122448979592,0.9666666666666667,38.155,11.844999999999997,5.741070277486114,0.7421097513202086,6.158536585365853
1.6734693877551021,10.795918367346939,0.9666666666666667,39.28,10.719999999999997,6.46327289782229,0.7511394222338382,6.451219512195122
1.6734693877551021,11.285714285714285,0.9666666666666667,40.01,9.989999999999998,6.338992631815162,0.7596716788857505,6.74390243902439
1.6734693877551021,11.775510204081632,0.8,42.57166666666667,7.428333333333331,8.802347681876903,0.7676615824116083,7.036585365853658
1.6734693877551021,12.26530612244898,0.8,43.458333333333336,6.541666666666665,8.670939209890077,0.7751470510378271,7.329268292682927
1.6734693877551021,12.755102040816325,0.7666666666666667,44.451666666666675,5.548333333333331,8.499325362003468,0.7822293419982593,7.621951219512194
1.6734693877551021,13.244897959183673,0.7,45.075,4.924999999999997,8.45372545910565,0.7889542794555173,7.914634146341464
1.6734693877551021,13.73469387755102,0.6333333333333333,46.15833333333333,3.8416666666666637,8.692476764354941,0.795331604419143,8.207317073170731
1.6734693877551021,14.224489795918368,0.6,46.940000000000005,3.0599999999999983,9.152382391939042,0.801362926514872,8.5
1.6734693877551021,14.714285714285714,0.6,47.940000000000005,2.059999999999997,8.938587406720718,0.8071427610647733,8.792682926829267
1.6734693877551021,15.204081632653061,0.6,48.68500000000001,1.3149999999999975,8.675780298803298,0.8127167152688497,9.085365853658535
1.6734693877551021,15.693877551020408,0.5666666666666667,49.615,0.3849999999999975,8.362922583518936,0.8180075049821566,9.378048780487804
1.6734693877551021,16.183673469387756,0.5,51.083333333333336,-1.0833333333333361,9.279652688704921,0.8230239799175121,9.670731707317072
1.6734693877551021,16.6734693877551,0.43333333333333335,52.163333333333334,-2.1633333333333353,9.510945902170981,0.8278245125426709,9.963414634146341
1.6734693877551021,17.163265306122447,0.4,53.245000000000005,-3.2450000000000028,9.383931148143802,0.8324045448363986,10.256097560975608
1.6734693877551021,17.653061224489797,0.3,55.07241379310345,-5.072413793103451,9.250160097136702,0.8367633694442856,10.548780487804878
1.6734693877551021,18.142857142857142,0.26666666666666666,55.182142857142864,-5.182142857142861,9.380705318638482,0.8409308168472271,10.841463414634145
1.6734693877551021,18.632653061224488,0.23333333333333334,56.10000000000001,-6.100000000000003,10.069453256701125,0.8449599441069028,11.134146341463413
1.6734693877551021,19.122448979591837,0.23333333333333334,58.39107142857143,-8.391071428571431,10.951805648278825,0.8488066982709761,11.426829268292682
1.6734693877551021,19.612244897959183,0.23333333333333334,58.35740740740741,-8.357407407407411,10.338508147322354,0.852510099142202,11.71951219512195
1.6734693877551021,20.10204081632653,0.23333333333333334,59.4673076923077,-9.467307692307696,10.250550641869852,0.8560717934245671,12.012195121951217
1.6734693877551021,20.591836734693878,0.2,60.06730769230769,-10.067307692307695,10.189199598670077,0.8594826369315782,12.304878048780488
1.6734693877551021,21.081632653061224,0.2,60.52,-10.520000000000005,9.935615649436794,0.8627542089683042,12.597560975609754
1.6734693877551021,21.57142857142857,0.16666666666666666,61.30833333333334,-11.308333333333337,10.151672240343574,0.8659069208546888,12.890243902439023
1.6734693877551021,22.06122448979592,0.13333333333333333,61.897916666666674,-11.897916666666669,9.74846118477242,0.8689532147547478,13.182926829268292
1.6734693877551021,22.551020408163264,0.1,62.31304347826087,-12.313043478260871,9.744768029695177,0.8718894713837664,13.47560975609756
1.6734693877551021,23.04081632653061,0.1,62.275000000000006,-12.275000000000004,9.310231826687597,0.8747152449284502,13.768292682926829
1.6734693877551021,23.53061224489796,0.06666666666666667,63.68181818181818,-13.681818181818185,9.725390743215675,0.8774382107836686,14.060975609756097
1.6734693877551021,24.020408163265305,0.0,65.9452380952381,-15.9452380952381,7.781900551309828,0.8800667607662709,14.353658536585364
1.6734693877551021,24.51020408163265,0.0,67.45238095238095,-17.452380952380956,6.855918541495301,0.8826084081146969,14.646341463414632
1.6734693877551021,25.0,0.0,67.93809523809524,-17.93809523809524,6.857749353138842,0.8850797066143777,14.939024390243901
1.9081632653061225,1.0,1.0,14.301666666666668,35.69833333333334,0.33126802705230546,0.199408229654164,0.5240641711229946
1.9081632653061225,1.489795918367347,1.0,15.63,34.37,0.5878951349136785,0.2687354598539376,0.7807486631016043
1.9081632653061225,1.9795918367346939,1.0,16.778333333333332,33.221666666666664,0.7160335348211736,0.3284990520993675,1.0374331550802138
1.9081632653061225,2.4693877551020407,1.0,17.995,32.005,0.9441608206086582,0.37962022930131034,1.2941176470588234
1.9081632653061225,2.9591836734693877,1.0,19.088333333333335,30.911666666666665,0.9889635233792563,0.42270803272022306,1.5508021390374331
1.9081632653061225,3.4489795918367347,1.0,20.595000000000002,29.404999999999998,1.3571236062933334,0.45980554349128516,1.807486631016043
1.9081632653061225,3.9387755102040813,1.0,21.733333333333334,28.266666666666666,1.4022354894296793,0.49234655328678684,2.064171122994652
1.9081632653061225,4.428571428571429,1.0,22.978333333333335,27.021666666666665,1.5303641291588395,0.5219149747441209,2.320855614973262
1.9081632653061225,4.918367346938775,1.0,24.076666666666668,25.923333333333332,2.088958383127051,0.5481224289104766,2.5775401069518717
1.9081632653061225,5.408163265306122,1.0,25.318333333333335,24.681666666666665,2.3265144616421116,0.5712952023428455,2.834224598930481
1.9081632653061225,5.8979591836734695,1.0,26.628333333333334,23.371666666666666,2.7628284898574176,0.5919185421002798,3.090909090909091
1.9081632653061225,6.387755102040816,1.0,27.758333333333333,22.241666666666667,3.5189899445558326,0.6107521555534409,3.347593582887701
1.9081632653061225,6.877551020408163,1.0,28.575,21.425,3.2847020019142246,0.6282662395162499,3.60427807486631
1.9081632653061225,7.36734693877551,1.0,30.046666666666667,19.95333333333333,3.983131096679261,0.6441498051860872,3.8609625668449197
1.9081632653061225,7.857142857142857,1.0,31.643333333333334,18.356666666666666,4.372656679500645,0.6586353435979295,4.117647058823529
1.9081632653061225,8.346938775510203,1.0,32.60666666666667,17.39333333333333,4.282617901699149,0.6720781398123691,4.374331550802139
1.9081632653061225,8.83673469387755,1.0,33.87166666666667,16.128333333333334,4.47278520289812,0.6846213785092988,4.6310160427807485
1.9081632653061225,9.326530612244898,1.0,35.903333333333336,14.096666666666664,4.654566414366341,0.6963057420800728,4.887700534759358
1.9081632653061225,9.816326530612244,0.9666666666666667,37.36,12.639999999999997,6.003079669406478,0.7071247822347809,5.144385026737967
1.9081632653061225,10.306122448979592,0.9666666666666667,38.2,11.799999999999999,5.732258987820446,0.7173111251556672,5.401069518716577
1.9081632653061225,10.795918367346939,0.9666666666666667,39.281666666666666,10.718333333333332,6.462430995207306,0.7269387367500212,5.657754010695188
1.9081632653061225,11.285714285714285,0.9666666666666667,40.015,9.984999999999998,6.335125805026863,0.7360597532302293,5.914438502673797
1.9081632653061225,11.775510204081632,0.8,42.70666666666667,7.293333333333331,8.790666419103506,0.7446084013325074,6.171122994652406
1.9081632653061225,12.26530612244898,0.8,43.46000000000001,6.539999999999997,8.671171022217917,0.7526756968466606,6.427807486631016
1.9081632653061225,12.755102040816325,0.7666666666666667,44.46833333333334,5.5316666666666645,8.491907743636691,0.7602501859297122,6.684491978609625
1.9081632653061225,13.244897959183673,0.7,45.06833333333334,4.931666666666664,8.460368901769176,0.7673612103133602,6.941176470588235
1.9081632653061225,13.73469387755102,0.6333333333333333,46.16166666666667,3.8383333333333303,8.690082370679542,0.7740588002853165,7.197860962566845
1.9081632653061225,14.224489795918368,0.6,46.97166666666667,3.028333333333331,9.12491552472314,0.7803682395392258,7.454545454545455
1.9081632653061225,14.714285714285714,0.6,47.94166666666667,2.0583333333333305,8.937137582074003,0.7863504239388881,7.711229946524063
1.9081632653061225,15.204081632653061,0.6,48.686666666666675,1.3133333333333304,8.677407579389746,0.7921139854620031,7.967914438502674
1.9081632653061225,15.693877551020408,0.5666666666666667,49.623333333333335,0.3766666666666642,8.365227013566683,0.7976114226558617,8.224598930481283
1.9081632653061225,16.183673469387756,0.5,51.03666666666667,-1.0366666666666693,9.34295727137359,0.802838341293946,8.481283422459894
1.9081632653061225,16.6734693877551,0.43333333333333335,52.163333333333334,-2.1633333333333353,9.510945902170981,0.8078533857007211,8.737967914438503
1.9081632653061225,17.163265306122447,0.4,53.245000000000005,-3.2450000000000028,9.383931148143802,0.812659279278606,8.994652406417112
1.9081632653061225,17.653061224489797,0.3,55.07068965517242,-5.070689655172417,9.253093278556902,0.8172737649081356,9.251336898395722
1.9081632653061225,18.142857142857142,0.26666666666666666,55.15,-5.150000000000004,9.304668282741295,0.8216945925309852,9.508021390374331
1.9081632653061225,18.632653061224488,0.23333333333333334,56.10000000000001,-6.100000000000003,10.069453256701125,0.8259948608075519,9.76470588235294
1.9081632653061225,19.122448979591837,0.23333333333333334,58.39821428571429,-8.398214285714289,10.947412024147763,0.8301369044479393,10.02139037433155
1.9081632653061225,19.612244897959183,0.23333333333333334,58.144444444444446,-8.144444444444447,10.279641318695202,0.8340999458044313,10.27807486631016
1.9081632653061225,20.10204081632653,0.23333333333333334,59.4673076923077,-9.467307692307696,10.250550641869852,0.8378933629904406,10.534759358288769
1.9081632653061225,20.591836734693878,0.2,60.06730769230769,-10.067307692307695,10.189199598670077,0.8415722877305473,10.79144385026738
1.9081632653061225,21.081632653061224,0.2,60.106,-10.106000000000003,9.869516621057656,0.8451237898338235,11.048128342245986
1.9081632653061225,21.57142857142857,0.16666666666666666,61.28541666666667,-11.28541666666667,10.175914435639152,0.8485548887364932,11.304812834224597
1.9081632653061225,22.06122448979592,0.13333333333333333,61.897916666666674,-11.897916666666669,9.74846118477242,0.8518641971104428,11.56149732620321
1.9081632653061225,22.551020408163264,0.1,62.31304347826087,-12.313043478260871,9.744768029695177,0.855049926084646,11.818181818181818
1.9081632653061225,23.04081632653061,0.1,62.25,-12.250000000000002,9.349917239256847,0.8581323352917598,12.074866310160427
1.9081632653061225,23.53061224489796,0.06666666666666667,63.67727272727273,-13.677272727272731,9.725821391101205,0.8611036599282575,12.331550802139038
1.9081632653061225,24.020408163265305,0.0,65.94761904761906,-15.94761904761905,7.785314319127974,0.8639897346834247,12.588235294117647
1.9081632653061225,24.51020408163265,0.0,67.41190476190476,-17.411904761904765,6.848520000005562,0.8668188236288329,12.844919786096256
1.9081632653061225,25.0,0.0,67.93809523809524,-17.93809523809524,6.857749353138842,0.8695499649091889,13.101604278074866
2.1428571428571432,1.0,1.0,14.445,35.555,0.4594505714287527,0.18217886300880676,0.46666666666666656
2.1428571428571432,1.489795918367347,1.0,15.870000000000001,34.13,0.534757437761627,0.24735808949043006,0.6952380952380952
2.1428571428571432,1.9795918367346939,1.0,16.928333333333335,33.071666666666665,0.6904125869578899,0.3042705957300758,0.9238095238095236
2.1428571428571432,2.4693877551020407,1.0,18.23,31.769999999999996,1.0966720818788145,0.3533465981864806,1.152380952380952
2.1428571428571432,2.9591836734693877,1.0,19.206666666666667,30.793333333333333,0.9977330626815059,0.3950386950852108,1.3809523809523807
2.1428571428571432,3.4489795918367347,1.0,20.65,29.35,1.327883979144626,0.4319394134129333,1.6095238095238094
2.1428571428571432,3.9387755102040813,1.0,21.883333333333333,28.116666666666667,1.4304769721376474,0.46512128323727714,1.8380952380952376
2.1428571428571432,4.428571428571429,1.0,23.14,26.86,1.6096904821349547,0.4943693072970285,2.0666666666666664
2.1428571428571432,4.918367346938775,1.0,24.12166666666667,25.87833333333333,2.0754593730534454,0.520272527336482,2.2952380952380946
2.1428571428571432,5.408163265306122,1.0,25.525,24.475,2.4721814323553923,0.5437615641675797,2.5238095238095233
2.1428571428571432,5.8979591836734695,1.0,26.668333333333337,23.331666666666663,2.729641991598688,0.5652116954056096,2.752380952380952
2.1428571428571432,6.387755102040816,1.0,27.78666666666667,22.21333333333333,3.5128565184960565,0.5844547994861402,2.98095238095238
2.1428571428571432,6.877551020408163,1.0,28.62666666666667,21.37333333333333,3.259990832791567,0.6019366277304881,3.209523809523809
2.1428571428571432,7.36734693877551,1.0,30.053333333333335,19.946666666666665,3.98057640370677,0.618092023026776,3.4380952380952374
2.1428571428571432,7.857142857142857,1.0,31.653333333333332,18.346666666666668,4.364886010545691,0.6330520822440426,3.6666666666666656
2.1428571428571432,8.346938775510203,1.0,32.61333333333334,17.386666666666663,4.286082797511782,0.6469548681844988,3.8952380952380943
2.1428571428571432,8.83673469387755,1.0,34.016666666666666,15.98333333333333,4.390219013728786,0.6601284896764865,4.123809523809523
2.1428571428571432,9.326530612244898,1.0,36.025,13.974999999999998,4.53664675648253,0.6724040382408142,4.352380952380952
2.1428571428571432,9.816326530612244,0.9666666666666667,37.36166666666667,12.638333333333332,6.001877340399036,0.6838365015027705,4.58095238095238
2.1428571428571432,10.306122448979592,0.9666666666666667,38.201666666666675,11.79833333333333,5.73101789318041,0.6944407708673369,4.809523809523808
2.1428571428571432,10.795918367346939,0.9666666666666667,39.365,10.634999999999996,6.390498739373246,0.7042953153990626,5.038095238095237
2.1428571428571432,11.285714285714285,0.9666666666666667,40.016666666666666,9.98333333333333,6.3325695244197036,0.7134764574589731,5.266666666666665
2.1428571428571432,11.775510204081632,0.8,42.71166666666667,7.288333333333331,8.78372989791582,0.7221318436164564,5.495238095238094
2.1428571428571432,12.26530612244898,0.8,43.46166666666667,6.53833333333333,8.670636966353674,0.7303123618425644,5.723809523809523
2.1428571428571432,12.755102040816325,0.7666666666666667,44.47166666666667,5.5283333333333315,8.489462873766364,0.7381423596159009,5.952380952380951
2.1428571428571432,13.244897959183673,0.7,45.15833333333333,4.841666666666664,8.384695451600606,0.7455977095876807,6.180952380952379
2.1428571428571432,13.73469387755102,0.6333333333333333,46.160000000000004,3.8399999999999967,8.688918824849704,0.7527112249483597,6.409523809523808
2.1428571428571432,14.224489795918368,0.6,46.97166666666667,3.028333333333331,9.12491552472314,0.7595177521014372,6.638095238095237
2.1428571428571432,14.714285714285714,0.6,47.905,2.094999999999997,8.968953635198748,0.765974458771166,6.866666666666665
2.1428571428571432,15.204081632653061,0.6,48.686666666666675,1.3133333333333304,8.677407579389746,0.7721075951434113,7.095238095238094
2.1428571428571432,15.693877551020408,0.5666666666666667,49.62166666666667,0.3783333333333308,8.367627308957372,0.77794356041594,7.323809523809522
2.1428571428571432,16.183673469387756,0.5,51.03333333333333,-1.033333333333336,9.343975869910583,0.78354511289067,7.552380952380951
2.1428571428571432,16.6734693877551,0.43333333333333335,52.165,-2.1650000000000023,9.509062374460443,0.7889240634754277,7.780952380952379
2.1428571428571432,17.163265306122447,0.4,53.263333333333335,-3.2633333333333354,9.374671795021296,0.7940755338966375,8.009523809523808
2.1428571428571432,17.653061224489797,0.3,55.077586206896555,-5.077586206896554,9.250990161356636,0.7989970614411466,8.238095238095237
2.1428571428571432,18.142857142857142,0.26666666666666666,55.15357142857143,-5.153571428571432,9.307592764446834,0.8036948763681588,8.466666666666665
2.1428571428571432,18.632653061224488,0.23333333333333334,56.089285714285715,-6.089285714285717,10.087031985956736,0.8081859971753148,8.695238095238093
2.1428571428571432,19.122448979591837,0.23333333333333334,58.39821428571429,-8.398214285714289,10.947412024147763,0.8125035735704281,8.923809523809522
2.1428571428571432,19.612244897959183,0.23333333333333334,58.11296296296297,-8.112962962962966,10.332841524000743,0.8167384016348624,9.15238095238095
2.1428571428571432,20.10204081632653,0.23333333333333334,59.213461538461544,-9.213461538461543,10.631985305598457,0.8208167582127681,9.380952380952378
2.1428571428571432,20.591836734693878,0.2,60.06730769230769,-10.067307692307695,10.184369811703544,0.8247272735962127,9.609523809523807
2.1428571428571432,21.081632653061224,0.2,60.106,-10.106000000000003,9.869516621057656,0.8284799664604349,9.838095238095235
2.1428571428571432,21.57142857142857,0.16666666666666666,61.28125,-11.281250000000002,10.172894638503191,0.8320836577021654,10.066666666666665
2.1428571428571432,22.06122448979592,0.13333333333333333,61.810869565217395,-11.810869565217395,9.969065294492248,0.8355595893793293,10.295238095238094
2.1428571428571432,22.551020408163264,0.1,62.310869565217395,-12.310869565217395,9.750990118977422,0.838908553844778,10.523809523809522
2.1428571428571432,23.04081632653061,0.1,62.247727272727275,-12.247727272727277,9.349859653552324,0.8421376584515453,10.75238095238095
2.1428571428571432,23.53061224489796,0.06666666666666667,63.67272727272728,-13.672727272727276,9.733028296827243,0.8452480629522363,10.98095238095238
2.1428571428571432,24.020408163265305,0.03333333333333333,65.28571428571429,-15.285714285714288,8.60510230702028,0.8482579754261889,11.209523809523807
2.1428571428571432,24.51020408163265,0.0,67.43095238095239,-17.430952380952384,6.863917907989507,0.8511670755191294,11.438095238095235
2.1428571428571432,25.0,0.0,67.93809523809524,-17.93809523809524,6.857749353138842,0.8539807570940797,11.666666666666664
2.3775510204081636,1.0,1.0,14.671666666666669,35.32833333333333,0.5419764808062483,0.1680642707844382,0.42060085836909866
2.3775510204081636,1.489795918367347,1.0,16.015,33.985,0.5994465838559369,0.2294633271519825,0.6266094420600858
2.3775510204081636,1.9795918367346939,1.0,17.07,32.93,0.6539798583843498,0.28336107737342975,0.8326180257510728
2.3775510204081636,2.4693877551020407,1.0,18.421666666666667,31.578333333333333,1.0530483937313753,0.33026551485483574,1.03862660944206
2.3775510204081636,2.9591836734693877,1.0,19.30166666666667,30.69833333333333,0.9852781274877398,0.3712777123729261,1.244635193133047
2.3775510204081636,3.4489795918367347,1.0,20.825,29.175,1.2468408354579656,0.407778086248127,1.4506437768240341
2.3775510204081636,3.9387755102040813,1.0,22.030000000000005,27.969999999999995,1.3827508813954883,0.44024784604845896,1.6566523605150212
2.3775510204081636,4.428571428571429,1.0,23.173333333333336,26.826666666666664,1.6118490845188844,0.4693577426872744,1.8626609442060085
2.3775510204081636,4.918367346938775,1.0,24.183333333333334,25.816666666666666,2.06319693902337,0.4956327220237032,2.0686695278969953
2.3775510204081636,5.408163265306122,1.0,25.6,24.4,2.410537212982287,0.519214315671347,2.274678111587982
2.3775510204081636,5.8979591836734695,1.0,26.78666666666667,23.21333333333333,2.726243257460818,0.5403926482385568,2.48068669527897
2.3775510204081636,6.387755102040816,1.0,27.85166666666667,22.14833333333333,3.4896517792223753,0.5597209806734296,2.6866952789699567
2.3775510204081636,6.877551020408163,1.0,28.651666666666667,21.348333333333333,3.257762171770077,0.5774166417193604,2.8927038626609436
2.3775510204081636,7.36734693877551,1.0,30.111666666666668,19.888333333333332,3.9682942425432985,0.5941117297422678,3.098712446351931
2.3775510204081636,7.857142857142857,1.0,31.666666666666668,18.333333333333332,4.362068738358088,0.6097930891846964,3.3047210300429177
2.3775510204081636,8.346938775510203,1.0,32.75666666666667,17.243333333333332,4.363835179204683,0.6242517416167949,3.510729613733905
2.3775510204081636,8.83673469387755,1.0,34.01833333333334,15.981666666666664,4.38853292848166,0.6375416126423434,3.7167381974248923
2.3775510204081636,9.326530612244898,1.0,36.07666666666667,13.92333333333333,4.53115143570962,0.649833075140011,3.92274678111588
2.3775510204081636,9.816326530612244,0.9666666666666667,37.63,12.37,5.813696669548321,0.6612700075170034,4.1287553648068664
2.3775510204081636,10.306122448979592,0.9666666666666667,38.208333333333336,11.791666666666664,5.723199661711629,0.6721438903578056,4.334763948497853
2.3775510204081636,10.795918367346939,0.9666666666666667,39.373333333333335,10.626666666666663,6.380043418581767,0.6824867978414815,4.540772532188841
2.3775510204081636,11.285714285714285,0.9666666666666667,40.02,9.979999999999997,6.3287330540136955,0.692237390575245,4.746781115879827
2.3775510204081636,11.775510204081632,0.8,42.71333333333334,7.286666666666664,8.784949250469998,0.7014446462909031,4.952789699570815
2.3775510204081636,12.26530612244898,0.8,43.46333333333334,6.5366666666666635,8.672329493888867,0.7101385983514396,5.158798283261802
2.3775510204081636,12.755102040816325,0.7666666666666667,44.47833333333334,5.521666666666664,8.487005110586798,0.7183571852541987,5.364806866952788
2.3775510204081636,13.244897959183673,0.7,45.163333333333334,4.836666666666663,8.377977425794748,0.726181395645895,5.570815450643776
2.3775510204081636,13.73469387755102,0.6333333333333333,46.14833333333333,3.851666666666664,8.701520708685246,0.7336087614784426,5.776824034334763
2.3775510204081636,14.224489795918368,0.6,47.01833333333333,2.9816666666666647,9.180587496539054,0.7406476402604656,5.982832618025751
2.3775510204081636,14.714285714285714,0.6,47.91166666666667,2.0883333333333307,8.961812502687911,0.7473046277469731,6.188841201716737
2.3775510204081636,15.204081632653061,0.6,48.690000000000005,1.3099999999999974,8.679061207773332,0.7536811574665994,6.394849785407724
2.3775510204081636,15.693877551020408,0.5666666666666667,49.62166666666667,0.3783333333333308,8.367627308957372,0.7597675816526231,6.600858369098712
2.3775510204081636,16.183673469387756,0.5,51.04833333333333,-1.0483333333333362,9.333435292957041,0.7656408483557209,6.806866952789699
2.3775510204081636,16.6734693877551,0.43333333333333335,52.163333333333334,-2.1633333333333353,9.511335644751814,0.771226585917263,7.012875536480686
2.3775510204081636,17.163265306122447,0.4,53.263333333333335,-3.2633333333333354,9.374671795021296,0.7765449503535674,7.218884120171672
2.3775510204081636,17.653061224489797,0.3,55.077586206896555,-5.077586206896554,9.25251496898176,0.7816216150164037,7.4248927038626595
2.3775510204081636,18.142857142857142,0.26666666666666666,55.15714285714286,-5.15714285714286,9.303769788377844,0.7864843735389967,7.630901287553647
2.3775510204081636,18.632653061224488,0.23333333333333334,56.089285714285715,-6.089285714285717,10.088023309138132,0.7911588019782728,7.836909871244633
2.3775510204081636,19.122448979591837,0.23333333333333334,58.38928571428572,-8.389285714285718,10.949051685156702,0.79567279732315,8.042918454935622
2.3775510204081636,19.612244897959183,0.23333333333333334,58.111111111111114,-8.111111111111114,10.335658340586406,0.8000171554743972,8.248927038626608
2.3775510204081636,20.10204081632653,0.23333333333333334,59.2173076923077,-9.217307692307696,10.629458521558774,0.8042203210147245,8.454935622317596
2.3775510204081636,20.591836734693878,0.2,60.06730769230769,-10.067307692307695,10.184369811703544,0.8082563882199504,8.660944206008583
2.3775510204081636,21.081632653061224,0.2,60.11,-10.110000000000005,9.864921016747507,0.8121668962340298,8.86695278969957
2.3775510204081636,21.57142857142857,0.16666666666666666,61.27916666666667,-11.279166666666669,10.175822973519429,0.8159451598623108,9.072961373390553
2.3775510204081636,22.06122448979592,0.13333333333333333,61.85000000000001,-11.850000000000003,9.985045636532481,0.8195990279972922,9.278969957081545
2.3775510204081636,22.551020408163264,0.1,62.30217391304348,-12.30217391304348,9.76291077893629,0.8231147342527626,9.484978540772529
2.3775510204081636,23.04081632653061,0.1,62.247727272727275,-12.247727272727277,9.349859653552324,0.8265530838149739,9.690987124463517
2.3775510204081636,23.53061224489796,0.06666666666666667,63.62045454545455,-13.62045454545455,9.811480873263065,0.8299445049013114,9.896995708154504
2.3775510204081636,24.020408163265305,0.03333333333333333,65.28571428571429,-15.285714285714288,8.60510230702028,0.8332439729733463,10.103004291845492
2.3775510204081636,24.51020408163265,0.0,67.43095238095239,-17.430952380952384,6.863917907989507,0.8364308898629284,10.309012875536478
2.3775510204081636,25.0,0.0,67.93571428571428,-17.93571428571429,6.853541837202551,0.8395238327607741,10.515021459227466
2.612244897959184,1.0,1.0,14.825,35.175,0.599676637001573,0.15639999775264632,0.38281249999999994
2.612244897959184,1.489795918367347,1.0,16.208333333333332,33.791666666666664,0.7496071768201193,0.21412120971232057,0.5703125
2.612244897959184,1.9795918367346939,1.0,17.263333333333335,32.736666666666665,0.7375323877556186,0.2651487398986025,0.7578124999999999
2.612244897959184,2.4693877551020407,1.0,18.558333333333334,31.441666666666666,1.0043940816553876,0.310221297199769,0.9453124999999999
2.612244897959184,2.9591836734693877,1.0,19.553333333333335,30.446666666666665,0.9361451896431212,0.3502344434098284,1.1328124999999998
2.612244897959184,3.4489795918367347,1.0,20.965,29.035,1.1792860201161466,0.3860872371681649,1.3203125
2.612244897959184,3.9387755102040813,1.0,22.218333333333337,27.781666666666663,1.3210160231175598,0.41832022590310275,1.5078124999999998
2.612244897959184,4.428571428571429,1.0,23.353333333333335,26.646666666666665,1.4961406289547765,0.4472521887817797,1.6953125
2.612244897959184,4.918367346938775,1.0,24.305000000000003,25.694999999999997,2.0499095858951515,0.4732304766692986,1.8828124999999998
2.612244897959184,5.408163265306122,1.0,25.813333333333336,24.186666666666664,2.3343364018027923,0.49657447645925257,2.0703124999999996
2.612244897959184,5.8979591836734695,1.0,27.151666666666667,22.848333333333333,3.474376236086855,0.5177023942855369,2.2578125
2.612244897959184,6.387755102040816,1.0,27.930000000000003,22.069999999999997,3.4520508646909884,0.5371782143274735,2.4453124999999996
2.612244897959184,6.877551020408163,1.0,28.67166666666667,21.32833333333333,3.2444032269202574,0.5555595504675404,2.6328124999999996
2.612244897959184,7.36734693877551,1.0,30.123333333333335,19.876666666666665,3.965100627790642,0.5725765486110456,2.8203124999999996
2.612244897959184,7.857142857142857,1.0,31.706666666666667,18.293333333333333,4.380279737038795,0.5881809874611217,3.0078124999999996
2.612244897959184,8.346938775510203,1.0,32.88166666666667,17.118333333333332,4.502326665436311,0.6026560317276559,3.1953124999999996
2.612244897959184,8.83673469387755,1.0,33.99666666666667,16.003333333333334,4.519439493270525,0.6163025306462135,3.3828124999999996
2.612244897959184,9.326530612244898,1.0,36.08666666666667,13.91333333333333,4.5271581504891385,0.62911400715093,3.5703125
2.612244897959184,9.816326530612244,0.9666666666666667,37.684999999999995,12.314999999999998,5.80472681943568,0.6411284915843335,3.757812499999999
2.612244897959184,10.306122448979592,0.9666666666666667,38.265,11.734999999999998,5.674825684699412,0.6524133485872731,3.9453124999999996
2.612244897959184,10.795918367346939,0.9666666666666667,39.38166666666667,10.61833333333333,6.376863937560604,0.6630775092151561,4.1328125
2.612244897959184,11.285714285714285,0.9666666666666667,40.026666666666664,9.973333333333331,6.328489678366822,0.6730960789006445,4.320312499999999
2.612244897959184,11.775510204081632,0.8,42.82000000000001,7.179999999999998,8.700927417869575,0.6824846520852662,4.507812499999999
2.612244897959184,12.26530612244898,0.8,43.64666666666667,6.35333333333333,8.453737526143069,0.691343978113,4.6953125
2.612244897959184,12.755102040816325,0.7666666666666667,44.49,5.509999999999997,8.492779894994783,0.699755380817369,4.882812499999999
2.612244897959184,13.244897959183673,0.7,45.181666666666665,4.818333333333331,8.349762368426743,0.707778346804264,5.070312499999999
2.612244897959184,13.73469387755102,0.6333333333333333,46.15166666666667,3.8483333333333305,8.701243305268004,0.7153902337917091,5.257812499999999
2.612244897959184,14.224489795918368,0.6,47.02166666666667,2.9783333333333313,9.176719826910333,0.7225999212707405,5.4453125
2.612244897959184,14.714285714285714,0.6,48.07333333333334,1.9266666666666643,8.86494192887347,0.7295192252042746,5.632812499999999
2.612244897959184,15.204081632653061,0.6,48.69500000000001,1.304999999999997,8.68345980228682,0.7361003943161157,5.820312499999999
2.612244897959184,15.693877551020408,0.5666666666666667,49.655,0.3449999999999972,8.341063253980069,0.7423570652791682,6.0078125
2.612244897959184,16.183673469387756,0.5,51.053333333333335,-1.0533333333333366,9.33102845103491,0.7483094354142988,6.1953125
2.612244897959184,16.6734693877551,0.43333333333333335,52.165,-2.1650000000000023,9.512234861953603,0.7540389142308164,6.382812499999999
2.612244897959184,17.163265306122447,0.4,53.265,-3.2650000000000023,9.374922068641608,0.7595952762054007,6.570312499999999
2.612244897959184,17.653061224489797,0.3,55.07931034482758,-5.079310344827588,9.257926307083524,0.764939189787567,6.7578125
2.612244897959184,18.142857142857142,0.26666666666666666,55.15714285714286,-5.15714285714286,9.300106672881991,0.7700528533540941,6.945312499999999
2.612244897959184,18.632653061224488,0.23333333333333334,56.075,-6.075000000000004,10.10289195853969,0.7750038736191464,7.132812499999999
2.612244897959184,19.122448979591837,0.23333333333333334,58.3875,-8.387500000000003,10.964155614242866,0.7798061247617596,7.3203125
2.612244897959184,19.612244897959183,0.23333333333333334,58.10925925925926,-8.109259259259263,10.337609054740899,0.7844297720894313,7.507812499999999
2.612244897959184,20.10204081632653,0.23333333333333334,59.2173076923077,-9.217307692307696,10.634716190925758,0.7888927852479163,7.695312499999998
2.612244897959184,20.591836734693878,0.2,59.815384615384616,-9.815384615384618,10.58090515249777,0.79319720003786,7.882812499999999
2.612244897959184,21.081632653061224,0.2,60.114000000000004,-10.114000000000004,9.860437786089083,0.7973322644194556,8.070312499999998
2.612244897959184,21.57142857142857,0.2,61.06458333333334,-11.064583333333337,10.390751313659608,0.8013068818465733,8.257812499999998
2.612244897959184,22.06122448979592,0.13333333333333333,61.85000000000001,-11.850000000000003,9.985045636532481,0.8051641499680299,8.4453125
2.612244897959184,22.551020408163264,0.1,62.286956521739135,-12.286956521739134,9.789189508089853,0.8089489978925648,8.632812499999998
2.612244897959184,23.04081632653061,0.1,62.243181818181824,-12.243181818181823,9.357213864110475,0.8126394809969796,8.820312499999998
2.612244897959184,23.53061224489796,0.06666666666666667,63.618181818181824,-13.618181818181823,9.811649362032014,0.8162036746351762,9.0078125
2.612244897959184,24.020408163265305,0.03333333333333333,65.27380952380952,-15.273809523809527,8.61371898554305,0.8196558304925312,9.195312499999998
2.612244897959184,24.51020408163265,0.03333333333333333,66.76666666666668,-16.76666666666667,7.913980245952939,0.8230004346691883,9.382812499999998
2.612244897959184,25.0,0.0,67.93571428571428,-17.93571428571429,6.8594121988903485,0.8262356374198446,9.5703125
2.8469387755102042,1.0,1.0,14.945,35.055,0.6615486011806984,0.1464067679583515,0.35125448028673834
2.8469387755102042,1.489795918367347,1.0,16.343333333333334,33.656666666666666,0.7401925813403332,0.20077701786060315,0.5232974910394266
2.8469387755102042,1.9795918367346939,1.0,17.67,32.33,0.9678985412773887,0.24941750588107958,0.6953405017921146
2.8469387755102042,2.4693877551020407,1.0,18.756666666666668,31.243333333333332,1.0196968221954026,0.2927431373563219,0.8673835125448027
2.8469387755102042,2.9591836734693877,1.0,19.738333333333333,30.261666666666667,1.0590890143089415,0.3318935284875251,1.0394265232974909
2.8469387755102042,3.4489795918367347,1.0,21.061666666666667,28.938333333333333,1.1631321665148848,0.3669324601889709,1.211469534050179
2.8469387755102042,3.9387755102040813,1.0,22.341666666666665,27.658333333333335,1.3047052338081726,0.3986182672865392,1.3835125448028671
2.8469387755102042,4.428571428571429,1.0,23.37166666666667,26.62833333333333,1.484789740910356,0.4270354020218924,1.5555555555555556
2.8469387755102042,4.918367346938775,1.0,24.468333333333337,25.531666666666663,2.088205108391569,0.45258925141295003,1.7275985663082436
2.8469387755102042,5.408163265306122,1.0,25.838333333333335,24.161666666666665,2.3221082622498885,0.47571305556751575,1.8996415770609316
2.8469387755102042,5.8979591836734695,1.0,27.240000000000002,22.759999999999998,3.419830606815247,0.4969126766229355,2.07168458781362
2.8469387755102042,6.387755102040816,1.0,27.96,22.04,3.463663597585853,0.5166918046110607,2.243727598566308
2.8469387755102042,6.877551020408163,1.0,28.765,21.235,3.218779753796193,0.5351757976103815,2.415770609318996
2.8469387755102042,7.36734693877551,1.0,30.343333333333337,19.656666666666663,3.996264059941687,0.5523384432038269,2.5878136200716844
2.8469387755102042,7.857142857142857,1.0,31.716666666666665,18.283333333333335,4.383478647999925,0.5683228312803495,2.7598566308243724
2.8469387755102042,8.346938775510203,1.0,32.935,17.064999999999998,4.457367980136352,0.5832317610086608,2.9318996415770604
2.8469387755102042,8.83673469387755,1.0,34.08166666666667,15.918333333333331,4.391871082943511,0.5971677323359231,3.103942652329749
2.8469387755102042,9.326530612244898,1.0,36.09333333333334,13.906666666666665,4.522410353152273,0.6102730179459919,3.2759856630824373
2.8469387755102042,9.816326530612244,0.9666666666666667,37.69166666666667,12.308333333333332,5.803522760942841,0.6224914910107666,3.448028673835125
2.8469387755102042,10.306122448979592,0.9666666666666667,38.26833333333334,11.731666666666664,5.67189810917999,0.6338641412081442,3.6200716845878134
2.8469387755102042,10.795918367346939,0.9666666666666667,39.385000000000005,10.614999999999998,6.375764321997417,0.644597807073751,3.792114695340502
2.8469387755102042,11.285714285714285,0.9666666666666667,40.053333333333335,9.946666666666664,6.331856149570249,0.6547719443704073,3.9641577060931894
2.8469387755102042,11.775510204081632,0.8,42.825,7.174999999999998,8.699710161640544,0.6644525480047482,4.136200716845877
2.8469387755102042,12.26530612244898,0.8,43.656666666666666,6.34333333333333,8.446726904683189,0.6735835769174209,4.308243727598566
2.8469387755102042,12.755102040816325,0.7666666666666667,44.49166666666667,5.508333333333331,8.490462025255097,0.6822089634405757,4.4802867383512535
2.8469387755102042,13.244897959183673,0.7,45.186666666666675,4.813333333333331,8.348238853436271,0.6903730094795916,4.652329749103942
2.8469387755102042,13.73469387755102,0.6333333333333333,46.15166666666667,3.8483333333333305,8.701243305268004,0.6981103762428412,4.82437275985663
2.8469387755102042,14.224489795918368,0.6,47.02166666666667,2.9783333333333313,9.176719826910333,0.7055426600149267,4.996415770609319
2.8469387755102042,14.714285714285714,0.6,48.13333333333333,1.866666666666664,8.85876084326476,0.7126586279010746,5.168458781362006
2.8469387755102042,15.204081632653061,0.6,48.69500000000001,1.304999999999997,8.684631193408116,0.7194711658216015,5.340501792114695
2.8469387755102042,15.693877551020408,0.5666666666666667,49.655,0.3449999999999972,8.341063253980069,0.7260627299551693,5.512544802867383
2.8469387755102042,16.183673469387756,0.5,51.05166666666667,-1.0516666666666696,9.333435292957041,0.7323789844633023,5.684587813620071
2.8469387755102042,16.6734693877551,0.43333333333333335,52.201666666666675,-2.201666666666669,9.561835808200664,0.7384058308450757,5.856630824372759
2.8469387755102042,17.163265306122447,0.4,53.265,-3.2650000000000023,9.374922068641608,0.7441874031920468,6.028673835125447
2.8469387755102042,17.653061224489797,0.3,55.10517241379311,-5.105172413793107,9.230658783443069,0.7497267605883083,6.200716845878136
2.8469387755102042,18.142857142857142,0.26666666666666666,55.16250000000001,-5.162500000000003,9.29852263255557,0.7550726026092881,6.3727598566308234
2.8469387755102042,18.632653061224488,0.23333333333333334,56.075,-6.075000000000004,10.106548115692856,0.760334309163739,6.5448028673835115
2.8469387755102042,19.122448979591837,0.23333333333333334,58.3875,-8.387500000000003,10.964155614242866,0.7653739603493858,6.7168458781362
2.8469387755102042,19.612244897959183,0.23333333333333334,58.10925925925926,-8.109259259259263,10.337609054740899,0.7702236412318976,6.888888888888888
2.8469387755102042,20.10204081632653,0.23333333333333334,59.228846153846156,-9.228846153846158,10.640368161646695,0.7748801203506264,7.060931899641576
2.8469387755102042,20.591836734693878,0.2,59.80961538461539,-9.809615384615388,10.593545386043042,0.779362380131892,7.232974910394265
2.8469387755102042,21.081632653061224,0.2,60.114000000000004,-10.114000000000004,9.860437786089083,0.7836805559272265,7.4050179211469525
2.8469387755102042,21.57142857142857,0.2,61.09166666666667,-11.091666666666669,10.369391272505771,0.7878349635038556,7.5770609318996405
2.8469387755102042,22.06122448979592,0.13333333333333333,61.84782608695652,-11.847826086956525,9.988988007947796,0.7918637884889927,7.749103942652329
2.8469387755102042,22.551020408163264,0.1,62.286956521739135,-12.286956521739134,9.789189508089853,0.7957703428552318,7.921146953405017
2.8469387755102042,23.04081632653061,0.1,62.243181818181824,-12.243181818181823,9.357213864110475,0.7995351255653199,8.093189964157705
2.8469387755102042,23.53061224489796,0.06666666666666667,63.618181818181824,-13.618181818181823,9.811649362032014,0.8031656714851276,8.265232974910393
2.8469387755102042,24.020408163265305,0.06666666666666667,64.37045454545455,-14.37045454545455,9.424823594293413,0.8066689942806674,8.437275985663081
2.8469387755102042,24.51020408163265,0.03333333333333333,66.76904761904763,-16.76904761904762,7.913650803998055,0.8100516303910147,8.60931899641577
2.8469387755102042,25.0,0.0,67.93571428571428,-17.93571428571429,6.8594121988903485,0.8133201266997785,8.781362007168457
3.0816326530612246,1.0,1.0,15.086666666666668,34.913333333333334,0.766759114865866,0.13771973815029823,0.32450331125827814
3.0816326530612246,1.489795918367347,1.0,16.546666666666667,33.45333333333333,0.8055768262484369,0.1891151027421227,0.4834437086092715
3.0816326530612246,1.9795918367346939,1.0,17.873333333333335,32.126666666666665,0.9527395466118541,0.23586057801679436,0.6423841059602649
3.0816326530612246,2.4693877551020407,1.0,18.855000000000004,31.144999999999996,0.9918069542419834,0.2775861483677022,0.8013245033112583
3.0816326530612246,2.9591836734693877,1.0,20.045,29.955,0.9989088874953721,0.3155154390268668,0.9602649006622516
3.0816326530612246,3.4489795918367347,1.0,21.166666666666668,28.833333333333332,1.1964266720569197,0.3496725506120763,1.119205298013245
3.0816326530612246,3.9387755102040813,1.0,22.490000000000002,27.509999999999998,1.2732933134470492,0.38068102759150624,1.2781456953642383
3.0816326530612246,4.428571428571429,1.0,23.485000000000003,26.514999999999997,1.5643743929696978,0.4084471629447046,1.4370860927152316
3.0816326530612246,4.918367346938775,1.0,24.6,25.4,2.039100545456932,0.4337046021109891,1.596026490066225
3.0816326530612246,5.408163265306122,1.0,25.916666666666668,24.083333333333332,2.3286940743588502,0.45662795531491224,1.7549668874172184
3.0816326530612246,5.8979591836734695,1.0,27.335,22.665,3.4366721573698844,0.47800868778286076,1.913907284768212
3.0816326530612246,6.387755102040816,1.0,28.105000000000004,21.894999999999996,3.3973201913800564,0.49798923090901587,2.072847682119205
3.0816326530612246,6.877551020408163,1.0,28.883333333333333,21.116666666666667,3.2450847003805134,0.5167125152195394,2.2317880794701983
3.0816326530612246,7.36734693877551,1.0,30.486666666666668,19.513333333333332,4.165724951051868,0.5341208070558434,2.390728476821192
3.0816326530612246,7.857142857142857,1.0,31.815,18.185,4.3176092921893705,0.5503256563714427,2.5496688741721854
3.0816326530612246,8.346938775510203,1.0,33.18333333333334,16.816666666666666,4.519160994250374,0.565334790387635,2.7086092715231787
3.0816326530612246,8.83673469387755,1.0,34.086666666666666,15.913333333333332,4.389013189956166,0.579344839592017,2.867549668874172
3.0816326530612246,9.326530612244898,1.0,36.12166666666667,13.87833333333333,4.493648454961916,0.5924350903783616,3.0264900662251657
3.0816326530612246,9.816326530612244,0.9666666666666667,37.701666666666675,12.29833333333333,5.805370333806766,0.6048808190501042,3.1854304635761586
3.0816326530612246,10.306122448979592,0.9666666666666667,38.27333333333333,11.726666666666665,5.666731913079412,0.6165214041253951,3.3443708609271523
3.0816326530612246,10.795918367346939,0.9666666666666667,39.39833333333333,10.601666666666665,6.356011047566045,0.6274846952843739,3.5033112582781456
3.0816326530612246,11.285714285714285,0.9333333333333333,40.385000000000005,9.614999999999998,6.593219479393073,0.6377968930698305,3.6622516556291385
3.0816326530612246,11.775510204081632,0.8,42.84166666666667,7.158333333333331,8.688935525984334,0.6475439023815893,3.821192052980132
3.0816326530612246,12.26530612244898,0.8,43.67166666666667,6.3283333333333305,8.434746315230758,0.6568031196762992,3.980132450331126
3.0816326530612246,12.755102040816325,0.7666666666666667,44.49333333333334,5.506666666666664,8.491839219705783,0.6655939316811867,4.139072847682119
3.0816326530612246,13.244897959183673,0.6333333333333333,45.653333333333336,4.346666666666665,8.749255469145234,0.6740471875558549,4.298013245033112
3.0816326530612246,13.73469387755102,0.6333333333333333,46.155,3.8449999999999975,8.699983650400808,0.6821763237052052,4.456953642384105
3.0816326530612246,14.224489795918368,0.6,47.11666666666667,2.883333333333331,9.234197436640097,0.6898711492621704,4.6158940397351
3.0816326530612246,14.714285714285714,0.6,48.13333333333333,1.866666666666664,8.85876084326476,0.6972266861835791,4.774834437086091
3.0816326530612246,15.204081632653061,0.6,48.69666666666667,1.3033333333333306,8.68309826054611,0.7042588704057509,4.933774834437086
3.0816326530612246,15.693877551020408,0.5666666666666667,49.655,0.3449999999999972,8.341063253980069,0.7111458850531331,5.0927152317880795
3.0816326530612246,16.183673469387756,0.5,51.05166666666667,-1.0516666666666696,9.333435292957041,0.7177179753633006,5.251655629139074
3.0816326530612246,16.6734693877551,0.43333333333333335,52.155,-2.155000000000002,9.628892853605075,0.7239910215840982,5.410596026490066
3.0816326530612246,17.163265306122447,0.4,53.265,-3.2650000000000023,9.374922068641608,0.729998484919278,5.5695364238410585
3.0816326530612246,17.653061224489797,0.3,55.10517241379311,-5.105172413793107,9.230658783443069,0.7357364606682071,5.728476821192053
3.0816326530612246,18.142857142857142,0.26666666666666666,55.166071428571435,-5.166071428571432,9.2989749890276,0.7412326104218272,5.887417218543046
3.0816326530612246,18.632653061224488,0.23333333333333334,56.07678571428572,-6.076785714285718,10.105081982760302,0.7465322889546616,6.046357615894039
3.0816326530612246,19.122448979591837,0.23333333333333334,58.38928571428572,-8.389285714285718,10.963097672738787,0.7516293704027048,6.2052980132450335
3.0816326530612246,19.612244897959183,0.23333333333333334,58.3962962962963,-8.396296296296299,10.343503404459376,0.7565345235411473,6.364238410596026
3.0816326530612246,20.10204081632653,0.23333333333333334,59.228846153846156,-9.228846153846158,10.640368161646695,0.7612473934096343,6.523178807947019
3.0816326530612246,20.591836734693878,0.2,59.80961538461539,-9.809615384615388,10.593545386043042,0.7657755386153691,6.682119205298013
3.0816326530612246,21.081632653061224,0.2,60.114000000000004,-10.114000000000004,9.860437786089083,0.7701386940042024,6.841059602649006
3.0816326530612246,21.57142857142857,0.2,61.08958333333334,-11.089583333333337,10.378457822593987,0.7743391114562025,6.999999999999999
3.0816326530612246,22.06122448979592,0.13333333333333333,61.845652173913045,-11.845652173913045,9.992234633175249,0.7783831010411854,7.158940397350993
3.0816326530612246,22.551020408163264,0.1,62.286956521739135,-12.286956521739134,9.789189508089853,0.7822843193725934,7.317880794701987
3.0816326530612246,23.04081632653061,0.1,62.24545454545455,-12.24545454545455,9.35727256114461,0.7860633516843881,7.476821192052979
3.0816326530612246,23.53061224489796,0.06666666666666667,63.618181818181824,-13.618181818181823,9.811649362032014,0.7897083757656536,7.635761589403973
3.0816326530612246,24.020408163265305,0.06666666666666667,64.36136363636363,-14.361363636363638,9.44139734182572,0.7932270921986431,7.7947019867549665
3.0816326530612246,24.51020408163265,0.03333333333333333,66.76190476190476,-16.761904761904766,7.916958139997723,0.7966798808898746,7.953642384105959
3.0816326530612246,25.0,0.03333333333333333,67.27380952380952,-17.273809523809526,7.949443676252118,0.8000496815968121,8.112582781456954
3.316326530612245,1.0,1.0,15.145000000000001,34.855000000000004,0.7731875358004962,0.1302204175685243,0.30153846153846153
3.316326530612245,1.489795918367347,1.0,16.716666666666665,33.28333333333333,0.7786298015206539,0.17916971104567733,0.44923076923076927
3.316326530612245,1.9795918367346939,1.0,18.040000000000003,31.959999999999997,0.8838005704206475,0.2237814975534088,0.5969230769230769
3.316326530612245,2.4693877551020407,1.0,19.116666666666667,30.883333333333333,0.9113587178733074,0.263923748567294,0.7446153846153846
3.316326530612245,2.9591836734693877,1.0,20.28666666666667,29.71333333333333,0.994114866509948,0.3007019130961858,0.8923076923076922
3.316326530612245,3.4489795918367347,1.0,21.343333333333337,28.656666666666663,1.2014885403713498,0.33399381547871904,1.04
3.316326530612245,3.9387755102040813,1.0,22.560000000000002,27.439999999999998,1.2490962250004387,0.36418541471946475,1.1876923076923076
3.316326530612245,4.428571428571429,1.0,23.675,26.325,1.5420960880657169,0.39147112274614443,1.3353846153846154
3.316326530612245,4.918367346938775,1.0,24.766666666666666,25.233333333333334,2.026902398571114,0.4162495415324176,1.483076923076923
3.316326530612245,5.408163265306122,1.0,26.003333333333334,23.996666666666666,2.322637224828905,0.439372543104781,1.6307692307692305
3.316326530612245,5.8979591836734695,1.0,27.35,22.65,3.429712966777651,0.46085956871231015,1.7784615384615385
3.316326530612245,6.387755102040816,1.0,28.14666666666667,21.85333333333333,3.3753143744600713,0.48106757227488867,1.926153846153846
3.316326530612245,6.877551020408163,1.0,28.961666666666666,21.038333333333334,3.2248144382149415,0.49984056190883286,2.0738461538461537
3.316326530612245,7.36734693877551,1.0,30.561666666666667,19.438333333333333,4.153118548532046,0.517219164328628,2.221538461538462
3.316326530612245,7.857142857142857,1.0,31.91166666666667,18.08833333333333,4.2899578675958026,0.5333285890129859,2.3692307692307693
3.316326530612245,8.346938775510203,1.0,33.20666666666667,16.793333333333333,4.493898801350738,0.5484380338924859,2.5169230769230766
3.316326530612245,8.83673469387755,1.0,34.1,15.899999999999999,4.384258675982867,0.5626781784818627,2.664615384615384
3.316326530612245,9.326530612244898,1.0,36.135000000000005,13.864999999999998,4.481824405306393,0.5759644785127661,2.8123076923076926
3.316326530612245,9.816326530612244,0.9666666666666667,37.708333333333336,12.291666666666664,5.802958272523049,0.5884221306824743,2.9599999999999995
3.316326530612245,10.306122448979592,0.9666666666666667,38.32000000000001,11.679999999999998,5.649726877744043,0.6000851089555641,3.1076923076923078
3.316326530612245,10.795918367346939,0.9666666666666667,39.42333333333333,10.576666666666664,6.393177038349412,0.6110926174123136,3.2553846153846155
3.316326530612245,11.285714285714285,0.9333333333333333,40.42666666666667,9.57333333333333,6.5993434016827255,0.6215706956157518,3.403076923076923
3.316326530612245,11.775510204081632,0.8,42.86,7.139999999999998,8.692529491783002,0.6316103559624372,3.5507692307692307
3.316326530612245,12.26530612244898,0.8,43.68833333333334,6.311666666666664,8.440089917535946,0.6411829293272986,3.6984615384615385
3.316326530612245,12.755102040816325,0.7666666666666667,44.49666666666667,5.503333333333331,8.488927202978669,0.6502445620370184,3.846153846153846
3.316326530612245,13.244897959183673,0.6333333333333333,45.65,4.349999999999998,8.751522035111064,0.6589145086070753,3.9938461538461536
3.316326530612245,13.73469387755102,0.6333333333333333,46.160000000000004,3.8399999999999976,8.707689823883571,0.6673082609356283,4.141538461538461
3.316326530612245,14.224489795918368,0.6,47.11666666666667,2.883333333333331,9.234197436640097,0.6752778895790689,4.28923076923077
3.316326530612245,14.714285714285714,0.6,48.135000000000005,1.8649999999999975,8.862339439720621,0.6828457123112444,4.436923076923077
3.316326530612245,15.204081632653061,0.6,48.69833333333334,1.3016666666666636,8.685019636820291,0.690061293728225,4.584615384615384
3.316326530612245,15.693877551020408,0.5666666666666667,49.653333333333336,0.3466666666666638,8.343497709173805,0.696943232593533,4.732307692307692
3.316326530612245,16.183673469387756,0.5,51.11833333333334,-1.1183333333333363,9.375136627356914,0.7035091736256979,4.88
3.316326530612245,16.6734693877551,0.43333333333333335,52.155,-2.155000000000002,9.631041319429157,0.7098034339509809,5.027692307692307
3.316326530612245,17.163265306122447,0.4,53.31666666666667,-3.3166666666666695,9.335410277940186,0.7158310363926991,5.175384615384615
3.316326530612245,17.653061224489797,0.3,55.10344827586207,-5.103448275862072,9.228158876837657,0.7216011204652691,5.323076923076924
3.316326530612245,18.142857142857142,0.26666666666666666,55.16428571428572,-5.164285714285718,9.302029419581048,0.7271440156677634,5.47076923076923
3.316326530612245,18.632653061224488,0.23333333333333334,56.07857142857143,-6.078571428571432,10.104934883249323,0.732460314340883,5.6184615384615375
3.316326530612245,19.122448979591837,0.23333333333333334,58.3875,-8.387500000000003,10.966207563845094,0.7375546209173043,5.766153846153847
3.316326530612245,19.612244897959183,0.23333333333333334,58.418518518518525,-8.418518518518521,10.33288391633672,0.7424414140957382,5.913846153846154
3.316326530612245,20.10204081632653,0.23333333333333334,59.228846153846156,-9.228846153846158,10.640368161646695,0.7471574858836945,6.061538461538461
3.316326530612245,20.591836734693878,0.2,59.81153846153847,-9.811538461538465,10.59158446779619,0.7516978338549886,6.2092307692307696
3.316326530612245,21.081632653061224,0.2,60.11600000000001,-10.116000000000003,9.858210621946897,0.7560827206876054,6.356923076923077
3.316326530612245,21.57142857142857,0.2,61.08958333333334,-11.089583333333337,10.378457822593987,0.7604033403113722,6.504615384615383
3.316326530612245,22.06122448979592,0.13333333333333333,61.845652173913045,-11.845652173913045,9.992234633175249,0.7645859729938007,6.6523076923076925
3.316326530612245,22.551020408163264,0.1,62.28260869565217,-12.282608695652176,9.789681588930677,0.7686267148509203,6.8
3.316326530612245,23.04081632653061,0.1,62.243181818181824,-12.243181818181823,9.360966263903498,0.7725457794606031,6.947692307692307
3.316326530612245,23.53061224489796,0.06666666666666667,63.618181818181824,-13.618181818181823,9.812741297664571,0.7763361970528245,7.095384615384615
3.316326530612245,24.020408163265305,0.06666666666666667,64.36136363636363,-14.361363636363638,9.44139734182572,0.7800219342136906,7.243076923076923
3.316326530612245,24.51020408163265,0.03333333333333333,66.75714285714287,-16.75714285714286,7.928197867647567,0.7836061366367032,7.390769230769231
3.316326530612245,25.0,0.03333333333333333,67.27380952380952,-17.273809523809526,7.949443676252118,0.7870757891187355,7.538461538461538
3.5510204081632653,1.0,1.0,15.206666666666667,34.79333333333333,0.8264729101817969,0.12376289736435496,0.28160919540229884
3.5510204081632653,1.489795918367347,1.0,16.903333333333332,33.096666666666664,0.7517718533838773,0.17047010604157375,0.4195402298850575
3.5510204081632653,1.9795918367346939,1.0,18.311666666666667,31.688333333333333,1.0449949128182845,0.21290341646075284,0.5574712643678161
3.5510204081632653,2.4693877551020407,1.0,19.218333333333337,30.781666666666663,0.9282429948409324,0.25165501190628686,0.6954022988505747
3.5510204081632653,2.9591836734693877,1.0,20.703333333333333,29.296666666666667,1.1495076407279572,0.2872482176476438,0.8333333333333334
3.5510204081632653,3.4489795918367347,1.0,21.72666666666667,28.27333333333333,1.2394195897839562,0.3196556841350367,0.9712643678160919
3.5510204081632653,3.9387755102040813,1.0,22.753333333333334,27.246666666666666,1.2927472306289625,0.3491221908710532,1.1091954022988506
3.5510204081632653,4.428571428571429,1.0,23.75166666666667,26.24833333333333,1.5297894453572483,0.3758443997692907,1.2471264367816093
3.5510204081632653,4.918367346938775,1.0,24.885,25.115,1.966405349870672,0.40070835242306935,1.3850574712643677
3.5510204081632653,5.408163265306122,1.0,26.211666666666666,23.788333333333334,2.544184827559037,0.42370276858595296,1.5229885057471264
3.5510204081632653,5.8979591836734695,1.0,27.491666666666667,22.508333333333333,3.364138546629663,0.4452688811385431,1.660919540229885
3.5510204081632653,6.387755102040816,1.0,28.188333333333333,21.811666666666664,3.35144547644881,0.4653840896218497,1.7988505747126433
3.5510204081632653,6.877551020408163,1.0,29.37166666666667,20.62833333333333,3.5740126037766045,0.4840639191505999,1.9367816091954022
3.5510204081632653,7.36734693877551,1.0,30.830000000000002,19.169999999999998,4.349744344449335,0.5012654190554386,2.074712643678161
3.5510204081632653,7.857142857142857,1.0,31.93166666666667,18.06833333333333,4.287883557455688,0.5175675913098486,2.21264367816092
3.5510204081632653,8.346938775510203,1.0,33.236666666666665,16.763333333333332,4.470322316029953,0.5327997654453672,2.350574712643678
3.5510204081632653,8.83673469387755,1.0,34.434999999999995,15.565,4.753476948871035,0.5469620381004613,2.4885057471264367
3.5510204081632653,9.326530612244898,1.0,36.59666666666667,13.403333333333332,5.006408536743843,0.5601349195433657,2.6264367816091956
3.5510204081632653,9.816326530612244,0.9666666666666667,37.951666666666675,12.04833333333333,5.758314578208557,0.5726074621782856,2.764367816091954
3.5510204081632653,10.306122448979592,0.9666666666666667,38.42333333333333,11.576666666666664,5.530865326905713,0.584454201179334,2.9022988505747125
3.5510204081632653,10.795918367346939,0.9666666666666667,39.598333333333336,10.401666666666666,6.367556280748977,0.5958563955160919,3.0402298850574714
3.5510204081632653,11.285714285714285,0.9333333333333333,40.428333333333335,9.571666666666664,6.59789260155159,0.6065749412538524,3.17816091954023
3.5510204081632653,11.775510204081632,0.8,42.86666666666667,7.133333333333331,8.688233554575438,0.6167995961782691,3.3160919540229883
3.5510204081632653,12.26530612244898,0.8,43.701666666666675,6.29833333333333,8.431145904583065,0.6266283060062948,3.454022988505747
3.5510204081632653,12.755102040816325,0.7666666666666667,44.49666666666667,5.503333333333331,8.488927202978669,0.6359205960106079,3.5919540229885056
3.5510204081632653,13.244897959183673,0.6333333333333333,45.653333333333336,4.346666666666664,8.75085151850096,0.6447097934610556,3.729885057471264
3.5510204081632653,13.73469387755102,0.6333333333333333,46.16166666666667,3.8383333333333307,8.706009451793205,0.6530615770943082,3.867816091954023
3.5510204081632653,14.224489795918368,0.6,47.125,2.874999999999998,9.228271310451937,0.660998586998399,4.005747126436781
3.5510204081632653,14.714285714285714,0.6,48.16166666666667,1.838333333333331,8.842751593657175,0.6685582676572047,4.14367816091954
3.5510204081632653,15.204081632653061,0.6,48.701666666666675,1.2983333333333305,8.686319836320246,0.6757673739518663,4.281609195402299
3.5510204081632653,15.693877551020408,0.5666666666666667,49.653333333333336,0.3466666666666638,8.343497709173805,0.6826464143043136,4.419540229885057
3.5510204081632653,16.183673469387756,0.5,51.12833333333334,-1.1283333333333363,9.37041090746359,0.6892218440716195,4.557471264367816
3.5510204081632653,16.6734693877551,0.43333333333333335,52.155,-2.155000000000002,9.631041319429157,0.695494230452195,4.695402298850575
3.5510204081632653,17.163265306122447,0.4,53.34166666666667,-3.3416666666666694,9.319317010394585,0.7014934539085128,4.833333333333333
3.5510204081632653,17.653061224489797,0.3,55.10344827586207,-5.103448275862072,9.228158876837657,0.7072445542324843,4.971264367816092
3.5510204081632653,18.142857142857142,0.26666666666666666,55.16428571428572,-5.164285714285718,9.302029419581048,0.7127781689552487,5.109195402298851
3.5510204081632653,18.632653061224488,0.23333333333333334,56.07857142857143,-6.078571428571432,10.104934883249323,0.7181792953856624,5.247126436781609
3.5510204081632653,19.122448979591837,0.23333333333333334,58.4,-8.400000000000004,10.950139522195851,0.7234052636155028,5.385057471264369
3.5510204081632653,19.612244897959183,0.23333333333333334,58.418518518518525,-8.418518518518521,10.33288391633672,0.7284529809602872,5.522988505747127
3.5510204081632653,20.10204081632653,0.23333333333333334,59.228846153846156,-9.228846153846158,10.640368161646695,0.7333380839094849,5.660919540229885
3.5510204081632653,20.591836734693878,0.2,59.792307692307695,-9.792307692307695,10.578739927871299,0.7380361271191144,5.7988505747126435
3.5510204081632653,21.081632653061224,0.2,59.854000000000006,-9.854000000000005,10.28791686073198,0.7425612708114445,5.936781609195402
3.5510204081632653,21.57142857142857,0.2,61.08958333333334,-11.089583333333337,10.378457822593987,0.7469293834129752,6.07471264367816
3.5510204081632653,22.06122448979592,0.13333333333333333,61.84782608695652,-11.847826086956525,9.98829403785057,0.7511806782779369,6.212643678160919
3.5510204081632653,22.551020408163264,0.1,62.28260869565217,-12.282608695652176,9.789681588930677,0.7552790986284852,6.350574712643678
3.5510204081632653,23.04081632653061,0.1,62.23863636363637,-12.238636363636367,9.368385689802723,0.7592408120085692,6.488505747126436
3.5510204081632653,23.53061224489796,0.06666666666666667,63.60681818181819,-13.606818181818186,9.817371574511922,0.7630705516554898,6.626436781609195
3.5510204081632653,24.020408163265305,0.06666666666666667,64.36136363636363,-14.361363636363638,9.44139734182572,0.7667702520981481,6.764367816091954
3.5510204081632653,24.51020408163265,0.03333333333333333,66.69761904761906,-16.69761904761905,8.010547362547646,0.7703508381778583,6.902298850574712
3.5510204081632653,25.0,0.03333333333333333,67.26904761904763,-17.269047619047623,7.949881700227938,0.7738279373342358,7.040229885057471
3.785714285714286,1.0,1.0,15.175,34.825,0.8649048183630312,0.11807873960489436,0.2641509433962264
3.785714285714286,1.489795918367347,1.0,16.968333333333334,33.031666666666666,0.7706337890214847,0.16265506099847601,0.3935309973045822
3.785714285714286,1.9795918367346939,1.0,18.441666666666666,31.558333333333334,1.0646420260717508,0.20309966629757642,0.5229110512129379
3.785714285714286,2.4693877551020407,1.0,19.413333333333338,30.586666666666662,0.870090496020022,0.24056616932062033,0.6522911051212937
3.785714285714286,2.9591836734693877,1.0,20.880000000000003,29.119999999999997,1.1506070361874805,0.2749652087494496,0.7816711590296496
3.785714285714286,3.4489795918367347,1.0,21.861666666666668,28.138333333333332,1.1640212207253142,0.30652772721625227,0.9110512129380053
3.785714285714286,3.9387755102040813,1.0,22.938333333333336,27.061666666666664,1.372619150869364,0.33543041412602376,1.0404312668463611
3.785714285714286,4.428571428571429,1.0,23.980000000000004,26.019999999999996,1.8988925992399561,0.36202191954063145,1.169811320754717
3.785714285714286,4.918367346938775,1.0,24.995,25.005,1.992933637319271,0.38655653487221525,1.2991913746630723
3.785714285714286,5.408163265306122,1.0,26.268333333333334,23.731666666666666,2.5292592391549302,0.4094937663743089,1.4285714285714284
3.785714285714286,5.8979591836734695,1.0,27.555000000000003,22.444999999999997,3.3287242559896417,0.43093807608852014,1.5579514824797842
3.785714285714286,6.387755102040816,1.0,28.375,21.625,3.2809205499634424,0.4507118331316392,1.68733153638814
3.785714285714286,6.877551020408163,1.0,29.54666666666667,20.45333333333333,3.644597639523874,0.4692571251724657,1.8167115902964956
3.785714285714286,7.36734693877551,1.0,30.963333333333335,19.036666666666665,4.313689782567806,0.48660136456293157,1.9460916442048515
3.785714285714286,7.857142857142857,1.0,31.985000000000003,18.014999999999997,4.228396410803574,0.5027711550005125,2.075471698113207
3.785714285714286,8.346938775510203,1.0,33.29333333333334,16.706666666666663,4.561433783463215,0.5177773337402064,2.204851752021563
3.785714285714286,8.83673469387755,1.0,34.470000000000006,15.53,4.7788434612975355,0.5318979276118023,2.3342318059299187
3.785714285714286,9.326530612244898,0.9666666666666667,37.13166666666667,12.868333333333332,5.89723025772639,0.5452779659979645,2.463611859838275
3.785714285714286,9.816326530612244,0.9666666666666667,37.958333333333336,12.041666666666664,5.753411032226634,0.5580410424811824,2.5929919137466304
3.785714285714286,10.306122448979592,0.9666666666666667,38.525,11.474999999999998,5.844725739118753,0.570086749155127,2.7223719676549862
3.785714285714286,10.795918367346939,0.9666666666666667,39.63333333333333,10.366666666666665,6.344728103917747,0.5815877114263844,2.851752021563342
3.785714285714286,11.285714285714285,0.9333333333333333,40.43333333333333,9.566666666666665,6.593457223711969,0.5925243624190076,2.9811320754716975
3.785714285714286,11.775510204081632,0.8,42.86666666666667,7.133333333333331,8.688233554575438,0.602836848261578,3.1105121293800537
3.785714285714286,12.26530612244898,0.8,43.730000000000004,6.269999999999997,8.396505841409722,0.6125675792639975,3.2398921832884096
3.785714285714286,12.755102040816325,0.7666666666666667,44.705000000000005,5.294999999999998,8.47528201137955,0.6217727568573042,3.369272237196765
3.785714285714286,13.244897959183673,0.6333333333333333,45.66166666666667,4.338333333333332,8.742796870935342,0.6305089963366943,3.4986522911051208
3.785714285714286,13.73469387755102,0.6333333333333333,46.18833333333334,3.8116666666666643,8.687532518751675,0.6388401276659731,3.628032345013476
3.785714285714286,14.224489795918368,0.6,47.125,2.874999999999998,9.228271310451937,0.6467449428408848,3.7574123989218333
3.785714285714286,14.714285714285714,0.6,48.16166666666667,1.838333333333331,8.842751593657175,0.654251758318149,3.8867924528301883
3.785714285714286,15.204081632653061,0.6,48.74166666666667,1.2583333333333302,8.624304902858624,0.6614034610213405,4.016172506738544
3.785714285714286,15.693877551020408,0.5666666666666667,49.68500000000001,0.314999999999997,8.3221676345728,0.6682238023468515,4.1455525606469
3.785714285714286,16.183673469387756,0.5,51.14,-1.1400000000000028,9.362281257515583,0.6747451647575665,4.274932614555256
3.785714285714286,16.6734693877551,0.43333333333333335,52.155,-2.155000000000002,9.631041319429157,0.6811598632586897,4.404312668463612
3.785714285714286,17.163265306122447,0.4,53.34166666666667,-3.3416666666666694,9.321065161617872,0.6873090634941975,4.533692722371967
3.785714285714286,17.653061224489797,0.3,55.11034482758621,-5.110344827586211,9.226024713803039,0.6932367506568239,4.663072776280322
3.785714285714286,18.142857142857142,0.23333333333333334,55.19464285714286,-5.194642857142861,9.285984453741685,0.6989454214671512,4.792452830188679
3.785714285714286,18.632653061224488,0.23333333333333334,56.07857142857143,-6.078571428571432,10.104934883249323,0.7044233237820728,4.921832884097034
3.785714285714286,19.122448979591837,0.23333333333333334,58.4,-8.400000000000004,10.950139522195851,0.7096840173441894,5.05121293800539
3.785714285714286,19.612244897959183,0.23333333333333334,58.5462962962963,-8.5462962962963,10.160556521761436,0.7147336725411955,5.180592991913746
3.785714285714286,20.10204081632653,0.23333333333333334,59.228846153846156,-9.228846153846158,10.640368161646695,0.7196086699753743,5.309973045822101
3.785714285714286,20.591836734693878,0.2,59.815384615384616,-9.815384615384618,10.585591804247596,0.724341602443264,5.439353099730458
3.785714285714286,21.081632653061224,0.2,59.854000000000006,-9.854000000000005,10.28791686073198,0.7288970921319681,5.568733153638814
3.785714285714286,21.57142857142857,0.2,61.08958333333334,-11.089583333333337,10.378457822593987,0.7333032385333862,5.698113207547169
3.785714285714286,22.06122448979592,0.13333333333333333,61.84782608695652,-11.847826086956525,9.98829403785057,0.7375553470554209,5.827493261455525
3.785714285714286,22.551020408163264,0.1,62.25434782608696,-12.25434782608696,9.79976707797735,0.7416749611280563,5.956873315363881
3.785714285714286,23.04081632653061,0.1,62.23863636363637,-12.238636363636367,9.368385689802723,0.7456824138253454,6.086253369272236
3.785714285714286,23.53061224489796,0.06666666666666667,63.60227272727273,-13.60227272727273,9.818780319861373,0.7495832274209248,6.215633423180592
3.785714285714286,24.020408163265305,0.06666666666666667,64.36136363636363,-14.361363636363638,9.44139734182572,0.7533563032960578,6.345013477088949
3.785714285714286,24.51020408163265,0.03333333333333333,66.68095238095238,-16.680952380952384,8.034682261771094,0.7570078663175615,6.474393530997303
3.785714285714286,25.0,0.03333333333333333,67.26666666666668,-17.26666666666667,7.954893672031911,0.760548204343229,6.603773584905659
4.020408163265307,1.0,1.0,15.071666666666667,34.92833333333333,0.941997449785454,0.11295404419528059,0.24873096446700504
4.020408163265307,1.489795918367347,1.0,17.055,32.945,0.8332890792847159,0.15564745136770958,0.3705583756345177
4.020408163265307,1.9795918367346939,1.0,18.628333333333334,31.371666666666666,1.0422690212434018,0.19434972039169607,0.4923857868020304
4.020408163265307,2.4693877551020407,1.0,19.610000000000003,30.389999999999997,0.9341601428094612,0.2304736293268684,0.614213197969543
4.020408163265307,2.9591836734693877,1.0,20.988333333333337,29.011666666666663,1.1379566785685868,0.263754319534012,0.7360406091370557
4.020408163265307,3.4489795918367347,1.0,22.131666666666668,27.868333333333332,1.1886302848333399,0.29476355685317357,0.8578680203045684
4.020408163265307,3.9387755102040813,1.0,23.235000000000003,26.764999999999997,1.3894398524039377,0.32325499420042975,0.9796954314720809
4.020408163265307,4.428571428571429,1.0,24.143333333333334,25.856666666666666,1.9824981338136771,0.3493823920992317,1.1015228426395938
4.020408163265307,4.918367346938775,1.0,25.291666666666668,24.708333333333332,1.9611785396459487,0.37368330889702245,1.2233502538071064
4.020408163265307,5.408163265306122,1.0,26.468333333333337,23.531666666666663,2.4799709165888295,0.3963206173094962,1.3451776649746188
4.020408163265307,5.8979591836734695,1.0,27.618333333333336,22.381666666666664,3.3030937257243456,0.4173607907991939,1.4670050761421318
4.020408163265307,6.387755102040816,1.0,28.455000000000002,21.544999999999998,3.259372427429805,0.43705375018281334,1.5888324873096444
4.020408163265307,6.877551020408163,1.0,29.815,20.185,3.735965692451205,0.4554437580310161,1.7106598984771568
4.020408163265307,7.36734693877551,1.0,31.053333333333335,18.946666666666665,4.313549888859311,0.4725890899517285,1.8324873096446697
4.020408163265307,7.857142857142857,1.0,32.24,17.759999999999998,4.200829146399716,0.4886491811515808,1.9543147208121823
4.020408163265307,8.346938775510203,1.0,33.47666666666667,16.52333333333333,4.5880040986463175,0.5036601043604355,2.076142131979695
4.020408163265307,8.83673469387755,1.0,34.76166666666667,15.238333333333333,4.653783839306302,0.5179042527007706,2.1979695431472077
4.020408163265307,9.326530612244898,0.9666666666666667,37.14333333333333,12.856666666666664,5.889100588980157,0.5314312828525185,2.3197969543147203
4.020408163265307,9.816326530612244,0.9666666666666667,37.980000000000004,12.019999999999998,5.729560373097183,0.5442650690812706,2.441624365482233
4.020408163265307,10.306122448979592,0.9666666666666667,38.748333333333335,11.251666666666665,6.010930895450809,0.5564746702358023,2.5634517766497456
4.020408163265307,10.795918367346939,0.9666666666666667,39.755,10.245,6.360117516806291,0.5679516541428864,2.6852791878172586
4.020408163265307,11.285714285714285,0.9333333333333333,40.44166666666667,9.558333333333332,6.589321080266963,0.578747884955142,2.8071065989847708
4.020408163265307,11.775510204081632,0.8,42.98833333333334,7.011666666666665,8.732990199014996,0.5889239419326467,2.928934010152284
4.020408163265307,12.26530612244898,0.8,43.775,6.224999999999997,8.36110401471167,0.5985681488256023,3.0507614213197964
4.020408163265307,12.755102040816325,0.7666666666666667,44.705000000000005,5.294999999999998,8.47528201137955,0.607738823472337,3.1725888324873086
4.020408163265307,13.244897959183673,0.6333333333333333,45.68,4.319999999999998,8.734045553129311,0.6164160964172365,3.2944162436548217
4.020408163265307,13.73469387755102,0.6333333333333333,46.18833333333334,3.8116666666666643,8.687532518751675,0.6246380636364246,3.4162436548223343
4.020408163265307,14.224489795918368,0.6,47.138333333333335,2.8616666666666646,9.216848172227046,0.632439910624933,3.5380710659898473
4.020408163265307,14.714285714285714,0.6,48.181666666666665,1.818333333333331,8.828407160326588,0.6399407344221592,3.6598984771573595
4.020408163265307,15.204081632653061,0.6,48.89833333333333,1.1016666666666635,8.589141935921324,0.6472325890925666,3.7817258883248726
4.020408163265307,15.693877551020408,0.5666666666666667,49.69166666666667,0.30833333333333024,8.314694961262894,0.6541967385711882,3.903553299492385
4.020408163265307,16.183673469387756,0.5,51.14,-1.1400000000000028,9.362281257515583,0.660913457109817,4.025380710659898
4.020408163265307,16.6734693877551,0.43333333333333335,52.156666666666666,-2.156666666666669,9.632136703310659,0.6673618440024303,4.14720812182741
4.020408163265307,17.163265306122447,0.4,53.34166666666667,-3.3416666666666694,9.321065161617872,0.6735363008381781,4.2690355329949226
4.020408163265307,17.653061224489797,0.3,55.11206896551724,-5.112068965517245,9.224875678337796,0.6794495639176963,4.390862944162436
4.020408163265307,18.142857142857142,0.23333333333333334,55.232142857142854,-5.232142857142861,9.288216492334017,0.6851261277317615,4.512690355329949
4.020408163265307,18.632653061224488,0.23333333333333334,56.08214285714286,-6.082142857142862,10.102834350060478,0.6905703946305715,4.634517766497461
4.020408163265307,19.122448979591837,0.23333333333333334,58.401785714285715,-8.401785714285717,10.952806862836722,0.69584495081924,4.756345177664974
4.020408163265307,19.612244897959183,0.23333333333333334,58.5462962962963,-8.5462962962963,10.160556521761436,0.700942321876136,4.878172588832486
4.020408163265307,20.10204081632653,0.23333333333333334,59.22692307692308,-9.22692307692308,10.638009501492567,0.7058740281292566,4.999999999999999
4.020408163265307,20.591836734693878,0.2,59.81730769230769,-9.817307692307695,10.584072394949803,0.710661629615842,5.121827411167512
4.020408163265307,21.081632653061224,0.2,59.852000000000004,-9.852000000000004,10.28999797538043,0.7152954080909992,5.2436548223350234
4.020408163265307,21.57142857142857,0.2,61.09166666666667,-11.09166666666667,10.3749349570163,0.7197635534045635,5.3654822335025365
4.020408163265307,22.06122448979592,0.13333333333333333,61.84782608695652,-11.847826086956525,9.98829403785057,0.7240825334335238,5.48730964467005
4.020408163265307,22.551020408163264,0.1,62.230434782608704,-12.230434782608699,9.799938997148201,0.7282782299996391,5.609137055837563
4.020408163265307,23.04081632653061,0.1,62.23636363636364,-12.236363636363642,9.366927404668461,0.7323664394265885,5.730964467005075
4.020408163265307,23.53061224489796,0.06666666666666667,63.6,-13.600000000000001,9.819174633144605,0.736320116074768,5.852791878172588
4.020408163265307,24.020408163265305,0.06666666666666667,64.36136363636363,-14.361363636363638,9.44139734182572,0.7401402672837193,5.9746192893401
4.020408163265307,24.51020408163265,0.03333333333333333,66.68095238095238,-16.680952380952384,8.034682261771094,0.7438334850278782,6.096446700507612
4.020408163265307,25.0,0.03333333333333333,67.26428571428572,-17.264285714285716,7.951055635215096,0.7474059387833463,6.218274111675126
4.255102040816327,1.0,1.0,14.851666666666667,35.14833333333333,1.2131807248981383,0.10841375259779719,0.23501199040767382
4.255102040816327,1.489795918367347,1.0,17.173333333333336,32.82666666666667,0.9084596031606008,0.14927997644731594,0.3501199040767386
4.255102040816327,1.9795918367346939,1.0,18.728333333333335,31.271666666666665,1.0667937244728771,0.18647559099365874,0.4652278177458033
4.255102040816327,2.4693877551020407,1.0,19.793333333333337,30.206666666666663,0.9629993853019608,0.2212271935104014,0.5803357314148679
4.255102040816327,2.9591836734693877,1.0,21.078333333333333,28.921666666666667,1.145732963211108,0.2538182226562885,0.6954436450839327
4.255102040816327,3.4489795918367347,1.0,22.408333333333335,27.591666666666665,1.2507985954728207,0.28419054440269254,0.8105515587529974
4.255102040816327,3.9387755102040813,1.0,23.331666666666667,26.668333333333333,1.3773089286930047,0.312125392533081,0.9256594724220621
4.255102040816327,4.428571428571429,1.0,24.27,25.73,1.96150891952581,0.3377958937588988,1.040767386091127
4.255102040816327,4.918367346938775,1.0,25.560000000000002,24.439999999999998,2.0929849992048566,0.3618069171283944,1.155875299760192
4.255102040816327,5.408163265306122,1.0,26.53166666666667,23.46833333333333,2.4604976835133807,0.38397564130405554,1.2709832134292562
4.255102040816327,5.8979591836734695,1.0,27.791666666666668,22.208333333333332,3.3550035544801906,0.4047548124807522,1.3860911270983212
4.255102040816327,6.387755102040816,1.0,28.533333333333335,21.466666666666665,3.21527425047182,0.4242759651858126,1.5011990407673859
4.255102040816327,6.877551020408163,1.0,29.866666666666667,20.133333333333333,3.7067350940512696,0.4424310584425309,1.6163069544364506
4.255102040816327,7.36734693877551,1.0,31.41166666666667,18.58833333333333,4.327551735449099,0.4594161225621939,1.7314148681055153
4.255102040816327,7.857142857142857,1.0,32.361666666666665,17.638333333333332,4.17213009627335,0.4752614340499182,1.84652278177458
4.255102040816327,8.346938775510203,1.0,33.58166666666667,16.418333333333333,4.543970679948308,0.4904173353533604,1.9616306954436447
4.255102040816327,8.83673469387755,1.0,35.263333333333335,14.736666666666666,4.574610089533791,0.5046901116587006,2.0767386091127094
4.255102040816327,9.326530612244898,0.9666666666666667,37.155,12.844999999999999,5.8880262778180485,0.5183261810693637,2.1918465227817743
4.255102040816327,9.816326530612244,0.9666666666666667,38.026666666666664,11.973333333333331,5.695668852572183,0.5311339487691784,2.3069544364508388
4.255102040816327,10.306122448979592,0.9666666666666667,38.75666666666667,11.243333333333332,6.008969349537255,0.543153249749542,2.4220623501199037
4.255102040816327,10.795918367346939,0.9666666666666667,39.8,10.199999999999998,6.343323941017806,0.5544544209090684,2.5371702637889686
4.255102040816327,11.285714285714285,0.9333333333333333,40.505,9.494999999999997,6.550484978097108,0.5651027687548852,2.6522781774580335
4.255102040816327,11.775510204081632,0.8,43.015,6.984999999999998,8.728758947216992,0.5752110782748263,2.767386091127098
4.255102040816327,12.26530612244898,0.8,43.82000000000001,6.179999999999997,8.312802755699934,0.5847688800532674,2.8824940047961625
4.255102040816327,12.755102040816325,0.7666666666666667,44.708333333333336,5.291666666666665,8.472329030166517,0.5938031501737894,2.997601918465227
4.255102040816327,13.244897959183673,0.6333333333333333,45.690000000000005,4.309999999999998,8.731141253364699,0.6023998045049878,3.112709832134292
4.255102040816327,13.73469387755102,0.6333333333333333,46.19166666666667,3.8083333333333305,8.686861694073068,0.6107223693657691,3.227817745803357
4.255102040816327,14.224489795918368,0.6,47.14833333333333,2.8516666666666644,9.207713064874333,0.6186421622521435,3.3429256594724217
4.255102040816327,14.714285714285714,0.6,48.3,1.6999999999999977,8.818319489601727,0.6262190186998758,3.458033573141486
4.255102040816327,15.204081632653061,0.6,48.916666666666664,1.08333333333333,8.588267190378591,0.6335232178805531,3.573141486810551
4.255102040816327,15.693877551020408,0.5666666666666667,49.69166666666667,0.30833333333333024,8.314694961262894,0.6405190214814451,3.688249400479616
4.255102040816327,16.183673469387756,0.5,51.141666666666666,-1.1416666666666693,9.363070187354857,0.6472115590730654,3.80335731414868
4.255102040816327,16.6734693877551,0.43333333333333335,52.181666666666665,-2.1816666666666693,9.601755257398954,0.6536207572961538,3.918465227817745
4.255102040816327,17.163265306122447,0.4,53.31666666666667,-3.3166666666666695,9.337155416097978,0.6597703004998383,4.0335731414868095
4.255102040816327,17.653061224489797,0.3,55.11379310344828,-5.1137931034482795,9.225516793032366,0.6656587854408164,4.148681055155875
4.255102040816327,18.142857142857142,0.23333333333333334,55.23392857142858,-5.233928571428575,9.289749962462897,0.6713402755970418,4.263788968824939
4.255102040816327,18.632653061224488,0.23333333333333334,56.08214285714286,-6.082142857142862,10.102834350060478,0.6768907298841069,4.378896882494003
4.255102040816327,19.122448979591837,0.23333333333333334,58.40714285714286,-8.40714285714286,10.95101647815224,0.6822480500136917,4.494004796163069
4.255102040816327,19.612244897959183,0.23333333333333334,58.5462962962963,-8.5462962962963,10.160556521761436,0.687430500235671,4.609112709832133
4.255102040816327,20.10204081632653,0.23333333333333334,59.23461538461539,-9.234615384615388,10.637478735403134,0.6924524848372243,4.724220623501198
4.255102040816327,20.591836734693878,0.2,59.79615384615385,-9.79615384615385,10.62225892244134,0.6973124136216364,4.839328537170263
4.255102040816327,21.081632653061224,0.2,59.794000000000004,-9.794000000000004,10.296371933841554,0.7019918374434015,4.954436450839328
4.255102040816327,21.57142857142857,0.2,61.09166666666667,-11.09166666666667,10.3749349570163,0.7064997825950381,5.069544364508392
4.255102040816327,22.06122448979592,0.13333333333333333,61.84782608695652,-11.847826086956525,9.98829403785057,0.7108453957347246,5.184652278177458
4.255102040816327,22.551020408163264,0.1,62.230434782608704,-12.230434782608699,9.799938997148201,0.7150371932154603,5.299760191846522
4.255102040816327,23.04081632653061,0.1,62.23181818181819,-12.231818181818186,9.365152548201353,0.7191342269685717,5.414868105515586
4.255102040816327,23.53061224489796,0.06666666666666667,63.6,-13.600000000000001,9.819174633144605,0.7231281287398553,5.529976019184651
4.255102040816327,24.020408163265305,0.06666666666666667,64.36136363636363,-14.361363636363638,9.44139734182572,0.726989021569688,5.645083932853717
4.255102040816327,24.51020408163265,0.03333333333333333,66.67380952380952,-16.673809523809524,8.037344384926204,0.7307238279953369,5.760191846522781
4.255102040816327,25.0,0.03333333333333333,67.26428571428572,-17.264285714285716,7.951055635215096,0.7343445568879565,5.8752997601918455
4.4897959183673475,1.0,1.0,14.7,35.3,1.5095671907696853,0.10433099579043818,0.2227272727272727
4.4897959183673475,1.489795918367347,1.0,17.2,32.8,1.0441957802951543,0.14347318265707223,0.3318181818181818
4.4897959183673475,1.9795918367346939,1.0,18.780000000000005,31.220000000000002,1.0628199315484033,0.17933996715939524,0.44090909090909086
4.4897959183673475,2.4693877551020407,1.0,20.155000000000005,29.844999999999995,1.060607340647086,0.21291526048045692,0.5499999999999999
4.4897959183673475,2.9591836734693877,1.0,21.235000000000003,28.764999999999997,1.1329812671549957,0.24479896338190704,0.659090909090909
4.4897959183673475,3.4489795918367347,1.0,22.506666666666668,27.493333333333332,1.2276086463143487,0.2745424461957685,0.7681818181818181
4.4897959183673475,3.9387755102040813,1.0,23.45,26.55,1.4011079359834708,0.3017636842427792,0.8772727272727271
4.4897959183673475,4.428571428571429,1.0,24.51,25.49,1.861330632675971,0.32714134738621187,0.9863636363636363
4.4897959183673475,4.918367346938775,1.0,25.785000000000004,24.214999999999996,2.2535852661313123,0.35073240307731274,1.0954545454545452
4.4897959183673475,5.408163265306122,1.0,26.85,23.15,2.5036869364723033,0.37257861473173753,1.2045454545454544
4.4897959183673475,5.8979591836734695,1.0,27.910000000000004,22.089999999999996,3.3231787856477584,0.3930432420385166,1.3136363636363635
4.4897959183673475,6.387755102040816,1.0,28.6,21.4,3.1880974761197907,0.4122784444714983,1.4227272727272724
4.4897959183673475,6.877551020408163,1.0,29.928333333333335,20.071666666666665,3.7129476006344975,0.4301079087009967,1.5318181818181815
4.4897959183673475,7.36734693877551,1.0,31.545,18.455,4.254173407291991,0.44680673420951983,1.6409090909090907
4.4897959183673475,7.857142857142857,1.0,32.42333333333333,17.576666666666664,4.159694396378702,0.46277495079630493,1.7499999999999998
4.4897959183673475,8.346938775510203,1.0,33.67666666666667,16.32333333333333,4.50166125147023,0.4778762552207058,1.8590909090909087
4.4897959183673475,8.83673469387755,1.0,35.41833333333333,14.581666666666665,4.445425454471637,0.4922029545379149,1.9681818181818178
4.4897959183673475,9.326530612244898,0.9666666666666667,37.165,12.834999999999999,5.88677872805692,0.5056317762320952,2.077272727272727
4.4897959183673475,9.816326530612244,0.9666666666666667,38.04666666666667,11.95333333333333,5.6760071768157925,0.518221446955242,2.186363636363636
4.4897959183673475,10.306122448979592,0.9666666666666667,38.785000000000004,11.214999999999998,6.003564314868179,0.5300514475719014,2.295454545454545
4.4897959183673475,10.795918367346939,0.9666666666666667,39.815000000000005,10.184999999999999,6.3491399091693435,0.5411948150391755,2.4045454545454543
4.4897959183673475,11.285714285714285,0.9333333333333333,40.53333333333333,9.466666666666665,6.550432117008789,0.5517416989055793,2.5136363636363632
4.4897959183673475,11.775510204081632,0.8,43.083333333333336,6.916666666666665,8.711321738793812,0.5617082148976994,2.622727272727272
4.4897959183673475,12.26530612244898,0.8,43.83500000000001,6.164999999999997,8.300406616545963,0.5712492743356655,2.7318181818181815
4.4897959183673475,12.755102040816325,0.7666666666666667,44.725,5.274999999999998,8.46933362602782,0.5803629161321601,2.8409090909090904
4.4897959183673475,13.244897959183673,0.6333333333333333,45.826666666666675,4.173333333333331,8.650679994533153,0.5890222732813527,2.949999999999999
4.4897959183673475,13.73469387755102,0.6333333333333333,46.29833333333333,3.701666666666664,8.745180774667222,0.5972644151536977,3.059090909090908
4.4897959183673475,14.224489795918368,0.6,47.23833333333334,2.7616666666666645,9.224290303822587,0.6051468678878309,3.1681818181818175
4.4897959183673475,14.714285714285714,0.6,48.311666666666675,1.688333333333331,8.803552215395522,0.6127544933767981,3.277272727272727
4.4897959183673475,15.204081632653061,0.6,48.93500000000001,1.0649999999999968,8.589921419896694,0.6200434442615737,3.386363636363636
4.4897959183673475,15.693877551020408,0.5666666666666667,49.69500000000001,0.3049999999999971,8.313453471373354,0.627003060854158,3.495454545454545
4.4897959183673475,16.183673469387756,0.5,51.145,-1.1450000000000025,9.360033801147338,0.6336567104326608,3.6045454545454545
4.4897959183673475,16.6734693877551,0.43333333333333335,52.18333333333333,-2.1833333333333362,9.600245447053847,0.6400537931188642,3.713636363636363
4.4897959183673475,17.163265306122447,0.4,53.31833333333334,-3.318333333333336,9.334626706361988,0.646216229227785,3.822727272727272
4.4897959183673475,17.653061224489797,0.3,55.11379310344828,-5.1137931034482795,9.225516793032366,0.652209991473798,3.9318181818181817
4.4897959183673475,18.142857142857142,0.23333333333333334,55.26964285714286,-5.269642857142861,9.361627146532157,0.6580550722646484,4.04090909090909
4.4897959183673475,18.632653061224488,0.23333333333333334,56.46964285714286,-6.46964285714286,10.176382782422817,0.6636765077486181,4.1499999999999995
4.4897959183673475,19.122448979591837,0.23333333333333334,58.40714285714286,-8.40714285714286,10.95101647815224,0.6690737490036833,4.259090909090909
4.4897959183673475,19.612244897959183,0.23333333333333334,58.5462962962963,-8.5462962962963,10.160556521761436,0.6742590789309962,4.368181818181816
4.4897959183673475,20.10204081632653,0.23333333333333334,59.228846153846156,-9.228846153846158,10.643882497255623,0.6792445521102138,4.4772727272727275
4.4897959183673475,20.591836734693878,0.2,59.80192307692308,-9.80192307692308,10.618234135384574,0.6840595508539634,4.586363636363635
4.4897959183673475,21.081632653061224,0.2,59.794000000000004,-9.794000000000004,10.296371933841554,0.688765307461744,4.695454545454544
4.4897959183673475,21.57142857142857,0.2,61.083333333333336,-11.083333333333337,10.374589218338977,0.6933125511715507,4.804545454545454
4.4897959183673475,22.06122448979592,0.13333333333333333,61.845652173913045,-11.845652173913045,9.986694705769526,0.6976974078075574,4.913636363636363
4.4897959183673475,22.551020408163264,0.1,62.230434782608704,-12.230434782608699,9.799938997148201,0.7019772965452372,5.022727272727272
4.4897959183673475,23.04081632653061,0.1,62.23181818181819,-12.231818181818186,9.365152548201353,0.7061252522024987,5.131818181818181
4.4897959183673475,23.53061224489796,0.06666666666666667,63.59318181818182,-13.59318181818182,9.820038980799191,0.7101365187995061,5.24090909090909
4.4897959183673475,24.020408163265305,0.06666666666666667,64.36136363636363,-14.361363636363638,9.44139734182572,0.7140264488888738,5.349999999999999
4.4897959183673475,24.51020408163265,0.03333333333333333,66.66904761904762,-16.66904761904762,8.03953475318187,0.7177914944023568,5.459090909090908
4.4897959183673475,25.0,0.03333333333333333,67.25952380952381,-17.259523809523813,7.96256270065767,0.7214592269388976,5.5681818181818175
4.724489795918368,1.0,1.0,14.5,35.5,1.606076822141672,0.10064392972080691,0.2116630669546436
4.724489795918368,1.489795918367347,1.0,17.278333333333332,32.721666666666664,1.1104273279124177,0.13816595050703792,0.3153347732181425
4.724489795918368,1.9795918367346939,1.0,18.868333333333336,31.131666666666664,1.0563015613477749,0.17288100709796309,0.41900647948164144
4.724489795918368,2.4693877551020407,1.0,20.41166666666667,29.58833333333333,1.1878467430849282,0.20563930807861014,0.5226781857451404
4.724489795918368,2.9591836734693877,1.0,21.365000000000002,28.634999999999998,1.1702600654083926,0.23658368902055024,0.6263498920086392
4.724489795918368,3.4489795918367347,1.0,22.67166666666667,27.32833333333333,1.3020331139740875,0.2655300667292913,0.7300215982721382
4.724489795918368,3.9387755102040813,1.0,23.65,26.35,1.404917472112962,0.29228911838174504,0.8336933045356371
4.724489795918368,4.428571428571429,1.0,24.655000000000005,25.344999999999995,1.816322070027496,0.31731725746983575,0.937365010799136
4.724489795918368,4.918367346938775,1.0,25.951666666666668,24.048333333333332,2.200332393907375,0.3405067449931692,1.041036717062635
4.724489795918368,5.408163265306122,1.0,27.02166666666667,22.97833333333333,2.4477182665992587,0.36192928567718885,1.1447084233261338
4.724489795918368,5.8979591836734695,1.0,28.048333333333336,21.951666666666664,3.293030344617966,0.3820592878734634,1.2483801295896326
4.724489795918368,6.387755102040816,1.0,28.69,21.31,3.159915974439391,0.4008007153530974,1.3520518358531315
4.724489795918368,6.877551020408163,1.0,30.05,19.95,3.771192987865263,0.41834746255730976,1.4557235421166304
4.724489795918368,7.36734693877551,1.0,31.565,18.435,4.2375202166133565,0.4350477516645014,1.5593952483801294
4.724489795918368,7.857142857142857,1.0,32.468333333333334,17.531666666666663,4.117299151003067,0.4509298036400349,1.6630669546436283
4.724489795918368,8.346938775510203,1.0,33.79833333333333,16.201666666666664,4.391085863140376,0.46596089570322446,1.7667386609071272
4.724489795918368,8.83673469387755,1.0,35.52,14.479999999999999,4.502788408117337,0.4800189271971522,1.8704103671706258
4.724489795918368,9.326530612244898,0.9666666666666667,37.401666666666664,12.598333333333331,5.665069670164357,0.4932101533943128,1.9740820734341251
4.724489795918368,9.816326530612244,0.9666666666666667,38.075,11.924999999999999,5.668937594318345,0.5055880767012251,2.0777537796976238
4.724489795918368,10.306122448979592,0.9666666666666667,38.79833333333333,11.201666666666663,5.995637542432822,0.5172334764494926,2.181425485961123
4.724489795918368,10.795918367346939,0.9666666666666667,39.891666666666666,10.10833333333333,6.307987319501246,0.5282375204908336,2.285097192224622
4.724489795918368,11.285714285714285,0.9,40.906666666666666,9.09333333333333,6.789389964639978,0.5387938161998621,2.3887688984881206
4.724489795918368,11.775510204081632,0.8,43.105000000000004,6.894999999999998,8.697020397417926,0.5487895005674895,2.4924406047516197
4.724489795918368,12.26530612244898,0.8,43.84666666666667,6.1533333333333315,8.294783709151746,0.5582867531885544,2.5961123110151187
4.724489795918368,12.755102040816325,0.7666666666666667,44.72666666666667,5.273333333333332,8.4693843497841,0.567286372934111,2.6997840172786174
4.724489795918368,13.244897959183673,0.6333333333333333,45.903333333333336,4.096666666666664,8.599337718417756,0.5758698600024151,2.803455723542116
4.724489795918368,13.73469387755102,0.6333333333333333,46.306666666666665,3.6933333333333307,8.737165299527323,0.5840981835013207,2.907127429805615
4.724489795918368,14.224489795918368,0.6,47.24,2.759999999999998,9.22435307515776,0.5920132587659884,3.010799136069114
4.724489795918368,14.714285714285714,0.6,48.315000000000005,1.6849999999999976,8.801480576859076,0.59956597468943,3.114470842332613
4.724489795918368,15.204081632653061,0.6,48.94833333333334,1.0516666666666634,8.571398744474653,0.6067909840537081,3.218142548596112
4.724489795918368,15.693877551020408,0.5666666666666667,49.69666666666667,0.3033333333333305,8.31100157179848,0.6137349566557931,3.321814254859611
4.724489795918368,16.183673469387756,0.5,51.18333333333333,-1.1833333333333356,9.347803848049509,0.6204818242654384,3.42548596112311
4.724489795918368,16.6734693877551,0.43333333333333335,52.18833333333334,-2.1883333333333357,9.599503249839449,0.6269875284230978,3.5291576673866087
4.724489795918368,17.163265306122447,0.36666666666666664,53.89666666666667,-3.8966666666666696,9.338951921308182,0.6332162133090742,3.632829373650107
4.724489795918368,17.653061224489797,0.3,55.11379310344828,-5.1137931034482795,9.225516793032366,0.6392349139930867,3.7365010799136065
4.724489795918368,18.142857142857142,0.23333333333333334,55.27321428571429,-5.273214285714289,9.360688900562913,0.6450104708878815,3.8401727861771056
4.724489795918368,18.632653061224488,0.23333333333333334,56.46964285714286,-6.46964285714286,10.176382782422817,0.6505604246635927,3.943844492440604
4.724489795918368,19.122448979591837,0.23333333333333334,58.40714285714286,-8.40714285714286,10.95101647815224,0.6559673682779442,4.047516198704104
4.724489795918368,19.612244897959183,0.23333333333333334,58.56666666666667,-8.56666666666667,10.131481780910581,0.6611812446496133,4.151187904967602
4.724489795918368,20.10204081632653,0.23333333333333334,59.228846153846156,-9.228846153846158,10.643882497255623,0.6662522221411457,4.254859611231101
4.724489795918368,20.591836734693878,0.2,59.80192307692308,-9.80192307692308,10.618234135384574,0.6711520097292802,4.3585313174946
4.724489795918368,21.081632653061224,0.2,59.78,-9.780000000000005,10.311916650167419,0.6758718358137451,4.462203023758098
4.724489795918368,21.57142857142857,0.2,61.083333333333336,-11.083333333333337,10.374589218338977,0.6804262315149122,4.565874730021599
4.724489795918368,22.06122448979592,0.13333333333333333,61.84347826086957,-11.843478260869569,9.987154298805155,0.6848403877912144,4.6695464362850965
4.724489795918368,22.551020408163264,0.1,62.230434782608704,-12.230434782608699,9.799938997148201,0.6891257066680114,4.773218142548595
4.724489795918368,23.04081632653061,0.1,62.20909090909092,-12.209090909090913,9.367619461330312,0.693276789211816,4.876889848812094
4.724489795918368,23.53061224489796,0.06666666666666667,63.59318181818182,-13.59318181818182,9.820038980799191,0.6973043768016828,4.980561555075593
4.724489795918368,24.020408163265305,0.06666666666666667,64.35909090909091,-14.359090909090913,9.442679658560866,0.7011988738542052,5.084233261339092
4.724489795918368,24.51020408163265,0.03333333333333333,66.66904761904762,-16.66904761904762,8.03953475318187,0.7049845433540419,5.187904967602591
4.724489795918368,25.0,0.03333333333333333,67.25952380952381,-17.259523809523813,7.96256270065767,0.7086914278067329,5.29157667386609
4.959183673469388,1.0,1.0,14.313333333333334,35.68666666666666,1.6405914268595534,0.09725913039054815,0.2016460905349794
4.959183673469388,1.489795918367347,1.0,17.358333333333334,32.641666666666666,1.1729775943220773,0.133383465794277,0.3004115226337449
4.959183673469388,1.9795918367346939,1.0,18.958333333333332,31.041666666666668,1.0532448493316626,0.1671612146303783,0.39917695473251025
4.959183673469388,2.4693877551020407,1.0,20.713333333333335,29.286666666666665,1.2785992694953419,0.1989541041630485,0.4979423868312757
4.959183673469388,2.9591836734693877,1.0,21.738333333333337,28.261666666666663,1.2576444411000611,0.22909868610765682,0.5967078189300411
4.959183673469388,3.4489795918367347,1.0,22.765,27.235,1.280836876205661,0.2573031769120668,0.6954732510288065
4.959183673469388,3.9387755102040813,1.0,23.75,26.25,1.4044878806513614,0.2835575520377106,0.7942386831275718
4.959183673469388,4.428571428571429,1.0,24.861666666666668,25.138333333333332,1.8206044531178767,0.308150407339934,0.8930041152263374
4.959183673469388,4.918367346938775,1.0,26.005000000000003,23.994999999999997,2.2075634094848895,0.33088828936635123,0.9917695473251028
4.959183673469388,5.408163265306122,1.0,27.1,22.9,2.4234130961275997,0.3518893338691091,1.0905349794238681
4.959183673469388,5.8979591836734695,1.0,28.268333333333334,21.731666666666666,3.2161361303892906,0.3715373577756423,1.1893004115226338
4.959183673469388,6.387755102040816,1.0,29.083333333333332,20.916666666666668,3.3887321740034926,0.3898912787548692,1.288065843621399
4.959183673469388,6.877551020408163,1.0,30.185000000000002,19.814999999999998,3.7533927181353843,0.4073569718508313,1.3868312757201644
4.959183673469388,7.36734693877551,1.0,31.638333333333335,18.361666666666665,4.180902462662679,0.4239242430721685,1.48559670781893
4.959183673469388,7.857142857142857,1.0,32.60166666666667,17.39833333333333,4.084547907565217,0.4396190738840599,1.5843621399176953
4.959183673469388,8.346938775510203,1.0,33.95166666666667,16.048333333333332,4.298044529970484,0.4543506231230394,1.6831275720164607
4.959183673469388,8.83673469387755,1.0,35.928333333333335,14.071666666666665,4.281026370113737,0.4681427996564283,1.781893004115226
4.959183673469388,9.326530612244898,0.9666666666666667,37.425,12.574999999999998,5.655783582407878,0.48109219724739133,1.8806584362139918
4.959183673469388,9.816326530612244,0.9666666666666667,38.083333333333336,11.916666666666664,5.660287145959351,0.4932638355458025,1.979423868312757
4.959183673469388,10.306122448979592,0.9666666666666667,38.99,11.009999999999998,6.079181546545725,0.504904599449872,2.0781893004115224
4.959183673469388,10.795918367346939,0.9666666666666667,39.89833333333333,10.101666666666665,6.299007630288822,0.5159116102827666,2.176954732510288
4.959183673469388,11.285714285714285,0.9,41.120000000000005,8.879999999999997,6.792104950247193,0.52632796990375,2.2757201646090532
4.959183673469388,11.775510204081632,0.8,43.11166666666667,6.888333333333331,8.692601722881575,0.53620235708043,2.3744855967078187
4.959183673469388,12.26530612244898,0.8,43.87166666666667,6.128333333333331,8.279780974669906,0.5455801810704752,2.473251028806584
4.959183673469388,12.755102040816325,0.7666666666666667,44.74333333333333,5.256666666666664,8.45329698313371,0.5545598439366757,2.5720164609053495
4.959183673469388,13.244897959183673,0.6333333333333333,45.92166666666667,4.0783333333333305,8.590197735002189,0.563100892289618,2.6707818930041145
4.959183673469388,13.73469387755102,0.6,46.585,3.414999999999998,8.927158774946454,0.571262987003287,2.7695473251028804
4.959183673469388,14.224489795918368,0.6,47.5,2.499999999999998,8.951613223902427,0.5791308110046043,2.868312757201646
4.959183673469388,14.714285714285714,0.6,48.31833333333334,1.6816666666666642,8.799485519182292,0.5866986283877303,2.9670781893004112
4.959183673469388,15.204081632653061,0.6,48.95,1.049999999999997,8.56984488653735,0.5940235875634418,3.0658436213991767
4.959183673469388,15.693877551020408,0.5666666666666667,49.701666666666675,0.29833333333333034,8.306483584539842,0.601038096016969,3.164609053497942
4.959183673469388,16.183673469387756,0.5,51.193333333333335,-1.1933333333333356,9.35427924694816,0.6077399115146167,3.263374485596708
4.959183673469388,16.6734693877551,0.4,52.608333333333334,-2.6083333333333356,9.430627683550396,0.6141478430571307,3.362139917695473
4.959183673469388,17.163265306122447,0.36666666666666664,53.782758620689656,-3.7827586206896577,9.477739670463825,0.6203456059245674,3.460905349794238
4.959183673469388,17.653061224489797,0.3,55.10344827586207,-5.103448275862073,9.221093162597398,0.6263769677961162,3.559670781893004
4.959183673469388,18.142857142857142,0.23333333333333334,55.27857142857143,-5.278571428571432,9.351454913258632,0.632226120839464,3.658436213991769
4.959183673469388,18.632653061224488,0.23333333333333334,56.47678571428572,-6.476785714285718,10.16598797500452,0.637870398615561,3.757201646090534
4.959183673469388,19.122448979591837,0.23333333333333334,58.40714285714286,-8.40714285714286,10.95101647815224,0.6432925974037701,3.8559670781893
4.959183673469388,19.612244897959183,0.23333333333333334,58.56481481481482,-8.564814814814818,10.131707795283223,0.6485120282304929,3.9547325102880655
4.959183673469388,20.10204081632653,0.23333333333333334,59.228846153846156,-9.228846153846158,10.643882497255623,0.6535533187941908,4.053497942386831
4.959183673469388,20.591836734693878,0.2,59.80192307692308,-9.80192307692308,10.618234135384574,0.6584444556940005,4.152263374485597
4.959183673469388,21.081632653061224,0.2,59.78,-9.780000000000005,10.311916650167419,0.6631753120140107,4.251028806584362
4.959183673469388,21.57142857142857,0.2,61.054166666666674,-11.054166666666669,10.358014295458737,0.6677364041348538,4.349794238683127
4.959183673469388,22.06122448979592,0.13333333333333333,61.84347826086957,-11.843478260869569,9.987154298805155,0.6721372184287532,4.448559670781893
4.959183673469388,22.551020408163264,0.1,62.22826086956522,-12.22826086956522,9.800473389389234,0.6763947131063769,4.547325102880658
4.959183673469388,23.04081632653061,0.1,62.20909090909092,-12.209090909090913,9.367619461330312,0.6805351206662146,4.6460905349794235
4.959183673469388,23.53061224489796,0.06666666666666667,63.58636363636364,-13.586363636363638,9.816775993629015,0.6845860713950259,4.744855967078189
4.959183673469388,24.020408163265305,0.06666666666666667,64.35000000000001,-14.350000000000001,9.438497660922428,0.6885649130189643,4.843621399176954
4.959183673469388,24.51020408163265,0.03333333333333333,66.40714285714286,-16.407142857142862,8.226789861700093,0.6924987770846853,4.94238683127572
4.959183673469388,25.0,0.03333333333333333,67.25238095238096,-17.252380952380957,7.963565096589532,0.6963275634054178,5.041152263374485
5.1938775510204085,1.0,1.0,13.505,36.495,1.932273540284283,0.09420586254801781,0.19253438113948917
5.1938775510204085,1.489795918367347,1.0,17.14,32.86,1.344939429478339,0.1291198594058644,0.2868369351669941
5.1938775510204085,1.9795918367346939,1.0,19.015,30.985,1.0833496904158604,0.1619783744299543,0.38113948919449897
5.1938775510204085,2.4693877551020407,1.0,20.778333333333332,29.221666666666668,1.256478613326596,0.19301662680004614,0.4754420432220039
5.1938775510204085,2.9591836734693877,1.0,22.003333333333334,27.996666666666666,1.1906194659267413,0.222352083506789,0.5697445972495088
5.1938775510204085,3.4489795918367347,1.0,23.123333333333335,26.876666666666665,1.33802049706823,0.24974307022189882,0.6640471512770137
5.1938775510204085,3.9387755102040813,1.0,23.90666666666667,26.09333333333333,1.4695608852314688,0.2754624334503174,0.7583497053045185
5.1938775510204085,4.428571428571429,1.0,25.256666666666668,24.743333333333332,1.9339406497567628,0.29951376194988655,0.8526522593320236
5.1938775510204085,4.918367346938775,1.0,26.255,23.745,2.159954900550887,0.3217855007092723,0.9469548133595284
5.1938775510204085,5.408163265306122,1.0,27.466666666666665,22.533333333333335,3.146106880852449,0.34228926768787027,1.0412573673870333
5.1938775510204085,5.8979591836734695,1.0,28.368333333333336,21.631666666666664,3.193567979045007,0.3615708019516799,1.135559921414538
5.1938775510204085,6.387755102040816,1.0,29.273333333333333,20.726666666666667,3.364795770134146,0.3797143514423961,1.229862475442043
5.1938775510204085,6.877551020408163,1.0,30.316666666666666,19.683333333333334,3.700124260106663,0.3969296377539769,1.324165029469548
5.1938775510204085,7.36734693877551,1.0,31.82,18.18,4.098267085421383,0.4133229848043292,1.4184675834970528
5.1938775510204085,7.857142857142857,1.0,32.68333333333333,17.316666666666666,4.0705488347509045,0.4286662583616046,1.5127701375245577
5.1938775510204085,8.346938775510203,1.0,33.995,16.005,4.282730960819116,0.4430903553036016,1.6070726915520626
5.1938775510204085,8.83673469387755,1.0,35.99666666666667,14.003333333333332,4.313449962004039,0.4566121620718656,1.7013752455795677
5.1938775510204085,9.326530612244898,0.9666666666666667,37.498333333333335,12.501666666666665,5.67151812269801,0.4694404526464885,1.7956777996070727
5.1938775510204085,9.816326530612244,0.9666666666666667,38.11166666666667,11.88833333333333,5.63908288173941,0.48162413201893883,1.8899803536345774
5.1938775510204085,10.306122448979592,0.9666666666666667,39.05,10.949999999999998,6.0445757958457405,0.4930812132872687,1.9842829076620823
5.1938775510204085,10.795918367346939,0.9666666666666667,39.90166666666667,10.098333333333331,6.2962014182243715,0.5039104686627508,2.0785854616895874
5.1938775510204085,11.285714285714285,0.9,41.12166666666667,8.87833333333333,6.791154024796209,0.5141940567688058,2.172888015717092
5.1938775510204085,11.775510204081632,0.8,43.28333333333333,6.716666666666664,8.498289212555072,0.524002432686504,2.267190569744597
5.1938775510204085,12.26530612244898,0.7666666666666667,44.19166666666667,5.808333333333332,8.303001984464593,0.5333254186483918,2.361493123772102
5.1938775510204085,12.755102040816325,0.7666666666666667,44.745000000000005,5.254999999999998,8.450855394369952,0.5421714453272487,2.455795677799607
5.1938775510204085,13.244897959183673,0.6333333333333333,45.99,4.009999999999997,8.661701274317721,0.5506611023289792,2.5500982318271115
5.1938775510204085,13.73469387755102,0.6,46.60333333333334,3.396666666666664,8.916856695794396,0.558880189715954,2.6444007858546166
5.1938775510204085,14.224489795918368,0.6,47.50333333333334,2.496666666666664,8.95179555609716,0.5667893965272583,2.7387033398821217
5.1938775510204085,14.714285714285714,0.6,48.458333333333336,1.541666666666664,8.656929488041332,0.574361399309146,2.8330058939096263
5.1938775510204085,15.204081632653061,0.6,48.955000000000005,1.044999999999997,8.565330579203263,0.5815904261936412,2.9273084479371314
5.1938775510204085,15.693877551020408,0.5666666666666667,49.70333333333334,0.2966666666666638,8.307494885004012,0.5884934698677088,3.0216110019646365
5.1938775510204085,16.183673469387756,0.5,51.2,-1.2000000000000022,9.35375639092069,0.5951676179354618,3.1159135559921416
5.1938775510204085,16.6734693877551,0.4,52.623333333333335,-2.6233333333333357,9.422402992916377,0.601712798992074,3.2102161100196462
5.1938775510204085,17.163265306122447,0.36666666666666664,53.96896551724139,-3.968965517241382,9.282504797747054,0.6079929972148714,3.304518664047151
5.1938775510204085,17.653061224489797,0.3,55.10344827586207,-5.103448275862073,9.221093162597398,0.6140359774376819,3.398821218074656
5.1938775510204085,18.142857142857142,0.23333333333333334,55.28035714285715,-5.280357142857146,9.349483440728994,0.619847937667465,3.4931237721021606
5.1938775510204085,18.632653061224488,0.23333333333333334,56.56964285714286,-6.569642857142861,10.137310433773242,0.6254397633118995,3.5874263261296653
5.1938775510204085,19.122448979591837,0.23333333333333334,58.40714285714286,-8.40714285714286,10.95101647815224,0.6308516057296336,3.681728880157171
5.1938775510204085,19.612244897959183,0.23333333333333334,58.56481481481482,-8.564814814814818,10.131707795283223,0.6360686703421787,3.7760314341846755
5.1938775510204085,20.10204081632653,0.23333333333333334,59.228846153846156,-9.228846153846158,10.643882497255623,0.6410890000257731,3.87033398821218
5.1938775510204085,20.591836734693878,0.2,59.80192307692308,-9.80192307692308,10.618234135384574,0.6459261715823383,3.9646365422396856
5.1938775510204085,21.081632653061224,0.2,59.78,-9.780000000000005,10.311916650167419,0.6505935692973369,4.05893909626719
5.1938775510204085,21.57142857142857,0.2,61.052083333333336,-11.052083333333337,10.35794674095237,0.6551334684467426,4.153241650294695
5.1938775510204085,22.06122448979592,0.13333333333333333,61.80217391304348,-11.80217391304348,9.971134227687504,0.6596046448492625,4.2475442043222005
5.1938775510204085,22.551020408163264,0.1,62.22608695652174,-12.226086956521744,9.803870635960081,0.6639819600701973,4.341846758349705
5.1938775510204085,23.04081632653061,0.1,62.16363636363637,-12.163636363636368,9.378409625281204,0.6682808769423754,4.43614931237721
5.1938775510204085,23.53061224489796,0.06666666666666667,63.565909090909095,-13.565909090909093,9.815068424714022,0.6724577880453594,4.530451866404715
5.1938775510204085,24.020408163265305,0.06666666666666667,64.34772727272728,-14.347727272727276,9.438818999883097,0.6765335362723008,4.62475442043222
5.1938775510204085,24.51020408163265,0.03333333333333333,66.4,-16.400000000000002,8.22134417233581,0.6804955651887169,4.719056974459725
5.1938775510204085,25.0,0.03333333333333333,67.24761904761905,-17.24761904761905,7.965228750489157,0.6843450834803942,4.813359528487229
5.428571428571429,1.0,1.0,12.898333333333335,37.10166666666667,1.9941502093551682,0.09163377546075022,0.18421052631578946
5.428571428571429,1.489795918367347,1.0,17.146666666666665,32.85333333333333,1.5809716203549702,0.1252912258140278,0.2744360902255639
5.428571428571429,1.9795918367346939,1.0,19.15666666666667,30.84333333333333,1.2297836460499687,0.1573701148994144,0.3646616541353383
5.428571428571429,2.4693877551020407,1.0,20.835,29.165,1.2683243085757436,0.1876545734022793,0.45488721804511273
5.428571428571429,2.9591836734693877,1.0,22.285000000000004,27.714999999999996,1.292628303509745,0.21612700264865545,0.5451127819548872
5.428571428571429,3.4489795918367347,1.0,23.310000000000002,26.689999999999998,1.3836109678463917,0.2428040664262369,0.6353383458646616
5.428571428571429,3.9387755102040813,1.0,24.22666666666667,25.77333333333333,1.8802848891505286,0.2678412390149743,0.725563909774436
5.428571428571429,4.428571428571429,1.0,25.335,24.665,1.8994168796656046,0.29136102610476156,0.8157894736842105
5.428571428571429,4.918367346938775,1.0,26.378333333333334,23.621666666666666,2.1605268886967384,0.31310162595647634,0.9060150375939849
5.428571428571429,5.408163265306122,1.0,27.633333333333333,22.366666666666667,3.115958183656972,0.33320474064118,0.9962406015037593
5.428571428571429,5.8979591836734695,1.0,28.405000000000005,21.594999999999995,3.181231327429789,0.35221575982868525,1.086466165413534
5.428571428571429,6.387755102040816,1.0,29.336666666666666,20.663333333333334,3.373066070008661,0.3700489999773558,1.1766917293233081
5.428571428571429,6.877551020408163,1.0,30.633333333333333,19.366666666666667,3.921279992758639,0.38704995344035803,1.2669172932330826
5.428571428571429,7.36734693877551,1.0,31.96,18.04,4.079245197252837,0.40307379688831657,1.357142857142857
5.428571428571429,7.857142857142857,1.0,32.916666666666664,17.083333333333332,4.12578797768155,0.41811327178160335,1.4473684210526314
5.428571428571429,8.346938775510203,1.0,34.23166666666667,15.768333333333333,4.163252279195905,0.432242300359375,1.5375939849624058
5.428571428571429,8.83673469387755,1.0,36.016666666666666,13.98333333333333,4.295814589633234,0.44568866798343426,1.62781954887218
5.428571428571429,9.326530612244898,0.9666666666666667,37.54333333333333,12.456666666666665,5.709833220182429,0.45837321014854465,1.718045112781955
5.428571428571429,9.816326530612244,0.9666666666666667,38.21666666666667,11.783333333333331,5.500679163918563,0.47032279457109405,1.8082706766917291
5.428571428571429,10.306122448979592,0.9666666666666667,39.18333333333333,10.816666666666663,6.000938623900106,0.4815897640879916,1.8984962406015036
5.428571428571429,10.795918367346939,0.9666666666666667,39.905,10.094999999999997,6.293953721491433,0.49231562387278077,1.9887218045112782
5.428571428571429,11.285714285714285,0.8666666666666667,42.220000000000006,7.779999999999998,8.592936152685994,0.5025041979866285,2.078947368421052
5.428571428571429,11.775510204081632,0.8,43.326666666666675,6.673333333333331,8.447900507730056,0.512181719689451,2.169172932330827
5.428571428571429,12.26530612244898,0.7666666666666667,44.20666666666667,5.793333333333331,8.29323294280814,0.5213978095700535,2.2593984962406015
5.428571428571429,12.755102040816325,0.7666666666666667,44.873333333333335,5.126666666666665,8.364783870214596,0.5302654201229687,2.3496240601503757
5.428571428571429,13.244897959183673,0.6333333333333333,45.995000000000005,4.004999999999997,8.658933497281568,0.5387814061137198,2.43984962406015
5.428571428571429,13.73469387755102,0.6,46.61166666666667,3.388333333333331,8.906097130166167,0.5469515771343871,2.5300751879699246
5.428571428571429,14.224489795918368,0.6,47.538333333333334,2.4616666666666642,8.925251694831466,0.5547679789630723,2.6203007518796992
5.428571428571429,14.714285714285714,0.6,48.49166666666667,1.5083333333333309,8.673593330584957,0.5622598095338174,2.7105263157894735
5.428571428571429,15.204081632653061,0.6,49.16166666666667,0.8383333333333305,8.459443644921881,0.5694565766864684,2.800751879699248
5.428571428571429,15.693877551020408,0.5666666666666667,49.71166666666667,0.28833333333333044,8.305520425610299,0.5764773826155573,2.8909774436090223
5.428571428571429,16.183673469387756,0.4666666666666667,51.608333333333334,-1.6083333333333354,9.37115055068897,0.5832370361981399,2.9812030075187965
5.428571428571429,16.6734693877551,0.4,52.63,-2.630000000000002,9.416050127309221,0.5897265490941925,3.071428571428571
5.428571428571429,17.163265306122447,0.36666666666666664,53.98448275862069,-3.984482758620693,9.28282884308707,0.5959595925794343,3.1616541353383454
5.428571428571429,17.653061224489797,0.3,55.10344827586207,-5.103448275862073,9.221093162597398,0.6019603908158699,3.2518796992481205
5.428571428571429,18.142857142857142,0.23333333333333334,55.28035714285715,-5.280357142857146,9.349483440728994,0.6077298422897887,3.3421052631578947
5.428571428571429,18.632653061224488,0.23333333333333334,56.56964285714286,-6.569642857142861,10.137310433773242,0.6132844008723706,3.432330827067669
5.428571428571429,19.122448979591837,0.23333333333333334,58.432142857142864,-8.43214285714286,10.91123456271286,0.6186278692750949,3.5225563909774436
5.428571428571429,19.612244897959183,0.23333333333333334,58.56481481481482,-8.564814814814818,10.131707795283223,0.623771181851889,3.6127819548872178
5.428571428571429,20.10204081632653,0.23333333333333334,59.22307692307693,-9.223076923076928,10.644728561773952,0.6287758761033845,3.703007518796992
5.428571428571429,20.591836734693878,0.2,59.80192307692308,-9.80192307692308,10.618234135384574,0.6337203048981123,3.793233082706767
5.428571428571429,21.081632653061224,0.2,59.77,-9.770000000000005,10.313684275433943,0.6385056066560181,3.883458646616541
5.428571428571429,21.57142857142857,0.2,61.052083333333336,-11.052083333333337,10.35794674095237,0.6431572390777165,3.973684210526315
5.428571428571429,22.06122448979592,0.13333333333333333,61.80217391304348,-11.80217391304348,9.971134227687504,0.6477293779936275,4.06390977443609
5.428571428571429,22.551020408163264,0.1,62.22608695652174,-12.226086956521744,9.803870635960081,0.6521847138790446,4.154135338345864
5.428571428571429,23.04081632653061,0.1,62.15909090909091,-12.159090909090914,9.374263607442359,0.6564910533825247,4.244360902255639
5.428571428571429,23.53061224489796,0.06666666666666667,63.565909090909095,-13.565909090909093,9.815068424714022,0.6606895927916834,4.334586466165414
5.428571428571429,24.020408163265305,0.06666666666666667,64.34545454545456,-14.34545454545455,9.44298566953156,0.6647789648015535,4.424812030075188
5.428571428571429,24.51020408163265,0.03333333333333333,66.31904761904762,-16.31904761904762,8.257034518979502,0.6687517576191103,4.515037593984962
5.428571428571429,25.0,0.03333333333333333,67.20952380952382,-17.209523809523812,8.030124828538144,0.6726249304419363,4.605263157894736
5.663265306122449,1.0,1.0,12.561666666666667,37.43833333333334,1.8831230174501545,0.08932687795801733,0.17657657657657658
5.663265306122449,1.489795918367347,1.0,17.03666666666667,32.96333333333333,1.8563466778879827,0.12194380455518226,0.2630630630630631
5.663265306122449,1.9795918367346939,1.0,19.215,30.785,1.2354777102051635,0.15317555212387055,0.34954954954954953
5.663265306122449,2.4693877551020407,1.0,20.928333333333335,29.071666666666665,1.2561355168856618,0.1825948184878182,0.436036036036036
5.663265306122449,2.9591836734693877,1.0,22.381666666666668,27.618333333333332,1.3157195050967188,0.21023648068696627,0.5225225225225225
5.663265306122449,3.4489795918367347,1.0,23.34666666666667,26.65333333333333,1.3646354403493528,0.2362756426812632,0.609009009009009
5.663265306122449,3.9387755102040813,1.0,24.343333333333337,25.656666666666663,1.818901398880812,0.26063951888469805,0.6954954954954954
5.663265306122449,4.428571428571429,1.0,25.716666666666665,24.283333333333335,2.1931057073652793,0.28359791007918334,0.781981981981982
5.663265306122449,4.918367346938775,1.0,26.625,23.375,2.3573344824332767,0.30486968220920263,0.8684684684684686
5.663265306122449,5.408163265306122,1.0,27.78666666666667,22.21333333333333,3.0226710422877745,0.3247058936235192,0.9549549549549549
5.663265306122449,5.8979591836734695,1.0,28.495,21.505,3.147614038908048,0.34331468656811526,1.0414414414414415
5.663265306122449,6.387755102040816,1.0,29.580000000000002,20.419999999999998,3.4170111965343897,0.36090256782318775,1.127927927927928
5.663265306122449,6.877551020408163,1.0,30.836666666666666,19.163333333333334,3.943631560510878,0.37758171659455725,1.2144144144144142
5.663265306122449,7.36734693877551,1.0,32.17333333333333,17.826666666666664,4.067082605448313,0.3932088418021554,1.3009009009009012
5.663265306122449,7.857142857142857,1.0,33.15,16.849999999999998,4.205333231291773,0.4079938369476523,1.3873873873873872
5.663265306122449,8.346938775510203,1.0,34.55833333333333,15.441666666666665,4.014028918794626,0.4220185218392834,1.4738738738738737
5.663265306122449,8.83673469387755,1.0,36.028333333333336,13.971666666666664,4.287746842865813,0.43519518971624055,1.5603603603603602
5.663265306122449,9.326530612244898,0.9666666666666667,37.811666666666675,12.18833333333333,5.654776487752349,0.44765077257315267,1.6468468468468467
5.663265306122449,9.816326530612244,0.9666666666666667,38.27166666666667,11.72833333333333,5.529399221174615,0.4594129340878762,1.7333333333333332
5.663265306122449,10.306122448979592,0.9666666666666667,39.30833333333333,10.691666666666665,6.261900165138448,0.4705553561562959,1.8198198198198197
5.663265306122449,10.795918367346939,0.9666666666666667,39.94666666666667,10.053333333333331,6.275375154788225,0.4811150970495437,1.9063063063063064
5.663265306122449,11.285714285714285,0.8666666666666667,42.33666666666667,7.663333333333331,8.509952928810755,0.4911697113148997,1.9927927927927926
5.663265306122449,11.775510204081632,0.8,43.425,6.5749999999999975,8.39280017798507,0.5008101555040713,2.079279279279279
5.663265306122449,12.26530612244898,0.7666666666666667,44.23833333333334,5.761666666666665,8.278354443900707,0.5100302312091637,2.1657657657657654
5.663265306122449,12.755102040816325,0.7666666666666667,44.89666666666667,5.103333333333331,8.356475223497018,0.5188190602810285,2.252252252252252
5.663265306122449,13.244897959183673,0.6333333333333333,46.03,3.9699999999999975,8.638761884468845,0.5272631519587877,2.3387387387387384
5.663265306122449,13.73469387755102,0.6,46.620000000000005,3.379999999999998,8.905050872088422,0.5353784657801802,2.4252252252252253
5.663265306122449,14.224489795918368,0.6,47.665,2.334999999999997,8.824887905901361,0.5431590163447112,2.511711711711712
5.663265306122449,14.714285714285714,0.6,48.49333333333334,1.5066666666666644,8.672645594580436,0.5506553511321525,2.598198198198198
5.663265306122449,15.204081632653061,0.6,49.20666666666667,0.7933333333333304,8.427078003564517,0.5579206132522534,2.6846846846846844
5.663265306122449,15.693877551020408,0.5666666666666667,49.73833333333334,0.26166666666666366,8.28529735729808,0.5648887276230743,2.7711711711711713
5.663265306122449,16.183673469387756,0.4666666666666667,51.61000000000001,-1.610000000000002,9.370868284945269,0.571580972995221,2.8576576576576582
5.663265306122449,16.6734693877551,0.4,52.686666666666675,-2.6866666666666688,9.454208452920021,0.5780079006635044,2.944144144144144
5.663265306122449,17.163265306122447,0.36666666666666664,53.98448275862069,-3.984482758620693,9.28282884308707,0.5841698124085811,3.0306306306306303
5.663265306122449,17.653061224489797,0.3,55.10517241379311,-5.105172413793107,9.219954532228165,0.5900932437900384,3.1171171171171173
5.663265306122449,18.142857142857142,0.23333333333333334,55.285714285714285,-5.285714285714289,9.351409649558853,0.5957870588081254,3.2036036036036033
5.663265306122449,18.632653061224488,0.23333333333333334,56.61607142857143,-6.616071428571432,10.117751667713723,0.6013135073452177,3.29009009009009
5.663265306122449,19.122448979591837,0.23333333333333334,58.432142857142864,-8.43214285714286,10.91123456271286,0.6067511048270735,3.3765765765765767
5.663265306122449,19.612244897959183,0.23333333333333334,58.56481481481482,-8.564814814814818,10.131707795283223,0.6120301458738387,3.4630630630630628
5.663265306122449,20.10204081632653,0.23333333333333334,59.22307692307693,-9.223076923076928,10.644728561773952,0.6171146181843475,3.5495495495495493
5.663265306122449,20.591836734693878,0.2,59.800000000000004,-9.800000000000002,10.620574372415081,0.6220560247746376,3.636036036036036
5.663265306122449,21.081632653061224,0.2,59.77,-9.770000000000005,10.313684275433943,0.626860795530677,3.7225225225225222
5.663265306122449,21.57142857142857,0.2,61.050000000000004,-11.050000000000004,10.361467077590895,0.6315697850082205,3.8090090090090087
5.663265306122449,22.06122448979592,0.13333333333333333,61.797826086956526,-11.797826086956524,9.97777619445141,0.6361312824816948,3.8954954954954952
5.663265306122449,22.551020408163264,0.1,62.22608695652174,-12.226086956521744,9.803870635960081,0.6405866442141396,3.9819819819819817
5.663265306122449,23.04081632653061,0.1,62.15681818181818,-12.156818181818187,9.374805337084346,0.6449353996475432,4.068468468468468
5.663265306122449,23.53061224489796,0.06666666666666667,63.565909090909095,-13.565909090909093,9.815068424714022,0.6491564808791156,4.154954954954955
5.663265306122449,24.020408163265305,0.06666666666666667,64.33636363636364,-14.336363636363641,9.446304162880972,0.653246356545086,4.241441441441441
5.663265306122449,24.51020408163265,0.03333333333333333,66.31904761904762,-16.31904761904762,8.257034518979502,0.6572065385961892,4.327927927927927
5.663265306122449,25.0,0.03333333333333333,67.20714285714287,-17.207142857142863,8.026927894815763,0.6610430103487565,4.414414414414415
5.8979591836734695,1.0,1.0,12.366666666666667,37.63333333333333,1.913758413271596,0.08726929743830922,0.1695501730103806
5.8979591836734695,1.489795918367347,1.0,16.545,33.455,2.2917524539846865,0.11894824447067437,0.2525951557093426
5.8979591836734695,1.9795918367346939,1.0,19.238333333333337,30.761666666666667,1.3301337327977365,0.1492185676615315,0.3356401384083045
5.8979591836734695,2.4693877551020407,1.0,20.956666666666667,29.043333333333333,1.2586756404316772,0.17785745175392811,0.4186851211072664
5.8979591836734695,2.9591836734693877,1.0,22.503333333333334,27.496666666666666,1.2847872045282598,0.2047185842446107,0.5017301038062284
5.8979591836734695,3.4489795918367347,1.0,23.42666666666667,26.57333333333333,1.3496317079582993,0.23010617961997326,0.5847750865051903
5.8979591836734695,3.9387755102040813,1.0,24.523333333333333,25.476666666666667,1.7884559577030903,0.2538853958358221,0.6678200692041522
5.8979591836734695,4.428571428571429,1.0,25.818333333333335,24.181666666666665,2.139347440521143,0.2762489430182778,0.7508650519031143
5.8979591836734695,4.918367346938775,1.0,26.915000000000003,23.084999999999997,2.4246987015098287,0.297183786592435,0.8339100346020761
5.8979591836734695,5.408163265306122,1.0,27.89,22.11,2.9927037711856763,0.3166075936788802,0.916955017301038
5.8979591836734695,5.8979591836734695,1.0,28.60166666666667,21.39833333333333,3.11493851528774,0.3348355326848044,1.0
5.8979591836734695,6.387755102040816,1.0,29.82,20.18,3.5499538607977863,0.35216287022121456,1.0830449826989619
5.8979591836734695,6.877551020408163,1.0,31.160000000000004,18.839999999999996,3.8919102658259455,0.36847725267256287,1.1660899653979238
5.8979591836734695,7.36734693877551,1.0,32.28,17.719999999999995,4.032702525003848,0.3837693560872086,1.2491349480968859
5.8979591836734695,7.857142857142857,1.0,33.32,16.68,4.087925871519013,0.3983930865476954,1.3321799307958477
5.8979591836734695,8.346938775510203,1.0,34.61666666666667,15.383333333333331,4.043840214222235,0.4121367383279652,1.4152249134948096
5.8979591836734695,8.83673469387755,1.0,36.061666666666675,13.93833333333333,4.268704950453122,0.4250720792630193,1.4982698961937715
5.8979591836734695,9.326530612244898,0.9666666666666667,37.89,12.109999999999998,5.625563573300134,0.4373203407222427,1.5813148788927336
5.8979591836734695,9.816326530612244,0.9666666666666667,38.335,11.664999999999997,5.508866677363461,0.44891111614921336,1.6643598615916952
5.8979591836734695,10.306122448979592,0.9666666666666667,39.33500000000001,10.664999999999997,6.255647793022305,0.4598493303927252,1.7474048442906573
5.8979591836734695,10.795918367346939,0.9666666666666667,39.970000000000006,10.029999999999998,6.265430606882114,0.4703098329676688,1.8304498269896194
5.8979591836734695,11.285714285714285,0.8666666666666667,42.36166666666667,7.638333333333332,8.512938259854348,0.4803547895093429,1.9134948096885813
5.8979591836734695,11.775510204081632,0.8,43.440000000000005,6.559999999999997,8.380204507421457,0.489921269122688,1.9965397923875432
5.8979591836734695,12.26530612244898,0.7666666666666667,44.25,5.749999999999998,8.284405791023568,0.49903441568558626,2.0795847750865053
5.8979591836734695,12.755102040816325,0.7333333333333333,44.973333333333336,5.026666666666665,8.308167287564743,0.5077963969792123,2.1626297577854667
5.8979591836734695,13.244897959183673,0.6333333333333333,46.03666666666667,3.9633333333333307,8.635601264266564,0.5161852718742018,2.245674740484429
5.8979591836734695,13.73469387755102,0.6,46.625,3.3749999999999982,8.90466508886368,0.5242180767805628,2.328719723183391
5.8979591836734695,14.224489795918368,0.6,47.67333333333333,2.326666666666663,8.826378307266717,0.5319793290851693,2.411764705882353
5.8979591836734695,14.714285714285714,0.6,48.50333333333334,1.4966666666666641,8.665776258415606,0.5394722797055334,2.4948096885813147
5.8979591836734695,15.204081632653061,0.6,49.25666666666667,0.7433333333333306,8.466981847694928,0.546660212413816,2.5778546712802766
5.8979591836734695,15.693877551020408,0.5666666666666667,49.77666666666667,0.22333333333333083,8.248246765988739,0.5535555901517164,2.660899653979239
5.8979591836734695,16.183673469387756,0.4666666666666667,51.61333333333334,-1.6133333333333355,9.369079126475606,0.5601599689211729,2.7439446366782008
5.8979591836734695,16.6734693877551,0.4,52.87666666666667,-2.876666666666669,9.217942897651719,0.5664842642865013,2.8269896193771626
5.8979591836734695,17.163265306122447,0.36666666666666664,53.98448275862069,-3.984482758620693,9.28282884308707,0.5725720905366225,2.910034602076124
5.8979591836734695,17.653061224489797,0.3,55.10517241379311,-5.105172413793107,9.219954532228165,0.5785898286198207,2.9930795847750864
5.8979591836734695,18.142857142857142,0.23333333333333334,55.28750000000001,-5.287500000000003,9.3507934402896,0.5843789362133472,3.0761245674740483
5.8979591836734695,18.632653061224488,0.23333333333333334,56.61607142857143,-6.616071428571432,10.117751667713723,0.5899834252450145,3.15916955017301
5.8979591836734695,19.122448979591837,0.23333333333333334,58.535714285714285,-8.535714285714288,10.745600797904997,0.5953782362978323,3.2422145328719725
5.8979591836734695,19.612244897959183,0.23333333333333334,58.56481481481482,-8.564814814814818,10.131707795283223,0.6006414382447268,3.325259515570934
5.8979591836734695,20.10204081632653,0.23333333333333334,59.22307692307693,-9.223076923076928,10.644728561773952,0.6057223125339457,3.4083044982698953
5.8979591836734695,20.591836734693878,0.2,59.79807692307692,-9.798076923076925,10.618281224089243,0.6106294981253565,3.491349480968858
5.8979591836734695,21.081632653061224,0.2,59.77,-9.770000000000005,10.313684275433943,0.6154885106772718,3.57439446366782
5.8979591836734695,21.57142857142857,0.2,61.041666666666664,-11.04166666666667,10.367724443913792,0.6202395109975609,3.6574394463667814
5.8979591836734695,22.06122448979592,0.13333333333333333,61.797826086956526,-11.797826086956524,9.97777619445141,0.6248375341362349,3.7404844290657437
5.8979591836734695,22.551020408163264,0.1,62.22608695652174,-12.226086956521744,9.803870635960081,0.6292807228618379,3.8235294117647056
5.8979591836734695,23.04081632653061,0.1,62.14318181818182,-12.143181818181823,9.367030523197354,0.6335766294658279,3.9065743944636675
5.8979591836734695,23.53061224489796,0.1,63.54772727272727,-13.547727272727276,9.84124553277499,0.637739651692086,3.98961937716263
5.8979591836734695,24.020408163265305,0.06666666666666667,64.325,-14.325000000000005,9.446815412009036,0.6417776909637322,4.072664359861592
5.8979591836734695,24.51020408163265,0.03333333333333333,66.31666666666668,-16.31666666666667,8.258334174234736,0.6456939369870118,4.155709342560553
5.8979591836734695,25.0,0.03333333333333333,67.17857142857143,-17.17857142857143,8.072384583079701,0.6495147396527692,4.2387543252595155
6.13265306122449,1.0,1.0,12.203333333333335,37.79666666666667,1.9568594355688183,0.08548279951066166,0.16306156405990016
6.13265306122449,1.489795918367347,1.0,16.43166666666667,33.568333333333335,2.3434605759995972,0.11623206556400087,0.24292845257903498
6.13265306122449,1.9795918367346939,1.0,19.283333333333335,30.716666666666665,1.3763603511043003,0.14557263455371883,0.3227953410981697
6.13265306122449,2.4693877551020407,1.0,21.018333333333334,28.981666666666666,1.3047977339177066,0.17337099567130715,0.40266222961730447
6.13265306122449,2.9591836734693877,1.0,22.643333333333334,27.356666666666666,1.3416236517699391,0.19956303399768602,0.48252911813643934
6.13265306122449,3.4489795918367347,1.0,23.53666666666667,26.46333333333333,1.3969753862846177,0.22428668958618864,0.5623960066555741
6.13265306122449,3.9387755102040813,1.0,24.673333333333336,25.326666666666664,1.7876363383420355,0.24755380974679567,0.6422628951747088
6.13265306122449,4.428571428571429,1.0,25.951666666666668,24.048333333333332,2.1524438129289436,0.26937616155725236,0.7221297836938436
6.13265306122449,4.918367346938775,1.0,27.065,22.935,2.3892052494789837,0.2898579403925701,0.8019966722129783
6.13265306122449,5.408163265306122,1.0,28.136666666666667,21.863333333333333,2.9884528730954827,0.3089003261367887,0.881863560732113
6.13265306122449,5.8979591836734695,1.0,28.94666666666667,21.05333333333333,3.258435560027322,0.32678915279202914,0.9617304492512478
6.13265306122449,6.387755102040816,1.0,29.92,20.08,3.5278351279014126,0.3437628336994835,1.0415973377703827
6.13265306122449,6.877551020408163,1.0,31.383333333333333,18.616666666666667,3.873013024127013,0.3597215064569211,1.1214642262895174
6.13265306122449,7.36734693877551,1.0,32.415,17.584999999999997,4.0027609006267415,0.3748869383613451,1.2013311148086523
6.13265306122449,7.857142857142857,1.0,33.663333333333334,16.336666666666666,4.259875612020269,0.3891513507907093,1.281198003327787
6.13265306122449,8.346938775510203,1.0,34.885,15.114999999999998,3.855876616640971,0.402611394478736,1.3610648918469217
6.13265306122449,8.83673469387755,1.0,36.30833333333333,13.691666666666665,4.0365588650810444,0.4153505576186859,1.4409317803660566
6.13265306122449,9.326530612244898,0.9666666666666667,37.94166666666667,12.058333333333332,5.583242836803056,0.4273659539151113,1.5207986688851913
6.13265306122449,9.816326530612244,0.9666666666666667,38.385,11.614999999999998,5.477023323189215,0.43873727153093095,1.600665557404326
6.13265306122449,10.306122448979592,0.9666666666666667,39.535000000000004,10.464999999999998,6.2050056267167255,0.44960540370502416,1.6805324459234607
6.13265306122449,10.795918367346939,0.9666666666666667,40.00166666666667,9.998333333333331,6.262621508675065,0.46005064030667725,1.7603993344425957
6.13265306122449,11.285714285714285,0.8666666666666667,42.391666666666666,7.608333333333332,8.512446094146332,0.469997829315458,1.8402662229617304
6.13265306122449,11.775510204081632,0.8,43.515,6.484999999999998,8.315431749008214,0.4794593926535646,1.920133111480865
6.13265306122449,12.26530612244898,0.7666666666666667,44.26166666666667,5.7383333333333315,8.272333233522257,0.4885347517445414,2.0
6.13265306122449,12.755102040816325,0.7333333333333333,44.99666666666667,5.003333333333331,8.283458104011848,0.49720216513913124,2.0798668885191347
6.13265306122449,13.244897959183673,0.6333333333333333,46.038333333333334,3.9616666666666642,8.63426097843227,0.5054407634369216,2.1597337770382694
6.13265306122449,13.73469387755102,0.6,46.66166666666667,3.338333333333331,8.904858063239233,0.5134543590054651,2.239600665557404
6.13265306122449,14.224489795918368,0.6,47.705000000000005,2.294999999999997,8.819202696780279,0.521179575256733,2.3194675540765393
6.13265306122449,14.714285714285714,0.6,48.53,1.4699999999999973,8.66621064229065,0.5285883918972133,2.3993344425956735
6.13265306122449,15.204081632653061,0.6,49.265,0.7349999999999969,8.4633606881623,0.5356825974338943,2.4792013311148087
6.13265306122449,15.693877551020408,0.5666666666666667,49.78666666666667,0.21333333333333043,8.240877227047152,0.5424822214968484,2.5590682196339434
6.13265306122449,16.183673469387756,0.4666666666666667,51.620000000000005,-1.620000000000002,9.37070453318617,0.5490353614791293,2.6389351081530785
6.13265306122449,16.6734693877551,0.4,52.87666666666667,-2.876666666666669,9.217942897651719,0.5554724272776891,2.718801996672213
6.13265306122449,17.163265306122447,0.36666666666666664,53.98448275862069,-3.984482758620693,9.28282884308707,0.5616457589640709,2.7986688851913475
6.13265306122449,17.653061224489797,0.3,55.11724137931035,-5.117241379310348,9.2253268995706,0.5675909591333547,2.8785357737104826
6.13265306122449,18.142857142857142,0.23333333333333334,55.28750000000001,-5.287500000000003,9.3507934402896,0.5733416649016844,2.9584026622296173
6.13265306122449,18.632653061224488,0.23333333333333334,56.61785714285715,-6.617857142857146,10.114696076480831,0.5789201465382842,3.0382695507487516
6.13265306122449,19.122448979591837,0.23333333333333334,58.535714285714285,-8.535714285714288,10.745600797904997,0.5843011656913626,3.1181364392678868
6.13265306122449,19.612244897959183,0.23333333333333334,58.56481481481482,-8.564814814814818,10.131707795283223,0.5894928417266878,3.1980033277870215
6.13265306122449,20.10204081632653,0.23333333333333334,59.22307692307693,-9.223076923076928,10.644728561773952,0.5946110268294326,3.277870216306156
6.13265306122449,20.591836734693878,0.2,59.79807692307692,-9.798076923076925,10.618281224089243,0.5996200290352611,3.3577371048252913
6.13265306122449,21.081632653061224,0.2,59.77,-9.770000000000005,10.313684275433943,0.6044684444822299,3.437603993344426
6.13265306122449,21.57142857142857,0.2,61.041666666666664,-11.04166666666667,10.367724443913792,0.609159443710709,3.5174708818635603
6.13265306122449,22.06122448979592,0.13333333333333333,61.78478260869566,-11.784782608695656,9.987565391555284,0.6136937214037895,3.5973377703826954
6.13265306122449,22.551020408163264,0.1,62.22608695652174,-12.226086956521744,9.803870635960081,0.6180854128884278,3.67720465890183
6.13265306122449,23.04081632653061,0.1,62.14318181818182,-12.143181818181823,9.367030523197354,0.6223334336900848,3.757071547420965
6.13265306122449,23.53061224489796,0.1,63.54772727272727,-13.547727272727276,9.84124553277499,0.6264502078052864,3.8369384359401
6.13265306122449,24.020408163265305,0.06666666666666667,64.32045454545455,-14.320454545454549,9.447532546232441,0.6304521043897787,3.9168053244592342
6.13265306122449,24.51020408163265,0.03333333333333333,66.31666666666668,-16.31666666666667,8.258334174234736,0.6343846903786778,3.996672212978369
6.13265306122449,25.0,0.03333333333333333,67.16428571428571,-17.164285714285718,8.077904165950827,0.6382699738376826,4.076539101497504
6.36734693877551,1.0,1.0,11.791666666666666,38.208333333333336,1.8901324225335758,0.08387169079822926,0.15705128205128205
6.36734693877551,1.489795918367347,1.0,16.338333333333335,33.66166666666667,2.4104901251982267,0.11373453486846477,0.233974358974359
6.36734693877551,1.9795918367346939,1.0,19.291666666666668,30.708333333333332,1.4145843384452959,0.14212878467855347,0.3108974358974359
6.36734693877551,2.4693877551020407,1.0,21.17,28.83,1.3433488775804119,0.16912065788214553,0.3878205128205128
6.36734693877551,2.9591836734693877,1.0,22.711666666666666,27.288333333333334,1.4077178482316284,0.1947209280877627,0.46474358974358976
6.36734693877551,3.4489795918367347,1.0,23.720000000000002,26.279999999999998,1.4253614181721752,0.21882572731298705,0.5416666666666666
6.36734693877551,3.9387755102040813,1.0,24.880000000000003,25.119999999999997,1.9492085042661416,0.24163188674776895,0.6185897435897435
6.36734693877551,4.428571428571429,1.0,26.030000000000005,23.969999999999995,2.146231661500591,0.26285849658831334,0.6955128205128206
6.36734693877551,4.918367346938775,1.0,27.151666666666667,22.848333333333333,2.325662061217947,0.28290724762582026,0.7724358974358975
6.36734693877551,5.408163265306122,1.0,28.273333333333333,21.726666666666667,3.0012277181333564,0.3015249108248085,0.8493589743589743
6.36734693877551,5.8979591836734695,1.0,29.155000000000005,20.844999999999995,3.272649195777128,0.31908751660502216,0.9262820512820513
6.36734693877551,6.387755102040816,1.0,30.175,19.825,3.6202436096350543,0.33571104471118735,1.0032051282051282
6.36734693877551,6.877551020408163,1.0,31.7,18.3,3.988863808499686,0.3514678434512439,1.080128205128205
6.36734693877551,7.36734693877551,1.0,32.51666666666667,17.48333333333333,3.9684604270320687,0.3663441098482337,1.1570512820512822
6.36734693877551,7.857142857142857,1.0,34.06166666666667,15.938333333333333,4.052493556193335,0.3803094119142403,1.233974358974359
6.36734693877551,8.346938775510203,1.0,35.54666666666667,14.453333333333331,4.21213217637628,0.39349175871271175,1.3108974358974357
6.36734693877551,8.83673469387755,1.0,36.72666666666667,13.273333333333332,4.5640977756559,0.4059834323786087,1.387820512820513
6.36734693877551,9.326530612244898,0.9666666666666667,37.951666666666675,12.04833333333333,5.575971901263328,0.4177701288992599,1.4647435897435899
6.36734693877551,9.816326530612244,0.9666666666666667,38.44500000000001,11.554999999999998,5.452132610272792,0.4290646429999428,1.5416666666666665
6.36734693877551,10.306122448979592,0.9666666666666667,39.585,10.414999999999997,6.179738165416352,0.43990772177615084,1.6185897435897436
6.36734693877551,10.795918367346939,0.9666666666666667,40.105000000000004,9.894999999999998,6.233023149821193,0.4502341339213762,1.6955128205128205
6.36734693877551,11.285714285714285,0.8666666666666667,42.59,7.409999999999998,8.48539719266231,0.46007849134913315,1.7724358974358974
6.36734693877551,11.775510204081632,0.8,43.70666666666667,6.293333333333331,8.259975508577423,0.4694177269271952,1.8493589743589742
6.36734693877551,12.26530612244898,0.7666666666666667,44.266666666666666,5.733333333333332,8.267972412634911,0.47836119926023557,1.9262820512820513
6.36734693877551,12.755102040816325,0.7333333333333333,45.016666666666666,4.983333333333332,8.277944661333025,0.48687125949206195,2.003205128205128
6.36734693877551,13.244897959183673,0.6333333333333333,46.09,3.9099999999999975,8.606086458892396,0.49509723025534325,2.080128205128205
6.36734693877551,13.73469387755102,0.6,46.666666666666664,3.3333333333333313,8.906548669119948,0.5030375423727952,2.157051282051282
6.36734693877551,14.224489795918368,0.6,47.74,2.2599999999999967,8.791025988531398,0.5106845704166575,2.233974358974359
6.36734693877551,14.714285714285714,0.6,48.54333333333334,1.456666666666664,8.654207002988471,0.5180118484130439,2.3108974358974357
6.36734693877551,15.204081632653061,0.6,49.278333333333336,0.7216666666666636,8.47026933713906,0.5250382064417647,2.3878205128205128
6.36734693877551,15.693877551020408,0.5333333333333333,50.483333333333334,-0.48333333333333617,8.710945684174806,0.5319028548957767,2.46474358974359
6.36734693877551,16.183673469387756,0.4666666666666667,51.80833333333333,-1.8083333333333358,9.608752146667742,0.5385064376422801,2.541666666666667
6.36734693877551,16.6734693877551,0.4,52.87666666666667,-2.876666666666669,9.217942897651719,0.5448401916221679,2.6185897435897436
6.36734693877551,17.163265306122447,0.36666666666666664,54.03103448275862,-4.031034482758624,9.26861460784558,0.5509428396473276,2.6955128205128203
6.36734693877551,17.653061224489797,0.3,55.12068965517241,-5.120689655172416,9.221389317015122,0.5568648430512595,2.7724358974358974
6.36734693877551,18.142857142857142,0.23333333333333334,55.28928571428572,-5.289285714285717,9.347730534069013,0.5625736006225335,2.849358974358974
6.36734693877551,18.632653061224488,0.23333333333333334,56.61785714285715,-6.617857142857146,10.114696076480831,0.5680887449726265,2.926282051282051
6.36734693877551,19.122448979591837,0.23333333333333334,58.535714285714285,-8.535714285714288,10.745600797904997,0.5734851052097085,3.003205128205128
6.36734693877551,19.612244897959183,0.23333333333333334,58.56481481481482,-8.564814814814818,10.131707795283223,0.5787531361017848,3.080128205128205
6.36734693877551,20.10204081632653,0.23333333333333334,59.22307692307693,-9.223076923076928,10.644728561773952,0.5838440674686055,3.157051282051282
6.36734693877551,20.591836734693878,0.2,59.79807692307692,-9.798076923076925,10.618281224089243,0.588799597871993,3.233974358974359
6.36734693877551,21.081632653061224,0.2,59.77,-9.770000000000005,10.313684275433943,0.593589142515926,3.3108974358974357
6.36734693877551,21.57142857142857,0.2,61.03541666666667,-11.03541666666667,10.36689420564397,0.5982130063874221,3.3878205128205123
6.36734693877551,22.06122448979592,0.13333333333333333,61.78478260869566,-11.784782608695656,9.987565391555284,0.6026794639154402,3.46474358974359
6.36734693877551,22.551020408163264,0.1,62.22608695652174,-12.226086956521744,9.803870635960081,0.6070519303818521,3.5416666666666665
6.36734693877551,23.04081632653061,0.1,62.14318181818182,-12.143181818181823,9.367030523197354,0.6112927415778466,3.618589743589743
6.36734693877551,23.53061224489796,0.1,63.54772727272727,-13.547727272727276,9.84124553277499,0.6154201196305711,3.6955128205128207
6.36734693877551,24.020408163265305,0.06666666666666667,64.28636363636365,-14.286363636363639,9.451885448318688,0.6194540474318362,3.7724358974358974
6.36734693877551,24.51020408163265,0.03333333333333333,66.31666666666668,-16.31666666666667,8.258334174234736,0.623433847489969,3.849358974358974
6.36734693877551,25.0,0.03333333333333333,67.1547619047619,-17.15476190476191,8.101649596870764,0.627329950955108,3.926282051282051
6.6020408163265305,1.0,1.0,11.443333333333333,38.556666666666665,1.612383828123875,0.08238015504587871,0.15146831530139104
6.6020408163265305,1.489795918367347,1.0,16.32,33.68,2.4440850484665892,0.1113808754819658,0.22565687789799074
6.6020408163265305,1.9795918367346939,1.0,19.16166666666667,30.83833333333333,1.5603206640664113,0.1388862743550283,0.29984544049459044
6.6020408163265305,2.4693877551020407,1.0,21.225,28.775,1.3836950780303865,0.1652324437273612,0.3740340030911901
6.6020408163265305,2.9591836734693877,1.0,22.818333333333335,27.181666666666665,1.4775610923441365,0.19018475427998086,0.4482225656877898
6.6020408163265305,3.4489795918367347,1.0,23.891666666666666,26.108333333333334,1.4987398921653543,0.21376331703652965,0.5224111282843895
6.6020408163265305,3.9387755102040813,1.0,25.048333333333336,24.951666666666664,1.9935016555234448,0.23599954991473518,0.5965996908809892
6.6020408163265305,4.428571428571429,1.0,26.275,23.725,2.1474824875846505,0.25673581749282015,0.670788253477589
6.6020408163265305,4.918367346938775,1.0,27.258333333333333,22.741666666666667,2.2956136334372537,0.27625994079382626,0.7449768160741885
6.6020408163265305,5.408163265306122,1.0,28.311666666666667,21.688333333333333,3.0106043422786617,0.29449603698861254,0.8191653786707882
6.6020408163265305,5.8979591836734695,1.0,29.28666666666667,20.71333333333333,3.3190394677535475,0.3117136181553342,0.893353941267388
6.6020408163265305,6.387755102040816,1.0,30.518333333333334,19.481666666666666,3.771318331037966,0.3280925796113187,0.9675425038639877
6.6020408163265305,6.877551020408163,1.0,31.761666666666667,18.238333333333333,3.9307295833561566,0.3435533410536562,1.0417310664605872
6.6020408163265305,7.36734693877551,1.0,32.580000000000005,17.419999999999998,3.994383988586459,0.358131433605158,1.1159196290571871
6.6020408163265305,7.857142857142857,1.0,34.07833333333333,15.921666666666665,4.036849303460631,0.3718316232170896,1.1901081916537868
6.6020408163265305,8.346938775510203,1.0,35.82666666666667,14.17333333333333,4.131747007421115,0.38474562653209626,1.2642967542503862
6.6020408163265305,8.83673469387755,0.9666666666666667,37.25,12.749999999999998,5.540291290736157,0.3969636180888808,1.3384853168469861
6.6020408163265305,9.326530612244898,0.9666666666666667,38.028333333333336,11.971666666666664,5.468462611496338,0.40869689029268574,1.4126738794435858
6.6020408163265305,9.816326530612244,0.9666666666666667,38.47166666666667,11.52833333333333,5.424079189823031,0.41989669733524465,1.4868624420401855
6.6020408163265305,10.306122448979592,0.9666666666666667,39.63,10.369999999999997,6.203691893014053,0.43063835111914606,1.5610510046367851
6.6020408163265305,10.795918367346939,0.9666666666666667,40.12166666666667,9.87833333333333,6.2324468451933805,0.44082354257533607,1.6352395672333848
6.6020408163265305,11.285714285714285,0.8666666666666667,42.76166666666667,7.238333333333331,8.304191747226978,0.45047824332705644,1.7094281298299845
6.6020408163265305,11.775510204081632,0.8,43.720000000000006,6.279999999999998,8.251651872242894,0.45966371642064685,1.7836166924265842
6.6020408163265305,12.26530612244898,0.7666666666666667,44.33666666666667,5.66333333333333,8.265820080862843,0.46846946803747364,1.857805255023184
6.6020408163265305,12.755102040816325,0.7333333333333333,45.04,4.959999999999997,8.272153120039503,0.47693784846510323,1.9319938176197835
6.6020408163265305,13.244897959183673,0.6333333333333333,46.095000000000006,3.904999999999997,8.602118323713782,0.48512314884556407,2.006182380216383
6.6020408163265305,13.73469387755102,0.6,46.69833333333334,3.3016666666666645,8.884182799953438,0.4929787555637627,2.080370942812983
6.6020408163265305,14.224489795918368,0.6,47.788333333333334,2.211666666666664,8.722154543749925,0.5005225488761549,2.154559505409583
6.6020408163265305,14.714285714285714,0.6,48.58666666666667,1.4133333333333307,8.592498064504047,0.5078512027526731,2.2287480680061824
6.6020408163265305,15.204081632653061,0.6,49.473333333333336,0.5266666666666633,8.365113653548384,0.5149219359939972,2.302936630602782
6.6020408163265305,15.693877551020408,0.5333333333333333,50.495000000000005,-0.4950000000000029,8.716278369848549,0.5216955018675614,2.3771251931993818
6.6020408163265305,16.183673469387756,0.43333333333333335,51.92,-1.9200000000000024,9.58529405229519,0.528188061601908,2.4513137557959817
6.6020408163265305,16.6734693877551,0.4,52.87833333333334,-2.878333333333336,9.216464683617454,0.5344631673934646,2.525502318392581
6.6020408163265305,17.163265306122447,0.36666666666666664,54.03103448275862,-4.031034482758624,9.26861460784558,0.5405231007028862,2.5996908809891806
6.6020408163265305,17.653061224489797,0.3,55.122413793103455,-5.122413793103451,9.219433920944393,0.5463918233032186,2.673879443585781
6.6020408163265305,18.142857142857142,0.23333333333333334,55.28928571428572,-5.289285714285717,9.347730534069013,0.5520950020961916,2.7480680061823803
6.6020408163265305,18.632653061224488,0.23333333333333334,56.65357142857143,-6.653571428571432,10.116029895495604,0.5576420586799072,2.82225656877898
6.6020408163265305,19.122448979591837,0.23333333333333334,58.53750000000001,-8.537500000000003,10.742901403045433,0.5630256949816043,2.8964451313755797
6.6020408163265305,19.612244897959183,0.23333333333333334,58.56481481481482,-8.564814814814818,10.131707795283223,0.5682212189154597,2.970633693972179
6.6020408163265305,20.10204081632653,0.23333333333333334,59.22307692307693,-9.223076923076928,10.644728561773952,0.5732539192927654,3.0448222565687786
6.6020408163265305,20.591836734693878,0.2,59.79807692307692,-9.798076923076925,10.618281224089243,0.5781458425338486,3.119010819165379
6.6020408163265305,21.081632653061224,0.2,59.77,-9.770000000000005,10.313684275433943,0.5828968775952242,3.1931993817619784
6.6020408163265305,21.57142857142857,0.2,61.03125,-11.031250000000005,10.367432415564828,0.5875094517838416,3.267387944358578
6.6020408163265305,22.06122448979592,0.13333333333333333,61.78478260869566,-11.784782608695656,9.987565391555284,0.5919741456162935,3.3415765069551777
6.6020408163265305,22.551020408163264,0.1,62.22608695652174,-12.226086956521744,9.803870635960081,0.5963686307769988,3.415765069551777
6.6020408163265305,23.04081632653061,0.1,62.14318181818182,-12.143181818181823,9.367030523197354,0.6006408979624569,3.489953632148377
6.6020408163265305,23.53061224489796,0.1,63.54318181818182,-13.54318181818182,9.848933897521546,0.6047942585796999,3.564142194744977
6.6020408163265305,24.020408163265305,0.06666666666666667,64.27045454545454,-14.270454545454548,9.483138659282004,0.608866215916311,3.6383307573415764
6.6020408163265305,24.51020408163265,0.03333333333333333,66.2904761904762,-16.29047619047619,8.26786881620075,0.6128498729874693,3.712519319938176
6.6020408163265305,25.0,0.03333333333333333,67.1547619047619,-17.15476190476191,8.101649596870764,0.616737359058861,3.7867078825347757
6.836734693877552,1.0,1.0,11.278333333333334,38.72166666666667,1.5915554814629342,0.0809866240627119,0.1462686567164179
6.836734693877552,1.489795918367347,1.0,15.88,34.12,2.768312071305895,0.10920388091297557,0.21791044776119403
6.836734693877552,1.9795918367346939,1.0,19.018333333333334,30.981666666666666,2.323028765142216,0.13601897012327926,0.28955223880597014
6.836734693877552,2.4693877551020407,1.0,21.291666666666668,28.708333333333332,1.4612278335732571,0.1616606149186951,0.3611940298507462
6.836734693877552,2.9591836734693877,1.0,22.993333333333336,27.006666666666664,1.5853169667474936,0.18592417194612615,0.43283582089552236
6.836734693877552,3.4489795918367347,1.0,24.041666666666668,25.958333333333332,1.6530579465683128,0.2089382292191434,0.5044776119402985
6.836734693877552,3.9387755102040813,1.0,25.325,24.675,1.9580844791750454,0.23063810900676848,0.5761194029850746
6.836734693877552,4.428571428571429,1.0,26.42,23.58,2.167654063251568,0.25091361790037875,0.6477611940298507
6.836734693877552,4.918367346938775,1.0,27.678333333333335,22.321666666666665,3.0223216508041535,0.2699045788932467,0.7194029850746267
6.836734693877552,5.408163265306122,1.0,28.415000000000003,21.584999999999997,3.088944412935737,0.28779560220732564,0.7910447761194028
6.836734693877552,5.8979591836734695,1.0,29.333333333333336,20.666666666666668,3.295669398105518,0.30470834683915093,0.862686567164179
6.836734693877552,6.387755102040816,1.0,30.568333333333335,19.431666666666665,3.7538596995197038,0.32083327230018555,0.9343283582089551
6.836734693877552,6.877551020408163,1.0,31.868333333333336,18.131666666666664,3.838967249173909,0.33594845589525385,1.0059701492537312
6.836734693877552,7.36734693877551,1.0,32.74666666666667,17.25333333333333,3.9879113307105007,0.35025783967656365,1.0776119402985074
6.836734693877552,7.857142857142857,1.0,34.190000000000005,15.809999999999999,4.054933138612854,0.36366789054628407,1.1492537313432833
6.836734693877552,8.346938775510203,1.0,35.873333333333335,14.126666666666665,4.13089147373979,0.3763486927599392,1.2208955223880595
6.836734693877552,8.83673469387755,0.9666666666666667,37.405,12.594999999999999,5.616544986573765,0.3885050609937883,1.2925373134328357
6.836734693877552,9.326530612244898,0.9666666666666667,38.1,11.899999999999999,5.412597056547967,0.40004795006160515,1.364179104477612
6.836734693877552,9.816326530612244,0.9666666666666667,38.49166666666667,11.508333333333331,5.4249119384769635,0.41115605453003207,1.4358208955223877
6.836734693877552,10.306122448979592,0.9666666666666667,39.71333333333334,10.286666666666665,6.167223336166847,0.4217025543550743,1.5074626865671639
6.836734693877552,10.795918367346939,0.9333333333333333,40.49666666666667,9.50333333333333,6.485433722945032,0.43168463204316,1.57910447761194
6.836734693877552,11.285714285714285,0.8333333333333334,42.94666666666667,7.053333333333331,8.427704040976929,0.44116774909693485,1.650746268656716
6.836734693877552,11.775510204081632,0.8,43.73666666666667,6.263333333333331,8.244914141178324,0.4502498504052607,1.722388059701492
6.836734693877552,12.26530612244898,0.7666666666666667,44.545,5.454999999999997,8.251659707660906,0.45898029880925445,1.7940298507462684
6.836734693877552,12.755102040816325,0.7333333333333333,45.17333333333333,4.826666666666665,8.265379951770301,0.46741405684503895,1.8656716417910444
6.836734693877552,13.244897959183673,0.6333333333333333,46.108333333333334,3.8916666666666644,8.607575686301127,0.4754729472072724,1.9373134328358206
6.836734693877552,13.73469387755102,0.6,46.73166666666667,3.268333333333331,8.862439954889568,0.4832529207224982,2.008955223880597
6.836734693877552,14.224489795918368,0.6,47.93500000000001,2.0649999999999973,8.632628061105107,0.49083816127393004,2.080597014925373
6.836734693877552,14.714285714285714,0.6,48.638333333333335,1.3616666666666644,8.604937268934554,0.49810010570789853,2.152238805970149
6.836734693877552,15.204081632653061,0.6,49.49,0.5099999999999966,8.355685654607926,0.5050448873427587,2.223880597014925
6.836734693877552,15.693877551020408,0.5333333333333333,50.49666666666667,-0.4966666666666695,8.715136785811357,0.51170282374364,2.2955223880597013
6.836734693877552,16.183673469387756,0.43333333333333335,51.94166666666667,-1.941666666666669,9.590252624529702,0.5181417066588605,2.3671641791044773
6.836734693877552,16.6734693877551,0.4,52.9,-2.900000000000003,9.201349226401902,0.5243698422471545,2.4388059701492533
6.836734693877552,17.163265306122447,0.3333333333333333,54.35,-4.350000000000003,9.102619324756395,0.5303950140063797,2.5104477611940292
6.836734693877552,17.653061224489797,0.3,55.122413793103455,-5.122413793103451,9.219433920944393,0.5362667364042458,2.5820895522388057
6.836734693877552,18.142857142857142,0.23333333333333334,55.28928571428572,-5.289285714285717,9.347730534069013,0.5419497961620238,2.6537313432835816
6.836734693877552,18.632653061224488,0.23333333333333334,57.276785714285715,-7.276785714285717,10.549148483653015,0.5474538737903354,2.7253731343283576
6.836734693877552,19.122448979591837,0.23333333333333334,58.53750000000001,-8.537500000000003,10.742901403045433,0.5527791331962262,2.797014925373134
6.836734693877552,19.612244897959183,0.23333333333333334,58.56666666666667,-8.56666666666667,10.13291476024848,0.5579289155326539,2.86865671641791
6.836734693877552,20.10204081632653,0.23333333333333334,59.22307692307693,-9.223076923076928,10.644728561773952,0.5629273825300002,2.940298507462686
6.836734693877552,20.591836734693878,0.2,59.80192307692308,-9.80192307692308,10.615643934959676,0.5678185802304386,3.0119402985074624
6.836734693877552,21.081632653061224,0.2,59.77,-9.770000000000005,10.313684275433943,0.5725786244708957,3.0835820895522383
6.836734693877552,21.57142857142857,0.2,61.03125,-11.031250000000005,10.367432415564828,0.5772231518331777,3.1552238805970143
6.836734693877552,22.06122448979592,0.13333333333333333,61.78478260869566,-11.784782608695656,9.987565391555284,0.5817171939004168,3.2268656716417907
6.836734693877552,22.551020408163264,0.1,62.19130434782609,-12.19130434782609,9.84646512683974,0.5860631095619296,3.2985074626865667
6.836734693877552,23.04081632653061,0.1,62.13636363636363,-12.136363636363642,9.37538801505839,0.5903029716537909,3.3701492537313427
6.836734693877552,23.53061224489796,0.1,63.53636363636363,-13.536363636363639,9.85035872948631,0.5945254365193081,3.441791044776119
6.836734693877552,24.020408163265305,0.06666666666666667,63.76363636363637,-13.763636363636367,9.87492232420544,0.5986873595615817,3.513432835820895
6.836734693877552,24.51020408163265,0.03333333333333333,66.2904761904762,-16.29047619047619,8.26786881620075,0.6027432020867891,3.585074626865671
6.836734693877552,25.0,0.03333333333333333,67.14047619047619,-17.140476190476193,8.11257694952133,0.6067194375856773,3.6567164179104474
7.071428571428572,1.0,1.0,10.901666666666667,39.098333333333336,1.1793103868387447,0.07965286594437618,0.1414141414141414
7.071428571428572,1.489795918367347,1.0,15.226666666666667,34.77333333333333,2.812065547542974,0.1072019518644919,0.2106782106782107
7.071428571428572,1.9795918367346939,1.0,18.540000000000003,31.459999999999997,2.960323840626109,0.13332195640311395,0.27994227994227994
7.071428571428572,2.4693877551020407,1.0,21.295,28.705,1.7635852002726402,0.15825424832221208,0.34920634920634913
7.071428571428572,2.9591836734693877,1.0,23.040000000000003,26.959999999999997,1.599644357026123,0.18192928653883328,0.41847041847041844
7.071428571428572,3.4489795918367347,1.0,24.215,25.785,1.8767244943214785,0.20434441708233556,0.4877344877344877
7.071428571428572,3.9387755102040813,1.0,25.67166666666667,24.32833333333333,2.2725378238699436,0.22553958270080487,0.5569985569985569
7.071428571428572,4.428571428571429,1.0,26.623333333333335,23.376666666666665,2.3606593662953923,0.24535663660401683,0.6262626262626262
7.071428571428572,4.918367346938775,1.0,27.783333333333335,22.216666666666665,3.0292349476090656,0.26390759036723027,0.6955266955266954
7.071428571428572,5.408163265306122,1.0,28.48166666666667,21.51833333333333,3.0712089985287037,0.281405577113144,0.7647907647907647
7.071428571428572,5.8979591836734695,1.0,29.826666666666668,20.173333333333332,3.50742398185702,0.2980981866497848,0.834054834054834
7.071428571428572,6.387755102040816,1.0,30.715,19.285,3.840508901264213,0.31386131407624696,0.9033189033189032
7.071428571428572,6.877551020408163,1.0,32.20166666666667,17.798333333333332,3.952857616121954,0.32867667668415035,0.9725829725829723
7.071428571428572,7.36734693877551,1.0,33.095,16.904999999999998,3.899654051853566,0.3426762418480408,1.0418470418470418
7.071428571428572,7.857142857142857,1.0,34.473333333333336,15.526666666666666,3.8976724560579283,0.35586479887203964,1.111111111111111
7.071428571428572,8.346938775510203,1.0,35.885,14.114999999999998,4.128207217132664,0.3684828729388802,1.18037518037518
7.071428571428572,8.83673469387755,0.9666666666666667,37.681666666666665,12.318333333333332,5.556752390239894,0.38043066184363783,1.2496392496392494
7.071428571428572,9.326530612244898,0.9666666666666667,38.16833333333333,11.831666666666665,5.454174031676665,0.3918237211999908,1.3189033189033188
7.071428571428572,9.816326530612244,0.9666666666666667,38.66833333333334,11.331666666666665,5.3274578807593,0.402718668783555,1.388167388167388
7.071428571428572,10.306122448979592,0.9666666666666667,39.86833333333333,10.131666666666664,6.211328406606163,0.413038785427239,1.4574314574314573
7.071428571428572,10.795918367346939,0.9333333333333333,40.638333333333335,9.361666666666663,6.444159121375667,0.42286091949059057,1.5266955266955267
7.071428571428572,11.285714285714285,0.8333333333333334,43.02,6.979999999999998,8.36321584740851,0.43225267321173433,1.5959595959595956
7.071428571428572,11.775510204081632,0.8,43.82333333333334,6.176666666666664,8.21686379190459,0.441186805742215,1.665223665223665
7.071428571428572,12.26530612244898,0.7666666666666667,44.638333333333335,5.361666666666665,8.166095628639917,0.449866637155836,1.734487734487734
7.071428571428572,12.755102040816325,0.7333333333333333,45.32833333333334,4.671666666666664,8.171688756091777,0.458181085578146,1.8037518037518034
7.071428571428572,13.244897959183673,0.6333333333333333,46.12833333333334,3.8716666666666644,8.591432012359087,0.4662016386927315,1.8730158730158728
7.071428571428572,13.73469387755102,0.6,46.74,3.2599999999999976,8.863868930314407,0.47398032414811114,1.9422799422799422
7.071428571428572,14.224489795918368,0.6,47.96333333333334,2.0366666666666644,8.612710468208913,0.4814425316460925,2.0115440115440113
7.071428571428572,14.714285714285714,0.6,48.720000000000006,1.2799999999999974,8.580296192942333,0.4885702038152891,2.0808080808080804
7.071428571428572,15.204081632653061,0.6,49.516666666666666,0.48333333333333,8.335180255102914,0.4954004531230575,2.15007215007215
7.071428571428572,15.693877551020408,0.5333333333333333,50.53333333333333,-0.533333333333336,8.678802290374076,0.5020062065045736,2.219336219336219
7.071428571428572,16.183673469387756,0.43333333333333335,51.94333333333334,-1.9433333333333358,9.589683153707727,0.5083949616121798,2.2886002886002883
7.071428571428572,16.6734693877551,0.4,53.045,-3.0450000000000026,9.267186736005701,0.5146017466478886,2.3578643578643574
7.071428571428572,17.163265306122447,0.3333333333333333,54.35,-4.350000000000003,9.102619324756395,0.520614665953065,2.427128427128427
7.071428571428572,17.653061224489797,0.3,55.16206896551724,-5.1620689655172445,9.171546208367308,0.5264458664011505,2.496392496392496
7.071428571428572,18.142857142857142,0.23333333333333334,55.29642857142858,-5.296428571428575,9.339134393343487,0.5321145419743138,2.5656565656565653
7.071428571428572,18.632653061224488,0.23333333333333334,57.276785714285715,-7.276785714285717,10.549148483653015,0.537567972511313,2.6349206349206344
7.071428571428572,19.122448979591837,0.23333333333333334,58.53750000000001,-8.537500000000003,10.742901403045433,0.5428178246773668,2.704184704184704
7.071428571428572,19.612244897959183,0.23333333333333334,58.56666666666667,-8.56666666666667,10.13291476024848,0.5479905457100508,2.773448773448773
7.071428571428572,20.10204081632653,0.23333333333333334,59.22307692307693,-9.223076923076928,10.644728561773952,0.553015559683225,2.8427128427128423
7.071428571428572,20.591836734693878,0.2,59.80192307692308,-9.80192307692308,10.615643934959676,0.5579115512742345,2.911976911976912
7.071428571428572,21.081632653061224,0.2,59.77,-9.770000000000005,10.313684275433943,0.5626386538559508,2.981240981240981
7.071428571428572,21.57142857142857,0.2,61.03541666666667,-11.03541666666667,10.370668075904257,0.5672509968937791,3.05050505050505
7.071428571428572,22.06122448979592,0.13333333333333333,61.78478260869566,-11.784782608695656,9.987565391555284,0.5717753606534721,3.1197691197691197
7.071428571428572,22.551020408163264,0.1,61.97826086956522,-11.97826086956522,9.978406527995574,0.5761809571414805,3.1890331890331884
7.071428571428572,23.04081632653061,0.1,62.13636363636363,-12.136363636363642,9.37538801505839,0.5805407592156822,3.2582972582972576
7.071428571428572,23.53061224489796,0.1,63.53636363636363,-13.536363636363639,9.85035872948631,0.5848192526126633,3.327561327561327
7.071428571428572,24.020408163265305,0.06666666666666667,63.75681818181818,-13.756818181818183,9.863910837643811,0.588986166884372,3.3968253968253963
7.071428571428572,24.51020408163265,0.03333333333333333,66.13095238095238,-16.130952380952383,8.295985116164267,0.5930447197230376,3.4660894660894654
7.071428571428572,25.0,0.03333333333333333,67.13809523809525,-17.138095238095243,8.11396796829247,0.5970172583047222,3.535353535353535
7.306122448979592,1.0,1.0,10.698333333333334,39.30166666666666,0.9026286643726357,0.0783936938186018,0.13687150837988826
7.306122448979592,1.489795918367347,1.0,14.906666666666668,35.093333333333334,2.8912690607429106,0.10537776191728687,0.20391061452513967
7.306122448979592,1.9795918367346939,1.0,18.423333333333336,31.576666666666664,3.0462450977231463,0.1307458305551867,0.270949720670391
7.306122448979592,2.4693877551020407,1.0,21.315,28.685,1.7883314319065213,0.15502572663522213,0.3379888268156424
7.306122448979592,2.9591836734693877,1.0,23.148333333333333,26.851666666666667,1.6433504114195006,0.17814833562872548,0.40502793296089384
7.306122448979592,3.4489795918367347,1.0,24.273333333333333,25.726666666666667,1.9114777337015418,0.19996871322662066,0.4720670391061452
7.306122448979592,3.9387755102040813,1.0,25.72666666666667,24.27333333333333,2.2739049404407656,0.22066517185265416,0.5391061452513966
7.306122448979592,4.428571428571429,1.0,26.813333333333336,23.186666666666664,2.514438764187861,0.24004313958312337,0.606145251396648
7.306122448979592,4.918367346938775,1.0,27.880000000000003,22.119999999999997,3.0035496241659776,0.2581800521890072,0.6731843575418994
7.306122448979592,5.408163265306122,1.0,28.90666666666667,21.09333333333333,3.173672226664065,0.2753931274191372,0.7402234636871508
7.306122448979592,5.8979591836734695,1.0,29.87,20.13,3.4904697836172183,0.2917490790702862,0.8072625698324022
7.306122448979592,6.387755102040816,1.0,31.23166666666667,18.76833333333333,3.8560405665105124,0.30719204972517733,0.8743016759776535
7.306122448979592,6.877551020408163,1.0,32.35166666666667,17.64833333333333,3.9512652564003825,0.3216989616858281,0.9413407821229048
7.306122448979592,7.36734693877551,1.0,33.455000000000005,16.544999999999998,3.9152740248487294,0.33545112727174065,1.0083798882681563
7.306122448979592,7.857142857142857,1.0,34.651666666666664,15.348333333333331,3.777622024623367,0.3485404614518974,1.0754189944134076
7.306122448979592,8.346938775510203,1.0,36.186666666666675,13.81333333333333,3.9374841725644316,0.36092433986338157,1.142458100558659
7.306122448979592,8.83673469387755,0.9666666666666667,37.77333333333333,12.226666666666665,5.552457258655433,0.3726907585193552,1.2094972067039105
7.306122448979592,9.326530612244898,0.9666666666666667,38.24,11.759999999999998,5.430761678972214,0.38392378754035245,1.276536312849162
7.306122448979592,9.816326530612244,0.9666666666666667,38.69500000000001,11.304999999999998,5.319472199641486,0.3945915602789377,1.3435754189944131
7.306122448979592,10.306122448979592,0.9666666666666667,39.88333333333333,10.116666666666665,6.204105055544263,0.40473484464685555,1.4106145251396647
7.306122448979592,10.795918367346939,0.9,41.13666666666667,8.863333333333332,6.605221723983875,0.4144005513377447,1.4776536312849162
7.306122448979592,11.285714285714285,0.8333333333333334,43.29,6.709999999999997,8.325173706378704,0.42362380058504756,1.5446927374301673
7.306122448979592,11.775510204081632,0.8,43.94333333333334,6.056666666666664,8.152847327175328,0.4324818283871009,1.6117318435754189
7.306122448979592,12.26530612244898,0.7666666666666667,44.781666666666666,5.218333333333331,8.217238853034278,0.4410795823841344,1.67877094972067
7.306122448979592,12.755102040816325,0.7,45.38666666666667,4.613333333333331,8.163648750377506,0.4493487920611247,1.7458100558659215
7.306122448979592,13.244897959183673,0.6333333333333333,46.165,3.8349999999999977,8.572119502119689,0.4573210104445451,1.8128491620111729
7.306122448979592,13.73469387755102,0.6,46.78333333333333,3.2166666666666637,8.83797969320315,0.4649519827965488,1.8798882681564244
7.306122448979592,14.224489795918368,0.6,48.013333333333335,1.9866666666666644,8.572801148996161,0.4722743046997959,1.946927374301676
7.306122448979592,14.714285714285714,0.6,48.723333333333336,1.2766666666666642,8.577101967501585,0.47929173533087094,2.013966480446927
7.306122448979592,15.204081632653061,0.6,49.555,0.44499999999999695,8.315724096035133,0.48606877846237867,2.0810055865921786
7.306122448979592,15.693877551020408,0.5,50.55166666666667,-0.5516666666666694,8.670893476347228,0.4926089079255251,2.14804469273743
7.306122448979592,16.183673469387756,0.43333333333333335,52.04,-2.0400000000000027,9.518452134379977,0.4989920357415434,2.2150837988826817
7.306122448979592,16.6734693877551,0.4,53.04833333333333,-3.048333333333336,9.272414439628434,0.5051997618844505,2.282122905027933
7.306122448979592,17.163265306122447,0.3333333333333333,54.35517241379311,-4.355172413793106,9.095498737872507,0.5111806487182784,2.349162011173184
7.306122448979592,17.653061224489797,0.3,55.172413793103445,-5.172413793103452,9.176440974883304,0.5169628208664772,2.4162011173184355
7.306122448979592,18.142857142857142,0.23333333333333334,55.29642857142858,-5.296428571428575,9.339134393343487,0.5225283009670018,2.483240223463687
7.306122448979592,18.632653061224488,0.23333333333333334,57.28035714285715,-7.280357142857147,10.546180099094633,0.5279479711430167,2.550279329608938
7.306122448979592,19.122448979591837,0.23333333333333334,58.53928571428572,-8.539285714285716,10.741640652867881,0.5332634608537724,2.6173184357541897
7.306122448979592,19.612244897959183,0.23333333333333334,58.56666666666667,-8.56666666666667,10.13291476024848,0.5384166044561083,2.6843575418994408
7.306122448979592,20.10204081632653,0.23333333333333334,59.22500000000001,-9.225000000000005,10.641844295045853,0.5434389908173823,2.7513966480446923
7.306122448979592,20.591836734693878,0.2,59.80384615384616,-9.803846153846155,10.617936928395489,0.5483546528298984,2.818435754189944
7.306122448979592,21.081632653061224,0.2,59.77,-9.770000000000005,10.313684275433943,0.553137307107507,2.8854748603351954
7.306122448979592,21.57142857142857,0.2,61.03541666666667,-11.03541666666667,10.370668075904257,0.5577688970056519,2.9525139664804465
7.306122448979592,22.06122448979592,0.13333333333333333,61.78478260869566,-11.784782608695656,9.987565391555284,0.5622931164755879,3.019553072625698
7.306122448979592,22.551020408163264,0.1,61.97826086956522,-11.97826086956522,9.978406527995574,0.5667644220286545,3.086592178770949
7.306122448979592,23.04081632653061,0.1,62.13636363636363,-12.136363636363642,9.37538801505839,0.5711617576701388,3.1536312849162007
7.306122448979592,23.53061224489796,0.1,63.53636363636363,-13.536363636363639,9.85035872948631,0.5754248021172287,3.2206703910614523
7.306122448979592,24.020408163265305,0.06666666666666667,63.75681818181818,-13.756818181818183,9.863910837643811,0.5795866968765472,3.2877094972067034
7.306122448979592,24.51020408163265,0.03333333333333333,66.13095238095238,-16.130952380952383,8.295985116164267,0.5836476042028601,3.354748603351955
7.306122448979592,25.0,0.03333333333333333,67.13571428571429,-17.13571428571429,8.113355391839171,0.5875871535177172,3.4217877094972065
7.540816326530613,1.0,1.0,10.535,39.465,0.7380250906864624,0.07721296597006755,0.13261163734776724
7.540816326530613,1.489795918367347,1.0,14.528333333333334,35.47166666666667,2.8794660464474453,0.10363633278374915,0.1975642760487145
7.540816326530613,1.9795918367346939,1.0,18.311666666666667,31.688333333333333,3.0630074057723236,0.12829743462256432,0.2625169147496617
7.540816326530613,2.4693877551020407,1.0,21.42166666666667,28.57833333333333,1.889749268778949,0.15198998429318095,0.3274695534506089
7.540816326530613,2.9591836734693877,1.0,23.160000000000004,26.839999999999996,1.6422440492330546,0.17453324299342815,0.3924221921515561
7.540816326530613,3.4489795918367347,1.0,24.35,25.65,1.9485184469055026,0.19580359860276994,0.45737483085250336
7.540816326530613,3.9387755102040813,1.0,25.836666666666666,24.163333333333334,2.297710004410438,0.2160038480806185,0.5223274695534506
7.540816326530613,4.428571428571429,1.0,26.92666666666667,23.07333333333333,2.527290130218304,0.23497091409074225,0.5872801082543978
7.540816326530613,4.918367346938775,1.0,28.17,21.83,2.9198960775082865,0.2528085337476683,0.652232746955345
7.540816326530613,5.408163265306122,1.0,28.973333333333336,21.026666666666664,3.169051128882471,0.2696273367712124,0.7171853856562922
7.540816326530613,5.8979591836734695,1.0,30.065,19.935,3.485268257621815,0.285685798544175,0.7821380243572394
7.540816326530613,6.387755102040816,1.0,31.5,18.5,3.837968212479098,0.3007944695858331,0.8470906630581868
7.540816326530613,6.877551020408163,1.0,32.440000000000005,17.56,3.923808846270288,0.31507622566080273,0.9120433017591338
7.540816326530613,7.36734693877551,1.0,33.82166666666667,16.17833333333333,3.934806732609431,0.32864947455210686,0.9769959404600811
7.540816326530613,7.857142857142857,1.0,34.96333333333334,15.036666666666665,3.8578610594503004,0.3415000792857119,1.0419485791610283
7.540816326530613,8.346938775510203,1.0,36.21,13.789999999999997,3.9321267387579435,0.3536715766451421,1.1069012178619755
7.540816326530613,8.83673469387755,0.9666666666666667,37.835,12.164999999999997,5.515763460458047,0.36529902896681155,1.1718538565629228
7.540816326530613,9.326530612244898,0.9666666666666667,38.27333333333333,11.726666666666665,5.408258903548913,0.37635630961246574,1.23680649526387
7.540816326530613,9.816326530612244,0.9666666666666667,39.09166666666667,10.908333333333331,5.3871027869144665,0.38680621559645956,1.3017591339648171
7.540816326530613,10.306122448979592,0.9666666666666667,39.915,10.084999999999999,6.183615029057534,0.39674466555008003,1.3667117726657645
7.540816326530613,10.795918367346939,0.8666666666666667,42.218333333333334,7.7816666666666645,8.388739202186397,0.40620786948029486,1.4316644113667116
7.540816326530613,11.285714285714285,0.8333333333333334,43.351666666666674,6.648333333333331,8.257436390740558,0.4152740436855998,1.4966170500676588
7.540816326530613,11.775510204081632,0.8,43.94833333333334,6.051666666666663,8.14993635825938,0.4241275913311551,1.5615696887686061
7.540816326530613,12.26530612244898,0.7666666666666667,44.84166666666667,5.158333333333331,8.166764895022675,0.4326495378308929,1.6265223274695535
7.540816326530613,12.755102040816325,0.7,45.44666666666667,4.55333333333333,8.153832749434287,0.44085032699628923,1.6914749661705004
7.540816326530613,13.244897959183673,0.6333333333333333,46.18500000000001,3.8149999999999977,8.559307799115535,0.44867146483565234,1.7564276048714478
7.540816326530613,13.73469387755102,0.6,47.061666666666675,2.938333333333331,8.577332630688359,0.4561533641227961,1.821380243572395
7.540816326530613,14.224489795918368,0.6,48.18,1.8199999999999976,8.432455771886834,0.46336889521961594,1.8863328822733423
7.540816326530613,14.714285714285714,0.6,48.73833333333334,1.261666666666664,8.577222073943704,0.47032417730943654,1.9512855209742894
7.540816326530613,15.204081632653061,0.5666666666666667,49.623333333333335,0.3766666666666635,8.288335523319894,0.4770488280694694,2.0162381596752366
7.540816326530613,15.693877551020408,0.5,50.905,-0.9050000000000028,9.286552662039213,0.48363009637703974,2.081190798376184
7.540816326530613,16.183673469387756,0.43333333333333335,52.041666666666664,-2.041666666666669,9.517960185457493,0.48998316666579106,2.1461434370771313
7.540816326530613,16.6734693877551,0.4,53.053333333333335,-3.053333333333336,9.273208845855386,0.4960939003347396,2.2110960757780784
7.540816326530613,17.163265306122447,0.3333333333333333,54.36206896551724,-4.362068965517245,9.095658846516658,0.5019882549186362,2.2760487144790256
7.540816326530613,17.653061224489797,0.26666666666666666,55.2,-5.200000000000004,9.159811289384889,0.5076789506755633,2.3410013531799723
7.540816326530613,18.142857142857142,0.23333333333333334,55.29642857142858,-5.296428571428575,9.339134393343487,0.5132911763828154,2.40595399188092
7.540816326530613,18.632653061224488,0.23333333333333334,57.28750000000001,-7.287500000000003,10.540105286212489,0.5187389264916272,2.470906630581867
7.540816326530613,19.122448979591837,0.23333333333333334,58.557142857142864,-8.55714285714286,10.72671219420725,0.5240680485290204,2.5358592692828146
7.540816326530613,19.612244897959183,0.23333333333333334,58.574074074074076,-8.574074074074078,10.134151802866027,0.5292872012155129,2.6008119079837617
7.540816326530613,20.10204081632653,0.23333333333333334,59.22500000000001,-9.225000000000005,10.641844295045853,0.5343270654438671,2.665764546684709
7.540816326530613,20.591836734693878,0.2,59.823076923076925,-9.823076923076925,10.58168446674943,0.5391981649028149,2.730717185385656
7.540816326530613,21.081632653061224,0.2,59.77,-9.770000000000005,10.313684275433943,0.5439953877430227,2.795669824086603
7.540816326530613,21.57142857142857,0.2,61.03958333333333,-11.039583333333338,10.364749825696489,0.5486727928085818,2.8606224627875503
7.540816326530613,22.06122448979592,0.13333333333333333,61.78478260869566,-11.784782608695656,9.987565391555284,0.5532269366129651,2.925575101488498
7.540816326530613,22.551020408163264,0.1,61.97826086956522,-11.97826086956522,9.978406527995574,0.5576815317947913,2.990527740189445
7.540816326530613,23.04081632653061,0.1,62.13636363636363,-12.136363636363642,9.37538801505839,0.5620341547323846,3.055480378890392
7.540816326530613,23.53061224489796,0.1,63.53636363636363,-13.536363636363639,9.85035872948631,0.5662776607799848,3.1204330175913393
7.540816326530613,24.020408163265305,0.06666666666666667,63.75454545454546,-13.754545454545458,9.861093693458594,0.5704071691676572,3.185385656292287
7.540816326530613,24.51020408163265,0.03333333333333333,66.13095238095238,-16.130952380952383,8.295985116164267,0.5744423552405595,3.2503382949932336
7.540816326530613,25.0,0.03333333333333333,67.08571428571429,-17.08571428571429,8.206828602711632,0.5783808653293114,3.315290933694181
7.775510204081633,1.0,1.0,10.345,39.655,0.4681861551371123,0.07609481889163902,0.12860892388451442
7.775510204081633,1.489795918367347,1.0,13.65,36.35,2.8397122243708743,0.10196369089522626,0.19160104986876642
7.775510204081633,1.9795918367346939,1.0,18.035000000000004,31.964999999999996,3.1102486318177442,0.1259654630336567,0.2545931758530184
7.775510204081633,2.4693877551020407,1.0,21.071666666666665,28.928333333333335,2.717779371590653,0.14911564704847755,0.3175853018372703
7.775510204081633,2.9591836734693877,1.0,23.175,26.825,1.6636452498178145,0.17107535760329934,0.38057742782152226
7.775510204081633,3.4489795918367347,1.0,24.451666666666668,25.548333333333332,1.9850077448530112,0.1918854389555704,0.4435695538057743
7.775510204081633,3.9387755102040813,1.0,25.875,24.125,2.2871360648877768,0.211590050794159,0.5065616797900262
7.775510204081633,4.428571428571429,1.0,27.103333333333335,22.896666666666665,2.386525873969615,0.23023241434865818,0.5695538057742782
7.775510204081633,4.918367346938775,1.0,28.235000000000003,21.764999999999997,2.960345681119713,0.24766455225721554,0.6325459317585301
7.775510204081633,5.408163265306122,1.0,29.145,20.855,3.178927112440123,0.2641649820051299,0.6955380577427821
7.775510204081633,5.8979591836734695,1.0,30.325,19.675,3.7216225141638204,0.27989548794801256,0.7585301837270341
7.775510204081633,6.387755102040816,1.0,31.561666666666667,18.438333333333333,3.81929500926756,0.29471981835932703,0.821522309711286
7.775510204081633,6.877551020408163,1.0,32.545,17.455,3.8658395617564603,0.3088127536848068,0.8845144356955379
7.775510204081633,7.36734693877551,1.0,34.04,15.959999999999999,4.053614819324633,0.3221157918031063,0.94750656167979
7.775510204081633,7.857142857142857,1.0,35.428333333333335,14.571666666666665,3.7229410725775756,0.3347695796519626,1.0104986876640418
7.775510204081633,8.346938775510203,1.0,36.23666666666667,13.76333333333333,3.9243697788204854,0.3467491445388259,1.073490813648294
7.775510204081633,8.83673469387755,0.9666666666666667,37.906666666666666,12.093333333333332,5.507952453488053,0.35819272539502944,1.1364829396325458
7.775510204081633,9.326530612244898,0.9666666666666667,38.35166666666667,11.648333333333332,5.363035735369528,0.36904341609508495,1.1994750656167978
7.775510204081633,9.816326530612244,0.9666666666666667,39.295,10.704999999999997,5.561294038199235,0.3793120084026259,1.2624671916010497
7.775510204081633,10.306122448979592,0.9666666666666667,39.998333333333335,10.001666666666665,6.141120353437335,0.3890302123511014,1.3254593175853018
7.775510204081633,10.795918367346939,0.8666666666666667,42.27666666666667,7.723333333333331,8.39414546936849,0.39828525873835313,1.3884514435695539
7.775510204081633,11.285714285714285,0.8333333333333334,43.36666666666667,6.63333333333333,8.251158051776873,0.40734617865422823,1.4514435695538055
7.775510204081633,11.775510204081632,0.8,43.976666666666674,6.023333333333331,8.133855739770796,0.4161005093457858,1.5144356955380576
7.775510204081633,12.26530612244898,0.7666666666666667,44.86833333333333,5.131666666666664,8.138398589968139,0.42453579601060576,1.5774278215223096
7.775510204081633,12.755102040816325,0.6333333333333333,45.92666666666667,4.0733333333333315,8.545796842785402,0.432585977061092,1.6404199475065615
7.775510204081633,13.244897959183673,0.6333333333333333,46.201666666666675,3.798333333333331,8.558374436100921,0.4402571563441955,1.7034120734908136
7.775510204081633,13.73469387755102,0.6,47.18,2.8199999999999976,8.471113186629585,0.4476284071189227,1.7664041994750654
7.775510204081633,14.224489795918368,0.6,48.19166666666667,1.8083333333333302,8.436252674938222,0.45480691176236143,1.8293963254593175
7.775510204081633,14.714285714285714,0.6,48.74666666666667,1.253333333333331,8.566101327559872,0.46172461784384383,1.8923884514435694
7.775510204081633,15.204081632653061,0.5666666666666667,49.63,0.3699999999999965,8.28006121916399,0.46845163430265485,1.9553805774278215
7.775510204081633,15.693877551020408,0.5,50.92,-0.9200000000000027,9.269839860239376,0.4749452027410067,2.0183727034120733
7.775510204081633,16.183673469387756,0.43333333333333335,52.05833333333333,-2.0583333333333362,9.511337004291008,0.4811910989959835,2.0813648293963256
7.775510204081633,16.6734693877551,0.4,53.056666666666665,-3.0566666666666693,9.269059891076756,0.48720351534016376,2.1443569553805775
7.775510204081633,17.163265306122447,0.3333333333333333,54.36724137931035,-4.3672413793103475,9.092316967226358,0.4930839784577595,2.207349081364829
7.775510204081633,17.653061224489797,0.26666666666666666,55.2,-5.200000000000004,9.159811289384889,0.49885067797617483,2.270341207349081
7.775510204081633,18.142857142857142,0.23333333333333334,55.300000000000004,-5.300000000000003,9.33710241356929,0.5044837516029775,2.333333333333333
7.775510204081633,18.632653061224488,0.23333333333333334,57.28928571428572,-7.289285714285718,10.541429352997287,0.5100017599698673,2.396325459317585
7.775510204081633,19.122448979591837,0.23333333333333334,58.558928571428574,-8.558928571428575,10.723503552438142,0.515327817170142,2.459317585301837
7.775510204081633,19.612244897959183,0.23333333333333334,58.57592592592593,-8.575925925925928,10.134199243255201,0.5205073607711568,2.522309711286089
7.775510204081633,20.10204081632653,0.23333333333333334,59.29423076923077,-9.294230769230772,10.664645581762919,0.5255515386387223,2.585301837270341
7.775510204081633,20.591836734693878,0.2,59.825,-9.825000000000003,10.579331264309669,0.5304710888406798,2.648293963254593
7.775510204081633,21.081632653061224,0.2,59.77,-9.770000000000005,10.313684275433943,0.5352348087879821,2.711286089238845
7.775510204081633,21.57142857142857,0.2,61.03958333333333,-11.039583333333338,10.364749825696489,0.5398400562765733,2.774278215223097
7.775510204081633,22.06122448979592,0.13333333333333333,61.78478260869566,-11.784782608695656,9.987565391555284,0.54436463644004,2.837270341207349
7.775510204081633,22.551020408163264,0.1,61.97826086956522,-11.97826086956522,9.978406527995574,0.548809838708822,2.9002624671916006
7.775510204081633,23.04081632653061,0.1,62.13636363636363,-12.136363636363642,9.37538801505839,0.5531457163781058,2.9632545931758525
7.775510204081633,23.53061224489796,0.1,63.52272727272727,-13.522727272727275,9.858447275508588,0.5573862061821354,3.026246719160105
7.775510204081633,24.020408163265305,0.06666666666666667,63.75454545454546,-13.754545454545458,9.861093693458594,0.5614973067935465,3.0892388451443566
7.775510204081633,24.51020408163265,0.03333333333333333,66.13095238095238,-16.130952380952383,8.295985116164267,0.5654995423155342,3.1522309711286085
7.775510204081633,25.0,0.03333333333333333,67.06190476190477,-17.061904761904763,8.216612817364355,0.5694942941003566,3.215223097112861
8.010204081632654,1.0,1.0,10.321666666666667,39.678333333333335,0.4604501795157574,0.07502027890148885,0.12484076433121018
8.010204081632654,1.489795918367347,1.0,13.486666666666668,36.513333333333335,2.69427660732554,0.10035712698909868,0.1859872611464968
8.010204081632654,1.9795918367346939,1.0,17.880000000000003,32.12,3.146908718529761,0.12379289115221868,0.2471337579617834
8.010204081632654,2.4693877551020407,1.0,20.641666666666666,29.358333333333334,3.422720316914032,0.14636767240243234,0.30828025477706994
8.010204081632654,2.9591836734693877,1.0,23.230000000000004,26.769999999999996,1.7313339485435242,0.1677889666882842,0.36942675159235655
8.010204081632654,3.4489795918367347,1.0,24.523333333333333,25.476666666666667,2.069179969728693,0.18817624681852846,0.43057324840764327
8.010204081632654,3.9387755102040813,1.0,25.938333333333336,24.061666666666664,2.317649051611736,0.20742847800874797,0.49171974522292977
8.010204081632654,4.428571428571429,1.0,27.19,22.81,2.3751370196409654,0.22568670494055562,0.5528662420382165
8.010204081632654,4.918367346938775,1.0,28.308333333333334,21.691666666666666,2.9757665872190304,0.24277551145663617,0.614012738853503
8.010204081632654,5.408163265306122,1.0,29.220000000000002,20.779999999999998,3.267699813166061,0.25898619947631973,0.6751592356687897
8.010204081632654,5.8979591836734695,1.0,30.47666666666667,19.52333333333333,3.8045964336560725,0.27437642328429646,0.7363057324840764
8.010204081632654,6.387755102040816,1.0,31.666666666666668,18.333333333333332,3.7721834282139515,0.28896118598220405,0.7974522292993629
8.010204081632654,6.877551020408163,1.0,32.645,17.355,3.923741836563665,0.3028400807227068,0.8585987261146495
8.010204081632654,7.36734693877551,1.0,34.083333333333336,15.916666666666664,4.025529164901338,0.31590489702624314,0.9197452229299362
8.010204081632654,7.857142857142857,1.0,35.78333333333333,14.216666666666665,4.0389554243071615,0.3283045519087533,0.9808917197452227
8.010204081632654,8.346938775510203,1.0,36.735,13.264999999999997,4.538136295273949,0.34009291990228874,1.0420382165605093
8.010204081632654,8.83673469387755,0.9666666666666667,38.00666666666667,11.99333333333333,5.401240811040605,0.35132740229135,1.103184713375796
8.010204081632654,9.326530612244898,0.9666666666666667,38.406666666666666,11.593333333333332,5.338857770989088,0.3619811071271414,1.1643312101910828
8.010204081632654,9.816326530612244,0.9666666666666667,39.376666666666665,10.623333333333331,5.523238263875662,0.3720674163562584,1.2254777070063692
8.010204081632654,10.306122448979592,0.9666666666666667,40.038333333333334,9.961666666666664,6.117381727128224,0.38160772486434646,1.2866242038216558
8.010204081632654,10.795918367346939,0.8666666666666667,42.46833333333334,7.5316666666666645,8.20723485852504,0.3907220615686893,1.3477707006369426
8.010204081632654,11.285714285714285,0.8,43.48166666666667,6.518333333333331,8.265575509651287,0.3997183778089706,1.408917197452229
8.010204081632654,11.775510204081632,0.8,44.01833333333334,5.981666666666665,8.1106834965747,0.40835692469461987,1.4700636942675156
8.010204081632654,12.26530612244898,0.7666666666666667,44.89333333333334,5.106666666666665,8.132371810509394,0.4166549072666301,1.5312101910828024
8.010204081632654,12.755102040816325,0.6333333333333333,45.96166666666667,4.03833333333333,8.526416186681585,0.4245541497011314,1.5923566878980888
8.010204081632654,13.244897959183673,0.6333333333333333,46.20666666666667,3.793333333333331,8.555757623130003,0.43212796091653033,1.6535031847133754
8.010204081632654,13.73469387755102,0.6,47.43,2.5699999999999976,8.611535967766606,0.4394842441832666,1.714649681528662
8.010204081632654,14.224489795918368,0.6,48.21166666666667,1.7883333333333307,8.431832984070805,0.44657547031002404,1.7757961783439489
8.010204081632654,14.714285714285714,0.6,49.098333333333336,0.901666666666664,8.432352346288315,0.4534476964948049,1.8369426751592353
8.010204081632654,15.204081632653061,0.5666666666666667,49.63666666666667,0.3633333333333295,8.274013466907986,0.46008214744874537,1.8980891719745219
8.010204081632654,15.693877551020408,0.5,51.01833333333334,-1.0183333333333364,9.282877111718348,0.4664721973973734,1.9592356687898087
8.010204081632654,16.183673469387756,0.43333333333333335,52.11166666666667,-2.11166666666667,9.441121384057391,0.47265023463639844,2.0203821656050955
8.010204081632654,16.6734693877551,0.4,53.080000000000005,-3.080000000000003,9.254948350234985,0.4787015357743588,2.0815286624203817
8.010204081632654,17.163265306122447,0.3333333333333333,54.38275862068966,-4.382758620689659,9.09395674396375,0.4846390952522532,2.1426751592356683
8.010204081632654,17.653061224489797,0.26666666666666666,55.213793103448275,-5.213793103448279,9.15148208675712,0.4904645547043604,2.2038216560509554
8.010204081632654,18.142857142857142,0.23333333333333334,55.31071428571429,-5.3107142857142895,9.331977650975537,0.496144675760211,2.2649681528662415
8.010204081632654,18.632653061224488,0.23333333333333334,57.292857142857144,-7.292857142857146,10.541186544057256,0.5016209192508644,2.326114649681528
8.010204081632654,19.122448979591837,0.23333333333333334,58.56071428571429,-8.560714285714289,10.720803220520452,0.506920720620154,2.3872611464968156
8.010204081632654,19.612244897959183,0.23333333333333334,58.87222222222223,-8.872222222222225,10.228601804342315,0.5120913142882512,2.4484076433121014
8.010204081632654,20.10204081632653,0.23333333333333334,59.29807692307692,-9.298076923076927,10.664178175267239,0.5171054732346877,2.509554140127388
8.010204081632654,20.591836734693878,0.2,59.825,-9.825000000000003,10.579331264309669,0.5219477981046311,2.570700636942675
8.010204081632654,21.081632653061224,0.2,59.77,-9.770000000000005,10.313684275433943,0.5266378937344531,2.631847133757961
8.010204081632654,21.57142857142857,0.2,61.04791666666667,-11.047916666666671,10.358251060687412,0.5312400328492276,2.692993630573248
8.010204081632654,22.06122448979592,0.13333333333333333,61.786956521739135,-11.786956521739134,9.98429695926313,0.5357971616847814,2.7541401273885344
8.010204081632654,22.551020408163264,0.1,62.22391304347826,-12.223913043478264,9.804415396382497,0.5402203446601487,2.815286624203821
8.010204081632654,23.04081632653061,0.1,62.13636363636363,-12.136363636363642,9.37538801505839,0.5445360904003655,2.8764331210191076
8.010204081632654,23.53061224489796,0.1,63.52272727272727,-13.522727272727275,9.858447275508588,0.5487329421939126,2.9375796178343943
8.010204081632654,24.020408163265305,0.06666666666666667,63.75454545454546,-13.754545454545458,9.861093693458594,0.5528597937236771,2.998726114649681
8.010204081632654,24.51020408163265,0.03333333333333333,66.13095238095238,-16.130952380952383,8.295985116164267,0.5569269966189754,3.0598726114649675
8.010204081632654,25.0,0.03333333333333333,66.87380952380953,-16.873809523809527,8.11850692935005,0.5609234123846881,3.121019108280254
8.244897959183675,1.0,1.0,10.235000000000001,39.765,0.33222084470299795,0.07400871400634983,0.12128712871287127
8.244897959183675,1.489795918367347,1.0,13.2,36.8,2.6724004449054877,0.09882928437893385,0.1806930693069307
8.244897959183675,1.9795918367346939,1.0,17.311666666666667,32.68833333333333,3.6088417124816004,0.121791659385096,0.24009900990099006
8.244897959183675,2.4693877551020407,1.0,20.560000000000002,29.439999999999998,3.524162898892592,0.143776090338862,0.29950495049504944
8.244897959183675,2.9591836734693877,1.0,23.235000000000003,26.764999999999997,1.8259692749615057,0.16475148202778295,0.35891089108910884
8.244897959183675,3.4489795918367347,1.0,24.685000000000002,25.314999999999998,2.18174834984903,0.18466956513947094,0.41831683168316824
8.244897959183675,3.9387755102040813,1.0,26.10166666666667,23.89833333333333,2.3539212820948046,0.20344912765758713,0.47772277227722765
8.244897959183675,4.428571428571429,1.0,27.548333333333336,22.451666666666664,3.0729207529682547,0.22133540940690274,0.537128712871287
8.244897959183675,4.918367346938775,1.0,28.358333333333334,21.641666666666666,2.986754764453973,0.2381269712844727,0.5965346534653464
8.244897959183675,5.408163265306122,1.0,29.418333333333337,20.581666666666663,3.3832876108115997,0.2540282679903887,0.6559405940594057
8.244897959183675,5.8979591836734695,1.0,30.611666666666668,19.388333333333332,3.7826665319525614,0.2691123533530611,0.7153465346534652
8.244897959183675,6.387755102040816,1.0,32.038333333333334,17.961666666666662,3.928623592727272,0.28353303394615775,0.7747524752475247
8.244897959183675,6.877551020408163,1.0,32.96333333333334,17.036666666666665,4.0444924947674075,0.2971297799598968,0.834158415841584
8.244897959183675,7.36734693877551,1.0,34.14333333333333,15.856666666666664,4.007938960693348,0.30993774239926214,0.8935643564356435
8.244897959183675,7.857142857142857,1.0,35.845000000000006,14.154999999999998,4.058162273059415,0.3220782700011091,0.9529702970297028
8.244897959183675,8.346938775510203,0.9666666666666667,37.48833333333334,12.511666666666665,5.3998672291042515,0.3336880285374765,1.0123762376237622
8.244897959183675,8.83673469387755,0.9666666666666667,38.056666666666665,11.943333333333332,5.355785356192796,0.344702461836906,1.0717821782178214
8.244897959183675,9.326530612244898,0.9666666666666667,38.51833333333333,11.481666666666664,5.258351048297027,0.35516593313618045,1.131188118811881
8.244897959183675,9.816326530612244,0.9666666666666667,39.44666666666667,10.553333333333333,5.554602523619696,0.36506710122930436,1.1905940594059403
8.244897959183675,10.306122448979592,0.9666666666666667,40.053333333333335,9.946666666666664,6.114185503222494,0.37450270132855595,1.2499999999999998
8.244897959183675,10.795918367346939,0.8666666666666667,42.61000000000001,7.389999999999998,8.184251066361625,0.38354108432095463,1.3094059405940592
8.244897959183675,11.285714285714285,0.8,43.55833333333333,6.441666666666664,8.242782457621828,0.3923509167248008,1.3688118811881185
8.244897959183675,11.775510204081632,0.7666666666666667,44.33500000000001,5.664999999999997,8.11591826661314,0.4008589591925682,1.428217821782178
8.244897959183675,12.26530612244898,0.7666666666666667,44.97166666666667,5.028333333333331,8.13963994939255,0.4090424555087875,1.4876237623762374
8.244897959183675,12.755102040816325,0.6333333333333333,45.99333333333334,4.006666666666663,8.512412168095494,0.4168541717551259,1.5470297029702966
8.244897959183675,13.244897959183673,0.6333333333333333,46.24666666666667,3.7533333333333303,8.528208096272824,0.42433259833220044,1.606435643564356
8.244897959183675,13.73469387755102,0.6,47.535000000000004,2.464999999999997,8.536535576870303,0.43159558514366336,1.6658415841584155
8.244897959183675,14.224489795918368,0.6,48.27666666666667,1.7233333333333305,8.350002408974804,0.4386384954366017,1.725247524752475
8.244897959183675,14.714285714285714,0.6,49.155,0.8449999999999974,8.413283319067327,0.445406208287005,1.7846534653465342
8.244897959183675,15.204081632653061,0.5666666666666667,49.7,0.29999999999999644,8.213109789464227,0.4519600078556713,1.8440594059405937
8.244897959183675,15.693877551020408,0.5,51.03333333333333,-1.0333333333333359,9.27378891928969,0.4583054847878035,1.9034653465346532
8.244897959183675,16.183673469387756,0.43333333333333335,52.181666666666665,-2.18166666666667,9.373573301403345,0.4645101129425653,1.9628712871287126
8.244897959183675,16.6734693877551,0.4,53.178333333333335,-3.178333333333336,9.2896743134824,0.4706817854535705,2.022277227722772
8.244897959183675,17.163265306122447,0.3333333333333333,54.393103448275866,-4.393103448275865,9.085896882943791,0.476686213152068,2.081683168316831
8.244897959183675,17.653061224489797,0.26666666666666666,55.21724137931035,-5.217241379310348,9.147572627499027,0.4824881546087055,2.141089108910891
8.244897959183675,18.142857142857142,0.23333333333333334,55.314285714285724,-5.314285714285718,9.333758493717717,0.4880741287488409,2.20049504950495
8.244897959183675,18.632653061224488,0.23333333333333334,57.408928571428575,-7.408928571428575,10.422030206458748,0.4934990803033598,2.2599009900990095
8.244897959183675,19.122448979591837,0.23333333333333334,58.56964285714286,-8.56964285714286,10.72197759610738,0.4987825260870085,2.319306930693069
8.244897959183675,19.612244897959183,0.23333333333333334,58.87222222222223,-8.872222222222225,10.228601804342315,0.5038848684751301,2.3787128712871284
8.244897959183675,20.10204081632653,0.23333333333333334,59.30576923076923,-9.305769230769233,10.659665350498363,0.5088287868077569,2.4381188118811874
8.244897959183675,20.591836734693878,0.2,59.825,-9.825000000000003,10.579331264309669,0.5136099776641386,2.4975247524752473
8.244897959183675,21.081632653061224,0.2,59.77,-9.770000000000005,10.313684275433943,0.5183369343425548,2.5569306930693063
8.244897959183675,21.57142857142857,0.2,61.04791666666667,-11.047916666666671,10.358251060687412,0.5229706447843956,2.6163366336633658
8.244897959183675,22.06122448979592,0.13333333333333333,61.79347826086956,-11.793478260869568,9.973855645771486,0.5274880834740674,2.6757425742574252
8.244897959183675,22.551020408163264,0.1,62.22391304347826,-12.223913043478264,9.804415396382497,0.5318717049825856,2.7351485148514842
8.244897959183675,23.04081632653061,0.1,62.13636363636363,-12.136363636363642,9.37538801505839,0.5361525402902468,2.7945544554455437
8.244897959183675,23.53061224489796,0.1,63.52272727272727,-13.522727272727275,9.858447275508588,0.5404073797675123,2.8539603960396036
8.244897959183675,24.020408163265305,0.06666666666666667,63.75454545454546,-13.754545454545458,9.861093693458594,0.5445590287403224,2.9133663366336626
8.244897959183675,24.51020408163265,0.03333333333333333,66.13095238095238,-16.130952380952383,8.295985116164267,0.5485943984784871,2.972772277227722
8.244897959183675,25.0,0.03333333333333333,66.87380952380953,-16.873809523809527,8.11850692935005,0.5525890737387754,3.0321782178217815
8.479591836734695,1.0,1.0,10.228333333333333,39.77166666666667,0.32554551917892033,0.07306125836910424,0.11793020457280383
8.479591836734695,1.489795918367347,1.0,12.930000000000001,37.07,2.72199217105971,0.09738619540155388,0.1756919374247894
8.479591836734695,1.9795918367346939,1.0,17.053333333333335,32.946666666666665,3.5802603770977472,0.11991640806756755,0.23345367027677494
8.479591836734695,2.4693877551020407,1.0,20.588333333333335,29.41166666666667,3.5785202907436995,0.1413248557577389,0.2912154031287605
8.479591836734695,2.9591836734693877,1.0,22.94,27.06,2.9052390251240006,0.16184992204368162,0.34897713598074603
8.479591836734695,3.4489795918367347,1.0,24.78666666666667,25.21333333333333,2.295645553160837,0.18130410921401366,0.4067388688327316
8.479591836734695,3.9387755102040813,1.0,26.418333333333337,23.581666666666663,2.6289660788374887,0.19968936955473468,0.46450060168471713
8.479591836734695,4.428571428571429,1.0,27.675,22.325,3.056698410444477,0.21718163667326135,0.5222623345367027
8.479591836734695,4.918367346938775,1.0,28.451666666666668,21.548333333333332,3.079394346333365,0.2336764384753862,0.5800240673886883
8.479591836734695,5.408163265306122,1.0,29.716666666666665,20.283333333333335,3.5448440784087927,0.24929395530938586,0.6377858002406737
8.479591836734695,5.8979591836734695,1.0,30.80166666666667,19.19833333333333,3.8509399509401754,0.2642042509683375,0.6955475330926594
8.479591836734695,6.387755102040816,1.0,32.12666666666667,17.87333333333333,3.8776488906991355,0.2783174991586256,0.7533092659446449
8.479591836734695,6.877551020408163,1.0,32.986666666666665,17.013333333333332,4.026869523701946,0.29162196197271306,0.8110709987966304
8.479591836734695,7.36734693877551,1.0,34.223333333333336,15.776666666666666,4.04894054540566,0.3041850651475544,0.868832731648616
8.479591836734695,7.857142857142857,1.0,35.88333333333333,14.116666666666665,4.045225651890466,0.3160788230477355,0.9265944645006016
8.479591836734695,8.346938775510203,0.9666666666666667,37.525,12.474999999999998,5.387753514316936,0.3274985700022795,0.9843561973525871
8.479591836734695,8.83673469387755,0.9666666666666667,38.08833333333334,11.911666666666665,5.342730854956645,0.33832250919644374,1.0421179302045727
8.479591836734695,9.326530612244898,0.9666666666666667,38.57666666666667,11.42333333333333,5.232009130365684,0.34857740471961995,1.0998796630565582
8.479591836734695,9.816326530612244,0.9666666666666667,39.51833333333334,10.481666666666664,5.609174801521432,0.3583665566838815,1.1576413959085436
8.479591836734695,10.306122448979592,0.9666666666666667,40.093333333333334,9.906666666666665,6.110656792586343,0.36763838205070093,1.2154031287605294
8.479591836734695,10.795918367346939,0.8666666666666667,42.805,7.194999999999997,8.128009787361743,0.3766113485846975,1.2731648616125149
8.479591836734695,11.285714285714285,0.8,43.71833333333334,6.2816666666666645,8.204955224124324,0.38530379981591306,1.3309265944645003
8.479591836734695,11.775510204081632,0.7666666666666667,44.555,5.444999999999998,8.092720760680233,0.39367162124059674,1.3886883273164858
8.479591836734695,12.26530612244898,0.7666666666666667,45.00833333333333,4.991666666666664,8.124049900241209,0.401720276411596,1.4464500601684713
8.479591836734695,12.755102040816325,0.6333333333333333,46.04833333333333,3.951666666666664,8.487835954788611,0.40939700480131364,1.504211793020457
8.479591836734695,13.244897959183673,0.6,46.553333333333335,3.4466666666666637,8.713524301172658,0.4167829596723786,1.5619735258724425
8.479591836734695,13.73469387755102,0.6,47.67666666666667,2.323333333333331,8.460524290158844,0.42398898372856164,1.6197352587244283
8.479591836734695,14.224489795918368,0.6,48.425,1.5749999999999973,8.470147883739328,0.4309298954213789,1.6774969915764137
8.479591836734695,14.714285714285714,0.6,49.18,0.8199999999999974,8.394883499222443,0.437645306654788,1.7352587244283992
8.479591836734695,15.204081632653061,0.5666666666666667,49.73666666666667,0.26333333333333,8.192321187354754,0.4441386926919754,1.7930204572803847
8.479591836734695,15.693877551020408,0.5,51.098333333333336,-1.0983333333333358,9.216537641216144,0.45061989042782713,1.8507821901323704
8.479591836734695,16.183673469387756,0.43333333333333335,52.28,-2.280000000000003,9.279775933680206,0.4569186032161381,1.9085439229843562
8.479591836734695,16.6734693877551,0.4,53.333333333333336,-3.333333333333336,9.124704372474621,0.4630574373909148,1.9663056558363414
8.479591836734695,17.163265306122447,0.3333333333333333,54.42586206896552,-4.42586206896552,9.058871152175868,0.46897972191701837,2.024067388688327
8.479591836734695,17.653061224489797,0.26666666666666666,55.23620689655173,-5.236206896551728,9.12769428473944,0.47468984599339065,2.081829121540313
8.479591836734695,18.142857142857142,0.23333333333333334,55.473214285714285,-5.473214285714289,9.317342274677477,0.48023150993940455,2.139590854392298
8.479591836734695,18.632653061224488,0.23333333333333334,57.42321428571429,-7.423214285714288,10.423739662183316,0.4856217523883777,2.1973525872442834
8.479591836734695,19.122448979591837,0.23333333333333334,58.57321428571429,-8.573214285714288,10.72203928004143,0.49083716672269995,2.2551143200962693
8.479591836734695,19.612244897959183,0.23333333333333334,58.888888888888886,-8.888888888888893,10.206976623607591,0.49587212684546206,2.312876052948255
8.479591836734695,20.10204081632653,0.23333333333333334,59.32692307692308,-9.326923076923078,10.643197177251118,0.500811232853149,2.3706377858002403
8.479591836734695,20.591836734693878,0.2,60.13653846153847,-10.136538461538464,10.482247446920033,0.5056462542200365,2.428399518652226
8.479591836734695,21.081632653061224,0.2,59.776,-9.776000000000003,10.30858380186144,0.5103204873573365,2.4861612515042113
8.479591836734695,21.57142857142857,0.2,61.07916666666667,-11.079166666666671,10.374570883390444,0.514912351591114,2.5439229843561963
8.479591836734695,22.06122448979592,0.13333333333333333,61.80217391304348,-11.80217391304348,9.971134227687504,0.5194160386772764,2.6016847172081827
8.479591836734695,22.551020408163264,0.1,62.22608695652174,-12.226086956521744,9.803870635960081,0.5237888314649991,2.659446450060168
8.479591836734695,23.04081632653061,0.1,62.14318181818182,-12.143181818181823,9.367030523197354,0.5281161900040233,2.7172081829121533
8.479591836734695,23.53061224489796,0.1,63.53636363636363,-13.536363636363639,9.85035872948631,0.5323718751332227,2.774969915764139
8.479591836734695,24.020408163265305,0.06666666666666667,63.75454545454546,-13.754545454545458,9.861093693458594,0.5365312755488055,2.8327316486161247
8.479591836734695,24.51020408163265,0.03333333333333333,66.13095238095238,-16.130952380952383,8.295985116164267,0.5406165070382911,2.89049338146811
8.479591836734695,25.0,0.03333333333333333,66.87380952380953,-16.873809523809527,8.11850692935005,0.5445915511287168,2.9482551143200957
8.714285714285715,1.0,1.0,10.215000000000002,39.785,0.32434283692116533,0.07216378826403108,0.11475409836065573
8.714285714285715,1.489795918367347,1.0,12.690000000000001,37.309999999999995,2.684996628778465,0.09602894315880232,0.17096018735362997
8.714285714285715,1.9795918367346939,1.0,16.740000000000002,33.26,3.6711926090051175,0.11811083138636327,0.2271662763466042
8.714285714285715,2.4693877551020407,1.0,20.291666666666668,29.708333333333332,3.674588490526885,0.1389742089068347,0.2833723653395784
8.714285714285715,2.9591836734693877,1.0,23.016666666666666,26.983333333333334,2.9648612613157086,0.1590682628457631,0.3395784543325526
8.714285714285715,3.4489795918367347,1.0,24.886666666666667,25.113333333333333,2.6100579110147297,0.1780825022486021,0.39578454332552687
8.714285714285715,3.9387755102040813,1.0,26.448333333333334,23.551666666666666,2.6381316316186973,0.19610173055554211,0.45199063231850106
8.714285714285715,4.428571428571429,1.0,27.791666666666668,22.208333333333332,3.0448397085191057,0.21319472788692473,0.5081967213114754
8.714285714285715,4.918367346938775,1.0,28.76,21.24,3.2601142353583588,0.22945279119894382,0.5644028103044495
8.714285714285715,5.408163265306122,1.0,29.810000000000002,20.189999999999998,3.558825842790055,0.24486892976277455,0.6206088992974238
8.714285714285715,5.8979591836734695,1.0,31.02166666666667,18.97833333333333,3.9339302829694844,0.25948917943919125,0.6768149882903981
8.714285714285715,6.387755102040816,1.0,32.33833333333334,17.661666666666665,3.8577437423459315,0.2732867307239742,0.7330210772833723
8.714285714285715,6.877551020408163,1.0,33.35,16.65,4.116933073421826,0.2863103695895476,0.7892271662763465
8.714285714285715,7.36734693877551,1.0,34.88666666666667,15.113333333333333,3.905564847958513,0.29863620495618837,0.8454332552693208
8.714285714285715,7.857142857142857,1.0,35.94166666666667,14.058333333333332,4.0970149632623265,0.3102974816022536,0.901639344262295
8.714285714285715,8.346938775510203,0.9666666666666667,37.68,12.319999999999997,5.401318485269162,0.32151891387385934,0.9578454332552692
8.714285714285715,8.83673469387755,0.9666666666666667,38.163333333333334,11.836666666666666,5.313855236197573,0.3321579933016258,1.0140515222482434
8.714285714285715,9.326530612244898,0.9666666666666667,38.87166666666667,11.12833333333333,5.256829438656579,0.342277133584357,1.0702576112412177
8.714285714285715,9.816326530612244,0.9666666666666667,39.61833333333334,10.381666666666664,5.570712876645412,0.35188462588990543,1.126463700234192
8.714285714285715,10.306122448979592,0.9666666666666667,40.38,9.62,6.005796051057391,0.3610524611822672,1.182669789227166
8.714285714285715,10.795918367346939,0.8666666666666667,42.88166666666667,7.11833333333333,8.07576710708129,0.36997477447406496,1.2388758782201401
8.714285714285715,11.285714285714285,0.8,43.86000000000001,6.139999999999997,8.129346582725391,0.37855637409092274,1.2950819672131144
8.714285714285715,11.775510204081632,0.7666666666666667,44.64,5.3599999999999985,8.017969043729646,0.3867460035868396,1.3512880562060887
8.714285714285715,12.26530612244898,0.7666666666666667,45.145,4.854999999999998,8.048370471181064,0.39461533691859196,1.407494145199063
8.714285714285715,12.755102040816325,0.6333333333333333,46.059999999999995,3.9399999999999977,8.489003028259155,0.40216709104507753,1.463700234192037
8.714285714285715,13.244897959183673,0.6,46.57333333333334,3.4266666666666636,8.702375154711117,0.40948416649845926,1.5199063231850114
8.714285714285715,13.73469387755102,0.6,47.895,2.1049999999999978,8.575218404778688,0.4166399323433643,1.5761124121779857
8.714285714285715,14.224489795918368,0.6,48.46166666666667,1.5383333333333307,8.426964964074976,0.42352092118510953,1.63231850117096
8.714285714285715,14.714285714285714,0.6,49.25166666666667,0.7483333333333306,8.340609869098648,0.43022083859546634,1.688524590163934
8.714285714285715,15.204081632653061,0.5333333333333333,50.436666666666675,-0.4366666666666698,8.658610756344522,0.4368875409223712,1.7447306791569084
8.714285714285715,15.693877551020408,0.5,51.13166666666667,-1.1316666666666693,9.204276398663206,0.44332078670497516,1.8009367681498827
8.714285714285715,16.183673469387756,0.4,52.723333333333336,-2.723333333333336,9.077537009614423,0.4495652671798229,1.857142857142857
8.714285714285715,16.6734693877551,0.36666666666666664,53.96833333333334,-3.9683333333333364,9.082395659711166,0.45561487901639447,1.913348946135831
8.714285714285715,17.163265306122447,0.3,55.008620689655174,-5.008620689655175,9.167187886360919,0.46145115998776765,1.9695550351288051
8.714285714285715,17.653061224489797,0.26666666666666666,55.260344827586216,-5.26034482758621,9.127395764854063,0.4671121306107345,2.0257611241217797
8.714285714285715,18.142857142857142,0.23333333333333334,55.478571428571435,-5.478571428571432,9.315095559950272,0.47262564084711944,2.081967213114754
8.714285714285715,18.632653061224488,0.23333333333333334,57.425000000000004,-7.425000000000003,10.422736009605439,0.4779388387247482,2.138173302107728
8.714285714285715,19.122448979591837,0.23333333333333334,58.57678571428572,-8.576785714285716,10.720441551703553,0.48313803509325465,2.1943793911007026
8.714285714285715,19.612244897959183,0.23333333333333334,58.8925925925926,-8.892592592592596,10.202476167236068,0.48819029113880247,2.2505854800936764
8.714285714285715,20.10204081632653,0.23333333333333334,59.37884615384616,-9.378846153846156,10.617176395604654,0.4931059698596216,2.3067915690866507
8.714285714285715,20.591836734693878,0.2,60.142307692307696,-10.142307692307694,10.479014193211997,0.4978599847082943,2.362997658079625
8.714285714285715,21.081632653061224,0.2,59.788000000000004,-9.788000000000004,10.29559250359104,0.5025478967979014,2.4192037470725993
8.714285714285715,21.57142857142857,0.2,61.07916666666667,-11.079166666666671,10.374570883390444,0.5071515150507226,2.475409836065573
8.714285714285715,22.06122448979592,0.13333333333333333,61.80217391304348,-11.80217391304348,9.971134227687504,0.5116395786166145,2.531615925058548
8.714285714285715,22.551020408163264,0.1,62.22608695652174,-12.226086956521744,9.803870635960081,0.5160689923215537,2.5878220140515213
8.714285714285715,23.04081632653061,0.1,62.14318181818182,-12.143181818181823,9.367030523197354,0.520388266502537,2.644028103044496
8.714285714285715,23.53061224489796,0.1,63.53636363636363,-13.536363636363639,9.85035872948631,0.5246362513026199,2.7002341920374704
8.714285714285715,24.020408163265305,0.06666666666666667,63.75454545454546,-13.754545454545458,9.861093693458594,0.5287613263940195,2.7564402810304447
8.714285714285715,24.51020408163265,0.03333333333333333,66.13095238095238,-16.130952380952383,8.295985116164267,0.5327815791249455,2.8126463700234186
8.714285714285715,25.0,0.03333333333333333,66.87380952380953,-16.873809523809527,8.11850692935005,0.5367463951877826,2.8688524590163933
8.948979591836736,1.0,1.0,10.196666666666667,39.803333333333335,0.30397746437947576,0.0712990994104862,0.11174458380843784
8.948979591836736,1.489795918367347,1.0,12.473333333333334,37.526666666666664,2.6310065378669907,0.09473803819295551,0.16647662485746864
8.948979591836736,1.9795918367346939,1.0,16.32166666666667,33.678333333333335,3.628186669087898,0.1163720270005944,0.2212086659064994
8.948979591836736,2.4693877551020407,1.0,20.280000000000005,29.720000000000002,3.6909161557756263,0.13671587513161043,0.2759407069555302
8.948979591836736,2.9591836734693877,1.0,22.323333333333334,27.676666666666666,3.9118461408758214,0.15639855792606247,0.330672748004561
8.948979591836736,3.4489795918367347,1.0,25.03166666666667,24.96833333333333,2.8004458799335477,0.17503165373493498,0.38540478905359177
8.948979591836736,3.9387755102040813,1.0,26.418333333333337,23.581666666666663,2.733208400565084,0.1927056888611524,0.44013683010262256
8.948979591836736,4.428571428571429,1.0,27.833333333333332,22.166666666666668,3.0467714210216075,0.20944316748707795,0.49486887115165334
8.948979591836736,4.918367346938775,1.0,28.78166666666667,21.21833333333333,3.2619140597712466,0.22544445451909492,0.5496009122006841
8.948979591836736,5.408163265306122,1.0,30.12,19.88,3.744181693204023,0.24060207867259334,0.6043329532497148
8.948979591836736,5.8979591836734695,1.0,31.233333333333334,18.766666666666666,3.93865313346417,0.2549411314867163,0.6590649942987457
8.948979591836736,6.387755102040816,1.0,32.43333333333334,17.566666666666663,3.7852101780421687,0.26843365462589464,0.7137970353477764
8.948979591836736,6.877551020408163,1.0,33.818333333333335,16.181666666666665,3.9261607845001882,0.28121051062193986,0.7685290763968072
8.948979591836736,7.36734693877551,1.0,34.98666666666667,15.013333333333332,3.8757186949388958,0.2932879727112759,0.823261117445838
8.948979591836736,7.857142857142857,1.0,36.225,13.774999999999999,3.9213990729910635,0.3047320730335769,0.8779931584948687
8.948979591836736,8.346938775510203,0.9666666666666667,37.73166666666667,12.268333333333333,5.357278055217924,0.3157594598139781,0.9327251995438994
8.948979591836736,8.83673469387755,0.9666666666666667,38.21166666666667,11.788333333333332,5.2941360425268265,0.32625752073592923,0.9874572405929303
8.948979591836736,9.326530612244898,0.9666666666666667,38.903333333333336,11.096666666666664,5.241922083209249,0.3361975726901159,1.0421892816419611
8.948979591836736,9.816326530612244,0.9666666666666667,39.730000000000004,10.269999999999998,5.5964828856751785,0.3456741111748552,1.0969213226909917
8.948979591836736,10.306122448979592,0.9333333333333333,41.75833333333333,8.241666666666665,7.184874957918165,0.3548005522655779,1.1516533637400224
8.948979591836736,10.795918367346939,0.8666666666666667,42.983333333333334,7.016666666666664,8.001199622700264,0.3635977841583962,1.2063854047890534
8.948979591836736,11.285714285714285,0.8,43.895,6.104999999999998,8.109895509340044,0.3720092168255886,1.261117445838084
8.948979591836736,11.775510204081632,0.7666666666666667,44.708333333333336,5.291666666666665,8.010392854171444,0.38005044963833806,1.315849486887115
8.948979591836736,12.26530612244898,0.7666666666666667,45.205000000000005,4.794999999999997,8.028476795455811,0.3877345161190218,1.3705815279361457
8.948979591836736,12.755102040816325,0.6333333333333333,46.108333333333334,3.891666666666665,8.460099894793505,0.39516651345308534,1.4253135689851766
8.948979591836736,13.244897959183673,0.6,46.72833333333334,3.2716666666666634,8.726877659172319,0.4025202883741357,1.4800456100342072
8.948979591836736,13.73469387755102,0.6,48.038333333333334,1.961666666666664,8.433325553128936,0.40960772414416363,1.534777651083238
8.948979591836736,14.224489795918368,0.6,48.480000000000004,1.519999999999998,8.412558346367321,0.4164951392230524,1.589509692132269
8.948979591836736,14.714285714285714,0.6,49.415,0.5849999999999973,8.268345850498047,0.423289107194087,1.6442417331812997
8.948979591836736,15.204081632653061,0.5333333333333333,50.47166666666667,-0.4716666666666697,8.634949866409318,0.4298674859679183,1.6989737742303306
8.948979591836736,15.693877551020408,0.43333333333333335,51.65166666666667,-1.6516666666666695,9.175449658560698,0.43622131364914435,1.7537058152793612
8.948979591836736,16.183673469387756,0.4,52.74166666666667,-2.7416666666666694,9.064387338154297,0.4423903373518974,1.808437856328392
8.948979591836736,16.6734693877551,0.3333333333333333,54.33166666666667,-4.33166666666667,8.905194951624404,0.4483546988970727,1.863169897377423
8.948979591836736,17.163265306122447,0.3,55.02758620689656,-5.027586206896554,9.16312082487356,0.45414953948151265,1.9179019384264535
8.948979591836736,17.653061224489797,0.26666666666666666,55.089285714285715,-5.089285714285717,9.247425639191752,0.45977329157759056,1.9726339794754846
8.948979591836736,18.142857142857142,0.23333333333333334,55.50357142857143,-5.5035714285714326,9.310994383099821,0.465254014141688,2.027366020524515
8.948979591836736,18.632653061224488,0.23333333333333334,57.69821428571429,-7.698214285714289,10.220771172459951,0.47056793358371024,2.0820980615735456
8.948979591836736,19.122448979591837,0.23333333333333334,58.591071428571425,-8.59107142857143,10.699109114620752,0.4757080151632331,2.136830102622577
8.948979591836736,19.612244897959183,0.23333333333333334,58.898148148148145,-8.89814814814815,10.198863827006583,0.48070883078507504,2.1915621436716077
8.948979591836736,20.10204081632653,0.23333333333333334,59.409615384615385,-9.409615384615387,10.580699591527672,0.485592825380143,2.246294184720638
8.948979591836736,20.591836734693878,0.2,60.17307692307692,-10.173076923076925,10.476700155766899,0.49040181015552237,2.301026225769669
8.948979591836736,21.081632653061224,0.2,59.8,-9.800000000000004,10.27765578005672,0.49510817421940384,2.3557582668187
8.948979591836736,21.57142857142857,0.2,61.085416666666674,-11.085416666666669,10.375142525649286,0.49966311335589897,2.41049030786773
8.948979591836736,22.06122448979592,0.13333333333333333,61.80217391304348,-11.80217391304348,9.971134227687504,0.5041499252064975,2.4652223489167615
8.948979591836736,22.551020408163264,0.1,62.22608695652174,-12.226086956521744,9.803870635960081,0.5085756788471733,2.519954389965792
8.948979591836736,23.04081632653061,0.1,62.14318181818182,-12.143181818181823,9.367030523197354,0.5128718485418539,2.5746864310148228
8.948979591836736,23.53061224489796,0.1,63.540909090909096,-13.540909090909093,9.842674776362712,0.5170661034523747,2.6294184720638536
8.948979591836736,24.020408163265305,0.06666666666666667,63.75681818181818,-13.756818181818183,9.863910837643811,0.5211860003198304,2.6841505131128844
8.948979591836736,24.51020408163265,0.03333333333333333,66.13095238095238,-16.130952380952383,8.295985116164267,0.525211292869929,2.7388825541619153
8.948979591836736,25.0,0.03333333333333333,66.87380952380953,-16.873809523809527,8.11850692935005,0.5291234080856796,2.793614595210946
9.183673469387756,1.0,1.0,10.175,39.825,0.2438024921374154,0.07050257969158577,0.10888888888888888
9.183673469387756,1.489795918367347,1.0,12.298333333333336,37.70166666666667,2.4959444115899556,0.09351839466889976,0.1622222222222222
9.183673469387756,1.9795918367346939,1.0,16.11,33.89,3.7490090644752043,0.11469714657296927,0.21555555555555553
9.183673469387756,2.4693877551020407,1.0,20.02166666666667,29.97833333333333,3.8112963523002867,0.13454532743798442,0.26888888888888884
9.183673469387756,2.9591836734693877,1.0,22.276666666666667,27.723333333333333,4.120736738056415,0.15383237047191164,0.3222222222222222
9.183673469387756,3.4489795918367347,1.0,24.736666666666668,25.263333333333332,3.772151433437106,0.17214440653116903,0.37555555555555553
9.183673469387756,3.9387755102040813,1.0,26.585,23.415,2.8688622639742003,0.18947556208757663,0.4288888888888888
9.183673469387756,4.428571428571429,1.0,27.90666666666667,22.09333333333333,3.0700368787331542,0.2058725826161671,0.4822222222222222
9.183673469387756,4.918367346938775,1.0,28.860000000000003,21.139999999999997,3.2310561954152135,0.22161708774006736,0.5355555555555555
9.183673469387756,5.408163265306122,1.0,30.268333333333334,19.731666666666666,3.7571192957236335,0.23648671785792555,0.5888888888888888
9.183673469387756,5.8979591836734695,1.0,31.373333333333335,18.626666666666665,3.900126729447022,0.2505531435546363,0.6422222222222221
9.183673469387756,6.387755102040816,1.0,32.47,17.529999999999998,3.7754332932425316,0.26376928540752115,0.6955555555555555
9.183673469387756,6.877551020408163,1.0,34.00166666666667,15.998333333333333,4.114513490604669,0.27629349495431793,0.7488888888888887
9.183673469387756,7.36734693877551,1.0,35.303333333333335,14.696666666666664,3.873560540945219,0.2881265547360547,0.8022222222222222
9.183673469387756,7.857142857142857,1.0,36.806666666666665,13.193333333333332,4.472342850756485,0.2993845425087679,0.8555555555555554
9.183673469387756,8.346938775510203,0.9666666666666667,37.895,12.104999999999997,5.432141731684056,0.31023288240696745,0.9088888888888887
9.183673469387756,8.83673469387755,0.9666666666666667,38.36166666666667,11.638333333333332,5.358214501462046,0.32056125752363257,0.9622222222222221
9.183673469387756,9.326530612244898,0.9666666666666667,38.98500000000001,11.014999999999997,5.248713307022052,0.33038386654491547,1.0155555555555555
9.183673469387756,9.816326530612244,0.9666666666666667,39.788333333333334,10.211666666666664,5.61387878898995,0.3397189991682357,1.0688888888888888
9.183673469387756,10.306122448979592,0.9333333333333333,41.94666666666667,8.053333333333331,6.979748208744444,0.3487482629076085,1.122222222222222
9.183673469387756,10.795918367346939,0.8666666666666667,43.21333333333334,6.7866666666666635,8.009670161245971,0.35741319048390335,1.1755555555555555
9.183673469387756,11.285714285714285,0.8,44.02333333333333,5.976666666666663,8.036455014208833,0.3656581310708936,1.2288888888888887
9.183673469387756,11.775510204081632,0.7666666666666667,44.75833333333333,5.2416666666666645,7.980073063071166,0.37356447022014483,1.2822222222222222
9.183673469387756,12.26530612244898,0.7666666666666667,45.370000000000005,4.629999999999997,8.07680373790831,0.3811679590764568,1.3355555555555554
9.183673469387756,12.755102040816325,0.6333333333333333,46.11666666666667,3.8833333333333315,8.459277026796792,0.38855786929993635,1.3888888888888886
9.183673469387756,13.244897959183673,0.6,47.12666666666667,2.87333333333333,8.328490086830673,0.3958370426484176,1.4422222222222223
9.183673469387756,13.73469387755102,0.6,48.120000000000005,1.8799999999999975,8.391298859635745,0.4028922149980689,1.4955555555555553
9.183673469387756,14.224489795918368,0.6,48.50166666666667,1.4983333333333313,8.409543873535563,0.4098293770597653,1.5488888888888888
9.183673469387756,14.714285714285714,0.6,49.46000000000001,0.5399999999999968,8.24834779694154,0.4165413014165629,1.602222222222222
9.183673469387756,15.204081632653061,0.5333333333333333,50.52,-0.5200000000000027,8.607070068984788,0.42302134398494257,1.6555555555555554
9.183673469387756,15.693877551020408,0.43333333333333335,51.803333333333335,-1.803333333333336,9.181840523680362,0.42930915099792705,1.7088888888888887
9.183673469387756,16.183673469387756,0.4,52.74333333333334,-2.7433333333333363,9.061891913804272,0.4354057334948136,1.7622222222222221
9.183673469387756,16.6734693877551,0.3333333333333333,54.38666666666667,-4.386666666666669,8.88984245364195,0.4413223053966527,1.8155555555555554
9.183673469387756,17.163265306122447,0.3,55.060344827586206,-5.06034482758621,9.127562060186802,0.44710030448235716,1.8688888888888886
9.183673469387756,17.653061224489797,0.23333333333333334,55.15535714285715,-5.155357142857146,9.241175363012385,0.4527216009574783,1.922222222222222
9.183673469387756,18.142857142857142,0.23333333333333334,55.51071428571429,-5.510714285714289,9.303875707177262,0.4581376492384289,1.9755555555555553
9.183673469387756,18.632653061224488,0.23333333333333334,57.75892857142857,-7.758928571428576,10.145150762542121,0.4633680972583143,2.0288888888888885
9.183673469387756,19.122448979591837,0.23333333333333334,58.78035714285715,-8.780357142857145,10.478172544281033,0.46852944503889343,2.082222222222222
9.183673469387756,19.612244897959183,0.23333333333333334,58.92692307692308,-8.92692307692308,10.39651124915691,0.47355371204157126,2.1355555555555554
9.183673469387756,20.10204081632653,0.23333333333333334,59.45192307692308,-9.451923076923078,10.549990339040416,0.4784171547107118,2.1888888888888887
9.183673469387756,20.591836734693878,0.2,60.2423076923077,-10.242307692307694,10.52286740682113,0.4831984564917388,2.242222222222222
9.183673469387756,21.081632653061224,0.2,60.488,-10.488000000000005,9.912179797266258,0.4878237835235841,2.295555555555555
9.183673469387756,21.57142857142857,0.2,61.085416666666674,-11.085416666666669,10.375142525649286,0.4923923880580227,2.3488888888888884
9.183673469387756,22.06122448979592,0.13333333333333333,61.85000000000001,-11.850000000000003,9.98287169469423,0.49689262026921105,2.402222222222222
9.183673469387756,22.551020408163264,0.1,62.22826086956522,-12.22826086956522,9.800473389389234,0.5012932913209424,2.4555555555555553
9.183673469387756,23.04081632653061,0.1,62.14318181818182,-12.143181818181823,9.367030523197354,0.5055802813397322,2.5088888888888885
9.183673469387756,23.53061224489796,0.1,63.540909090909096,-13.540909090909093,9.842674776362712,0.5097444343082594,2.562222222222222
9.183673469387756,24.020408163265305,0.06666666666666667,63.76363636363637,-13.763636363636367,9.87492232420544,0.5138406265366553,2.615555555555555
9.183673469387756,24.51020408163265,0.03333333333333333,66.13095238095238,-16.130952380952383,8.295985116164267,0.5178774354815182,2.668888888888888
9.183673469387756,25.0,0.03333333333333333,67.06904761904762,-17.06904761904762,8.213654427087803,0.5218602714910083,2.722222222222222
9.418367346938776,1.0,1.0,10.165000000000001,39.83500000000001,0.24394388840398532,0.06975173836981638,0.10617551462621884
9.418367346938776,1.489795918367347,1.0,12.125,37.875,2.524355499856382,0.09237516569534783,0.1581798483206934
9.418367346938776,1.9795918367346939,1.0,16.003333333333334,33.99666666666666,3.8333143427815473,0.11308440497614483,0.21018418201516792
9.418367346938776,2.4693877551020407,1.0,19.493333333333336,30.506666666666664,4.356104185870779,0.13250018579658746,0.2621885157096424
9.418367346938776,2.9591836734693877,1.0,22.145,27.855,4.197563948702662,0.15136982875873098,0.31419284940411696
9.418367346938776,3.4489795918367347,1.0,24.77166666666667,25.22833333333333,3.790384461742119,0.1694019784603034,0.36619718309859145
9.418367346938776,3.9387755102040813,1.0,26.611666666666668,23.388333333333332,2.8651798804135207,0.18636452716978152,0.418201516793066
9.418367346938776,4.428571428571429,1.0,27.92666666666667,22.07333333333333,3.0708230204602325,0.20249538434748324,0.4702058504875406
9.418367346938776,4.918367346938775,1.0,28.985000000000003,21.014999999999997,3.3219268920104295,0.21792620677793123,0.5222101841820151
9.418367346938776,5.408163265306122,1.0,30.451666666666668,19.548333333333332,3.867536936348894,0.23251695372241385,0.5742145178764896
9.418367346938776,5.8979591836734695,1.0,31.645,18.355,3.934470783323671,0.24631910527975026,0.6262188515709642
9.418367346938776,6.387755102040816,1.0,32.69666666666667,17.30333333333333,3.960884900549661,0.2592951280627681,0.6782231852654387
9.418367346938776,6.877551020408163,1.0,34.04333333333334,15.956666666666665,4.111416681198439,0.27154695436383297,0.7302275189599132
9.418367346938776,7.36734693877551,1.0,35.75,14.249999999999998,4.031813145642952,0.2831428033588782,0.7822318526543878
9.418367346938776,7.857142857142857,1.0,36.84166666666667,13.158333333333331,4.468377074303479,0.2942495901951669,0.8342361863488623
9.418367346938776,8.346938775510203,0.9666666666666667,37.928333333333335,12.071666666666664,5.41956359315304,0.30493383524118484,0.8862405200433368
9.418367346938776,8.83673469387755,0.9666666666666667,38.39,11.609999999999998,5.3478709911450775,0.31512961924615035,0.9382448537378114
9.418367346938776,9.326530612244898,0.9666666666666667,39.205000000000005,10.794999999999998,5.297418857493161,0.3247991981989796,0.990249187432286
9.418367346938776,9.816326530612244,0.9666666666666667,39.84666666666667,10.15333333333333,5.598674925331907,0.3339779628254025,1.0422535211267603
9.418367346938776,10.306122448979592,0.8666666666666667,42.076666666666675,7.923333333333331,7.028166648335938,0.342905691641332,1.0942578548212347
9.418367346938776,10.795918367346939,0.8666666666666667,43.23166666666667,6.768333333333331,8.00503595086947,0.35141621070945644,1.1462621885157096
9.418367346938776,11.285714285714285,0.8,44.09166666666667,5.9083333333333306,8.020674614043873,0.3595331306751593,1.198266522210184
9.418367346938776,11.775510204081632,0.7666666666666667,44.77166666666667,5.228333333333331,7.965796314213679,0.3674018353218121,1.2502708559046585
9.418367346938776,12.26530612244898,0.7333333333333333,45.46166666666667,4.53833333333333,8.051972165073996,0.3749129621220502,1.3022751895991331
9.418367346938776,12.755102040816325,0.6333333333333333,46.165,3.8349999999999986,8.424903048659395,0.3821824965315534,1.3542795232936078
9.418367346938776,13.244897959183673,0.6,47.156666666666666,2.8433333333333297,8.292817138461094,0.3894328165090403,1.4062838569880822
9.418367346938776,13.73469387755102,0.6,48.15,1.8499999999999974,8.373861219541315,0.3964941274162264,1.4582881906825567
9.418367346938776,14.224489795918368,0.6,48.803333333333335,1.1966666666666645,8.389237083941227,0.40335932434020244,1.5102925243770313
9.418367346938776,14.714285714285714,0.6,49.50833333333333,0.4916666666666631,8.214674457139589,0.4099644881111635,1.5622968580715058
9.418367346938776,15.204081632653061,0.5333333333333333,50.54,-0.5400000000000025,8.597026350370546,0.416379878170126,1.6143011917659804
9.418367346938776,15.693877551020408,0.43333333333333335,51.89,-1.8900000000000028,9.103224135171692,0.42259364046628306,1.6663055254604549
9.418367346938776,16.183673469387756,0.4,52.75166666666667,-2.751666666666669,9.05326654072834,0.42865584475001844,1.7183098591549295
9.418367346938776,16.6734693877551,0.3333333333333333,54.40166666666667,-4.40166666666667,8.888810122974776,0.4345843545779088,1.770314192849404
9.418367346938776,17.163265306122447,0.3,55.077586206896555,-5.077586206896554,9.127974918259492,0.44032179915627795,1.8223185265438784
9.418367346938776,17.653061224489797,0.23333333333333334,55.183928571428574,-5.1839285714285745,9.224253995445203,0.44585087695753156,1.874322860238353
9.418367346938776,18.142857142857142,0.23333333333333334,55.542857142857144,-5.542857142857146,9.274204710694768,0.4512552203432655,1.9263271939328275
9.418367346938776,18.632653061224488,0.23333333333333334,57.79821428571429,-7.798214285714289,10.156182956636673,0.45653405662973,1.978331527627302
9.418367346938776,19.122448979591837,0.23333333333333334,58.871428571428574,-8.871428571428575,10.498054745482778,0.46164786370633687,2.0303358613217766
9.418367346938776,19.612244897959183,0.23333333333333334,58.94615384615385,-8.94615384615385,10.390283182636775,0.46658623223896506,2.082340195016251
9.418367346938776,20.10204081632653,0.2,59.55769230769231,-9.55769230769231,10.445780892855185,0.47142356848848,2.1343445287107254
9.418367346938776,20.591836734693878,0.2,60.24615384615385,-10.246153846153849,10.520636131688265,0.4761235441694565,2.1863488624052008
9.418367346938776,21.081632653061224,0.2,60.488,-10.488000000000005,9.912179797266258,0.48078098426966487,2.2383531960996748
9.418367346938776,21.57142857142857,0.2,61.087500000000006,-11.087500000000004,10.375642986885408,0.48538962013526554,2.290357529794149
9.418367346938776,22.06122448979592,0.13333333333333333,61.85000000000001,-11.850000000000003,9.98287169469423,0.48987437439943277,2.342361863488624
9.418367346938776,22.551020408163264,0.1,62.38913043478261,-12.389130434782613,9.668951674417112,0.4942624524380666,2.3943661971830985
9.418367346938776,23.04081632653061,0.1,62.14318181818182,-12.143181818181823,9.367030523197354,0.49853204292941666,2.4463705308775725
9.418367346938776,23.53061224489796,0.1,63.54772727272727,-13.547727272727276,9.84124553277499,0.5027055609152022,2.4983748645720474
9.418367346938776,24.020408163265305,0.06666666666666667,64.27045454545454,-14.270454545454548,9.483138659282004,0.5068451271995252,2.550379198266522
9.418367346938776,24.51020408163265,0.03333333333333333,66.13095238095238,-16.130952380952383,8.295985116164267,0.510876115707258,2.6023835319609963
9.418367346938776,25.0,0.03333333333333333,67.08571428571429,-17.08571428571429,8.206828602711632,0.514806262915614,2.654387865655471
9.653061224489797,1.0,1.0,10.148333333333335,39.85166666666667,0.23136898926909535,0.06902460838872831,0.10359408033826638
9.653061224489797,1.489795918367347,1.0,11.766666666666667,38.233333333333334,2.138333758880455,0.09127756890370957,0.1543340380549683
9.653061224489797,1.9795918367346939,1.0,15.71,34.29,3.96096035028776,0.11154722513432766,0.20507399577167018
9.653061224489797,2.4693877551020407,1.0,18.953333333333333,31.046666666666667,4.346380446820752,0.13058010815818946,0.25581395348837205
9.653061224489797,2.9591836734693877,1.0,22.108333333333334,27.891666666666666,4.274928580434543,0.14906360021534656,0.30655391120507397
9.653061224489797,3.4489795918367347,1.0,24.768333333333334,25.231666666666666,3.8027096358665937,0.16676622110425118,0.3572938689217759
9.653061224489797,3.9387755102040813,1.0,26.62666666666667,23.37333333333333,2.8755729064361923,0.18340449140388532,0.4080338266384777
9.653061224489797,4.428571428571429,1.0,28.008333333333333,21.991666666666667,3.1722689403461772,0.19926665220830023,0.4587737843551797
9.653061224489797,4.918367346938775,1.0,29.113333333333337,20.886666666666663,3.3478231046800984,0.21436715760494363,0.5095137420718816
9.653061224489797,5.408163265306122,1.0,30.47166666666667,19.52833333333333,3.8555531678197688,0.2286863207021572,0.5602536997885834
9.653061224489797,5.8979591836734695,1.0,31.843333333333337,18.156666666666663,3.924980415794176,0.24223657957373596,0.6109936575052853
9.653061224489797,6.387755102040816,1.0,32.71666666666667,17.283333333333328,3.972346942285512,0.2549751999071836,0.6617336152219873
9.653061224489797,6.877551020408163,1.0,34.15,15.849999999999998,4.055094709553437,0.2669677859950915,0.7124735729386891
9.653061224489797,7.36734693877551,1.0,35.81333333333334,14.186666666666666,4.026013115874737,0.27834580372770285,0.763213530655391
9.653061224489797,7.857142857142857,0.9666666666666667,37.42666666666666,12.57333333333333,5.37240287428988,0.2893636823207823,0.8139534883720929
9.653061224489797,8.346938775510203,0.9666666666666667,38.04,11.959999999999997,5.41594707863922,0.29986605506372105,0.8646934460887948
9.653061224489797,8.83673469387755,0.9666666666666667,38.5,11.499999999999998,5.232606655749418,0.30987930094991806,0.9154334038054966
9.653061224489797,9.326530612244898,0.9666666666666667,39.24333333333334,10.756666666666664,5.29817361721574,0.3193923288436509,0.9661733615221987
9.653061224489797,9.816326530612244,0.9666666666666667,39.98166666666667,10.018333333333333,5.880160731636939,0.32845731440223014,1.0169133192389004
9.653061224489797,10.306122448979592,0.8666666666666667,42.135000000000005,7.8649999999999975,6.986577648704643,0.3372674832018738,1.0676532769556024
9.653061224489797,10.795918367346939,0.8333333333333334,43.42666666666667,6.5733333333333315,8.122348196789218,0.34567916599412524,1.1183932346723044
9.653061224489797,11.285714285714285,0.8,44.155,5.844999999999997,8.003268190191926,0.3537290856822768,1.1691331923890063
9.653061224489797,11.775510204081632,0.7666666666666667,44.92666666666666,5.0733333333333315,8.009657245812852,0.36146025778960833,1.219873150105708
9.653061224489797,12.26530612244898,0.7333333333333333,45.476666666666674,4.523333333333331,8.045685643328627,0.36888461527845534,1.27061310782241
9.653061224489797,12.755102040816325,0.6333333333333333,46.186666666666675,3.8133333333333312,8.40413417696123,0.37612165942054454,1.321353065539112
9.653061224489797,13.244897959183673,0.6,47.17166666666667,2.8283333333333305,8.294916217628197,0.3832720167022643,1.3720930232558137
9.653061224489797,13.73469387755102,0.6,48.218333333333334,1.7816666666666643,8.304200052127065,0.39030498102830025,1.4228329809725158
9.653061224489797,14.224489795918368,0.6,49.061666666666675,0.9383333333333305,8.379497591446487,0.3970510033393118,1.473572938689218
9.653061224489797,14.714285714285714,0.6,49.61166666666667,0.38833333333333,8.204474003747038,0.4035828068297445,1.5243128964059194
9.653061224489797,15.204081632653061,0.5,50.57000000000001,-0.5700000000000026,8.578919632970432,0.40994949961565913,1.5750528541226214
9.653061224489797,15.693877551020408,0.43333333333333335,51.96666666666667,-1.9666666666666694,9.025723137838849,0.4161203985412691,1.6257928118393232
9.653061224489797,16.183673469387756,0.4,52.766666666666666,-2.7666666666666697,9.052712808622745,0.42219272288148246,1.6765327695560253
9.653061224489797,16.6734693877551,0.3333333333333333,54.44500000000001,-4.445000000000003,8.94721445768034,0.42806249130840335,1.727272727272727
9.653061224489797,17.163265306122447,0.3,55.10517241379311,-5.105172413793107,9.126505206848917,0.4337832513510392,1.7780126849894289
9.653061224489797,17.653061224489797,0.23333333333333334,55.19285714285714,-5.192857142857146,9.222634337703308,0.4392947235545347,1.828752642706131
9.653061224489797,18.142857142857142,0.23333333333333334,55.65714285714286,-5.65714285714286,9.247238970169883,0.444665005738277,1.8794926004228327
9.653061224489797,18.632653061224488,0.23333333333333334,57.85000000000001,-7.850000000000003,10.152275789383564,0.4498732673650666,1.9302325581395345
9.653061224489797,19.122448979591837,0.23333333333333334,58.875,-8.875000000000004,10.49295619116127,0.45490025703111414,1.9809725158562368
9.653061224489797,19.612244897959183,0.23333333333333334,58.95384615384616,-8.953846153846156,10.387578380709558,0.45979082857108455,2.0317124735729384
9.653061224489797,20.10204081632653,0.2,59.58269230769231,-9.58269230769231,10.40761204415011,0.4645849100024474,2.0824524312896404
9.653061224489797,20.591836734693878,0.2,60.26538461538462,-10.265384615384619,10.519161271040284,0.46932745005813525,2.1331923890063424
9.653061224489797,21.081632653061224,0.2,60.534000000000006,-10.534000000000002,9.856255627772649,0.47405529742281327,2.183932346723044
9.653061224489797,21.57142857142857,0.2,61.09583333333334,-11.095833333333337,10.375985198552458,0.4786578982815388,2.234672304439746
9.653061224489797,22.06122448979592,0.13333333333333333,61.85217391304349,-11.852173913043481,9.984470649473492,0.48311744272145857,2.285412262156448
9.653061224489797,22.551020408163264,0.1,62.4,-12.400000000000002,9.65018841078434,0.4874461638113182,2.3361522198731497
9.653061224489797,23.04081632653061,0.1,63.097727272727276,-13.097727272727276,9.823822809311283,0.49174762512617387,2.3868921775898517
9.653061224489797,23.53061224489796,0.06666666666666667,63.565909090909095,-13.565909090909093,9.815068424714022,0.495941020334822,2.4376321353065538
9.653061224489797,24.020408163265305,0.06666666666666667,64.28863636363637,-14.288636363636368,9.451428864238338,0.5000209931407678,2.4883720930232553
9.653061224489797,24.51020408163265,0.03333333333333333,66.13333333333333,-16.133333333333333,8.29997489956044,0.5040196594718908,2.5391120507399574
9.653061224489797,25.0,0.03333333333333333,67.13809523809525,-17.138095238095243,8.11396796829247,0.5079189470798139,2.5898520084566594
9.887755102040817,1.0,1.0,10.138333333333334,39.86166666666667,0.20455305918755826,0.06832445447646757,0.10113519091847264
9.887755102040817,1.489795918367347,1.0,11.456666666666669,38.54333333333333,2.017626350926758,0.09021631273523709,0.15067079463364294
9.887755102040817,1.9795918367346939,1.0,15.361666666666668,34.638333333333335,4.0949018626052345,0.11011028401813443,0.20020639834881318
9.887755102040817,2.4693877551020407,1.0,18.925,31.075,4.366481855350309,0.1287757874267392,0.24974200206398345
9.887755102040817,2.9591836734693877,1.0,22.105000000000004,27.894999999999996,4.286252080378816,0.14684697122154597,0.29927760577915374
9.887755102040817,3.4489795918367347,1.0,24.18166666666667,25.81833333333333,4.620204565804967,0.16422589830217682,0.34881320949432404
9.887755102040817,3.9387755102040813,1.0,26.27,23.73,3.9949019236159415,0.18061219071624496,0.3983488132094943
9.887755102040817,4.428571428571429,1.0,28.075,21.925,3.1874416830365098,0.19615177669620346,0.4478844169246646
9.887755102040817,4.918367346938775,1.0,29.276666666666667,20.723333333333333,3.472471378033859,0.21097499333797345,0.4974200206398348
9.887755102040817,5.408163265306122,1.0,30.72166666666667,19.27833333333333,3.992853169950231,0.2249888028414072,0.5469556243550051
9.887755102040817,5.8979591836734695,1.0,31.918333333333337,18.081666666666663,3.9555391832068945,0.23829457605715504,0.5964912280701754
9.887755102040817,6.387755102040816,1.0,33.075,16.924999999999997,4.156253078816594,0.2508031828431461,0.6460268317853457
9.887755102040817,6.877551020408163,1.0,34.25833333333333,15.741666666666665,4.083125141302949,0.2625549711274324,0.6955624355005159
9.887755102040817,7.36734693877551,1.0,35.83500000000001,14.164999999999997,4.023276028313246,0.27383063470890207,0.7450980392156862
9.887755102040817,7.857142857142857,0.9666666666666667,37.525,12.474999999999998,5.377631673310575,0.2846679646319666,0.7946336429308565
9.887755102040817,8.346938775510203,0.9666666666666667,38.059999999999995,11.939999999999998,5.414148132439674,0.29498208637480805,0.8441692466460267
9.887755102040817,8.83673469387755,0.9666666666666667,38.75666666666667,11.243333333333332,5.188975935998144,0.30481179485966886,0.8937048503611972
9.887755102040817,9.326530612244898,0.9666666666666667,39.49,10.509999999999996,5.46222766227139,0.3141744059963313,0.9432404540763674
9.887755102040817,9.816326530612244,0.9666666666666667,40.141666666666666,9.85833333333333,5.83742508381867,0.32318777743559907,0.9927760577915375
9.887755102040817,10.306122448979592,0.8666666666666667,42.71666666666667,7.283333333333331,8.046506345477901,0.3318664934863372,1.0423116615067078
9.887755102040817,10.795918367346939,0.8333333333333334,43.498333333333335,6.501666666666664,8.110077631897386,0.34018547271984584,1.0918472652218782
9.887755102040817,11.285714285714285,0.7666666666666667,44.620000000000005,5.379999999999997,8.006717007699182,0.34811175147549256,1.1413828689370484
9.887755102040817,11.775510204081632,0.7666666666666667,45.05833333333333,4.941666666666665,7.931974613194865,0.3556948376645485,1.1909184726522186
9.887755102040817,12.26530612244898,0.6666666666666666,45.983333333333334,4.016666666666664,8.422612557802394,0.3630873259066334,1.240454076367389
9.887755102040817,12.755102040816325,0.6333333333333333,46.21000000000001,3.789999999999998,8.40958402349818,0.37029538986167193,1.2899896800825592
9.887755102040817,13.244897959183673,0.6,47.40833333333333,2.5916666666666637,8.12174691728976,0.3773585465328938,1.3395252837977294
9.887755102040817,13.73469387755102,0.6,48.278333333333336,1.7216666666666642,8.280291134034348,0.38427233790703036,1.3890608875128998
9.887755102040817,14.224489795918368,0.6,49.1,0.8999999999999971,8.357651872840016,0.3909233317837329,1.4385964912280704
9.887755102040817,14.714285714285714,0.6,49.68,0.31999999999999623,8.168269136705474,0.39743298522016635,1.4881320949432402
9.887755102040817,15.204081632653061,0.5,50.625,-0.6250000000000026,8.530520762694305,0.40375748556413577,1.5376676986584106
9.887755102040817,15.693877551020408,0.43333333333333335,52.076666666666675,-2.0766666666666693,8.933969783469946,0.40992751831277946,1.587203302373581
9.887755102040817,16.183673469387756,0.4,53.035000000000004,-3.035000000000003,8.922986105249898,0.41599738025943156,1.6367389060887512
9.887755102040817,16.6734693877551,0.3333333333333333,54.45333333333334,-4.453333333333336,8.941793900606271,0.4218384479667677,1.6862745098039214
9.887755102040817,17.163265306122447,0.3,55.12931034482759,-5.129310344827589,9.121731481559566,0.4274621655858277,1.7358101135190915
9.887755102040817,17.653061224489797,0.23333333333333334,55.22678571428572,-5.226785714285717,9.240224886461421,0.4329218189124254,1.7853457172342622
9.887755102040817,18.142857142857142,0.23333333333333334,55.70178571428572,-5.701785714285718,9.227640464656908,0.43822889458009284,1.8348813209494321
9.887755102040817,18.632653061224488,0.23333333333333334,57.85178571428572,-7.851785714285718,10.14955282852637,0.44336140508263155,1.8844169246646023
9.887755102040817,19.122448979591837,0.23333333333333334,59.160714285714285,-9.16071428571429,10.464652647195466,0.4483185784900442,1.933952528379773
9.887755102040817,19.612244897959183,0.23333333333333334,58.99807692307692,-8.998076923076926,10.35640363030749,0.4531998483130229,1.9834881320949431
9.887755102040817,20.10204081632653,0.2,59.59038461538462,-9.590384615384618,10.407103528175064,0.4580932169516855,2.0330237358101133
9.887755102040817,20.591836734693878,0.2,60.275000000000006,-10.275000000000004,10.524896674077137,0.4628922087712993,2.0825593395252837
9.887755102040817,21.081632653061224,0.2,60.53333333333334,-10.533333333333337,10.05695375551562,0.46756583949079034,2.1320949432404537
9.887755102040817,21.57142857142857,0.16666666666666666,61.51666666666667,-11.516666666666671,10.000735480199818,0.47209225775333297,2.181630546955624
9.887755102040817,22.06122448979592,0.13333333333333333,61.891304347826086,-11.891304347826091,10.00518788354223,0.47651811703536817,2.2311661506707945
9.887755102040817,22.551020408163264,0.1,62.41521739130435,-12.41521739130435,9.65204211532707,0.4808995341097687,2.2807017543859645
9.887755102040817,23.04081632653061,0.1,63.1,-13.100000000000005,9.827451832688347,0.48514961324845596,2.330237358101135
9.887755102040817,23.53061224489796,0.06666666666666667,63.565909090909095,-13.565909090909093,9.815068424714022,0.48931827971324127,2.3797729618163053
9.887755102040817,24.020408163265305,0.06666666666666667,64.2909090909091,-14.290909090909095,9.454800196368339,0.49338023686093563,2.4293085655314757
9.887755102040817,24.51020408163265,0.03333333333333333,66.2904761904762,-16.29047619047619,8.26786881620075,0.4973305167467103,2.478844169246646
9.887755102040817,25.0,0.03333333333333333,67.14047619047619,-17.140476190476193,8.11257694952133,0.5011926704778975,2.528379772961816
10.122448979591837,1.0,1.0,10.115000000000002,39.885,0.17278150443800994,0.06765295589414258,0.09879032258064516
10.122448979591837,1.489795918367347,1.0,11.381666666666668,38.61833333333333,1.9745136168151656,0.08919105104111323,0.14717741935483872
10.122448979591837,1.9795918367346939,1.0,14.870000000000001,35.13,4.0833471733286455,0.10877819539971653,0.19556451612903228
10.122448979591837,2.4693877551020407,1.0,18.360000000000003,31.64,4.616357722348828,0.12703454286283072,0.24395161290322578
10.122448979591837,2.9591836734693877,1.0,22.1,27.9,4.290546946887808,0.1447126004074936,0.2923387096774193
10.122448979591837,3.4489795918367347,1.0,24.193333333333335,25.806666666666665,4.632879742950782,0.16178277988846185,0.3407258064516129
10.122448979591837,3.9387755102040813,1.0,26.336666666666666,23.663333333333334,4.058153421865948,0.17791603652393176,0.3891129032258064
10.122448979591837,4.428571428571429,1.0,28.131666666666668,21.868333333333332,3.2772592453023206,0.19314419477413064,0.4375
10.122448979591837,4.918367346938775,1.0,29.790000000000003,20.209999999999997,3.8999646329077184,0.20769905226285343,0.48588709677419345
10.122448979591837,5.408163265306122,1.0,30.78166666666667,19.21833333333333,3.995913501646861,0.22142276475577372,0.5342741935483869
10.122448979591837,5.8979591836734695,1.0,32.093333333333334,17.906666666666663,4.131413161697059,0.2344872763400831,0.5826612903225806
10.122448979591837,6.387755102040816,1.0,33.19833333333334,16.801666666666666,4.23333412526013,0.24678532936000194,0.6310483870967741
10.122448979591837,6.877551020408163,1.0,34.31333333333334,15.686666666666666,4.098589608829993,0.2584085556571994,0.6794354838709676
10.122448979591837,7.36734693877551,1.0,35.93333333333333,14.066666666666665,4.164242973246144,0.2694908275430124,0.7278225806451613
10.122448979591837,7.857142857142857,0.9666666666666667,37.665,12.334999999999999,5.419380133786775,0.28012301539239187,0.7762096774193548
10.122448979591837,8.346938775510203,0.9666666666666667,38.10166666666667,11.898333333333332,5.402625213301613,0.2902663622018744,0.8245967741935483
10.122448979591837,8.83673469387755,0.9666666666666667,38.830000000000005,11.169999999999998,5.183588159460255,0.2999578642505575,0.8729838709677419
10.122448979591837,9.326530612244898,0.9666666666666667,39.576666666666675,10.42333333333333,5.507357670039883,0.3091954900443825,0.9213709677419355
10.122448979591837,9.816326530612244,0.9333333333333333,41.355000000000004,8.644999999999998,6.860322577114649,0.31811106869438033,0.9697580645161289
10.122448979591837,10.306122448979592,0.8666666666666667,42.781666666666666,7.218333333333331,8.048179097262262,0.3266926908128978,1.0181451612903225
10.122448979591837,10.795918367346939,0.8333333333333334,43.75833333333333,6.241666666666664,8.028033676601243,0.3348656593982893,1.066532258064516
10.122448979591837,11.285714285714285,0.7666666666666667,44.67666666666667,5.3233333333333315,7.978524335659612,0.342659287638299,1.1149193548387095
10.122448979591837,11.775510204081632,0.7666666666666667,45.083333333333336,4.916666666666663,7.929390259348917,0.35016783996109185,1.163306451612903
10.122448979591837,12.26530612244898,0.6333333333333333,46.041666666666664,3.958333333333331,8.431826849680235,0.35752639667746433,1.2116935483870968
10.122448979591837,12.755102040816325,0.6333333333333333,46.275,3.724999999999997,8.372571701487646,0.3646659423952111,1.2600806451612903
10.122448979591837,13.244897959183673,0.6,47.42166666666667,2.578333333333331,8.132699888183772,0.3716519195686159,1.3084677419354838
10.122448979591837,13.73469387755102,0.6,48.29666666666667,1.7033333333333307,8.271251972670298,0.3784269479617424,1.3568548387096773
10.122448979591837,14.224489795918368,0.6,49.205000000000005,0.7949999999999975,8.302215636970569,0.38503552425881116,1.405241935483871
10.122448979591837,14.714285714285714,0.5333333333333333,50.410000000000004,-0.4100000000000037,8.63719303062493,0.3915075861891152,1.4536290322580643
10.122448979591837,15.204081632653061,0.5,50.645,-0.6450000000000027,8.518209197421397,0.3978735019102129,1.5020161290322582
10.122448979591837,15.693877551020408,0.43333333333333335,52.12166666666667,-2.1216666666666693,8.936902218574835,0.4040367850864128,1.5504032258064515
10.122448979591837,16.183673469387756,0.4,53.07000000000001,-3.0700000000000025,8.904470012690062,0.41000558270872767,1.5987903225806452
10.122448979591837,16.6734693877551,0.3333333333333333,54.46666666666667,-4.4666666666666694,8.931997240967089,0.4157503761634077,1.6471774193548385
10.122448979591837,17.163265306122447,0.26666666666666666,55.17586206896552,-5.17586206896552,9.096571378131346,0.4213139402576413,1.695564516129032
10.122448979591837,17.653061224489797,0.23333333333333334,55.251785714285724,-5.251785714285718,9.255903843082045,0.42672665093467693,1.7439516129032258
10.122448979591837,18.142857142857142,0.23333333333333334,56.58214285714286,-6.582142857142861,10.003667978090489,0.43196112023305705,1.7923387096774193
10.122448979591837,18.632653061224488,0.23333333333333334,58.09107142857143,-8.09107142857143,10.359698029091787,0.4370250450308637,1.8407258064516125
10.122448979591837,19.122448979591837,0.23333333333333334,59.16250000000001,-9.162500000000003,10.46261090033706,0.44203533272391515,1.8891129032258065
10.122448979591837,19.612244897959183,0.23333333333333334,59.00769230769231,-9.007692307692311,10.356888454624702,0.4470122925164162,1.9374999999999998
10.122448979591837,20.10204081632653,0.2,59.59423076923077,-9.594230769230771,10.405232596372624,0.45184467186961513,1.9858870967741933
10.122448979591837,20.591836734693878,0.2,60.29807692307692,-10.298076923076925,10.509095877088862,0.4565926972766222,2.034274193548387
10.122448979591837,21.081632653061224,0.2,60.60625000000001,-10.606250000000005,10.04752091963161,0.4611891328916155,2.0826612903225805
10.122448979591837,21.57142857142857,0.13333333333333333,61.739583333333336,-11.739583333333336,9.752847735368135,0.4657199473689303,2.131048387096774
10.122448979591837,22.06122448979592,0.13333333333333333,61.9,-11.900000000000004,9.989505857284799,0.4701642591333666,2.1794354838709675
10.122448979591837,22.551020408163264,0.1,62.41739130434783,-12.417391304347829,9.652703444862814,0.4745046165991364,2.227822580645161
10.122448979591837,23.04081632653061,0.1,63.10909090909092,-13.109090909090913,9.821473514261596,0.47874960477270967,2.2762096774193545
10.122448979591837,23.53061224489796,0.06666666666666667,63.56818181818182,-13.56818181818182,9.812340935374936,0.4828696933909738,2.3245967741935485
10.122448979591837,24.020408163265305,0.06666666666666667,64.32727272727273,-14.32727272727273,9.447697215934827,0.48687117341410124,2.3729838709677415
10.122448979591837,24.51020408163265,0.03333333333333333,66.29285714285714,-16.292857142857144,8.265761999269726,0.4907788447169318,2.421370967741935
10.122448979591837,25.0,0.03333333333333333,67.14047619047619,-17.140476190476193,8.11257694952133,0.49462433276109447,2.469758064516129
10.357142857142858,1.0,1.0,10.110000000000001,39.89,0.17340405277052043,0.06700241496992981,0.09655172413793103
10.357142857142858,1.489795918367347,1.0,10.981666666666667,39.01833333333333,1.3262263897169315,0.08822670699998159,0.14384236453201968
10.357142857142858,1.9795918367346939,1.0,13.953333333333335,36.04666666666667,3.569191286101322,0.10750544206503705,0.19113300492610835
10.357142857142858,2.4693877551020407,1.0,18.03166666666667,31.96833333333333,4.474091765535972,0.12536560708710456,0.23842364532019703
10.357142857142858,2.9591836734693877,1.0,21.978333333333335,28.021666666666665,4.470356063372731,0.14265646870724663,0.2857142857142857
10.357142857142858,3.4489795918367347,1.0,24.233333333333334,25.766666666666666,4.830565993348187,0.1594643024590931,0.3330049261083744
10.357142857142858,3.9387755102040813,1.0,26.630000000000003,23.369999999999997,4.608156187487123,0.1753119130603429,0.380295566502463
10.357142857142858,4.428571428571429,1.0,27.72666666666667,22.27333333333333,4.436578623788546,0.1902443778038804,0.42758620689655175
10.357142857142858,4.918367346938775,1.0,29.795,20.205,3.907802760349235,0.204534402159593,0.47487684729064034
10.357142857142858,5.408163265306122,1.0,30.843333333333337,19.156666666666663,4.030759604405322,0.21797930336346474,0.522167487684729
10.357142857142858,5.8979591836734695,1.0,32.105000000000004,17.894999999999996,4.136576753957227,0.2308311751153008,0.5694581280788177
10.357142857142858,6.387755102040816,1.0,33.35,16.65,4.233589004859702,0.24294996375668934,0.6167487684729064
10.357142857142858,6.877551020408163,1.0,34.42166666666667,15.578333333333331,4.113616651320707,0.25441879750214,0.664039408866995
10.357142857142858,7.36734693877551,1.0,36.538333333333334,13.461666666666666,4.735698676438672,0.26529290990995036,0.7113300492610837
10.357142857142858,7.857142857142857,0.9666666666666667,37.708333333333336,12.291666666666664,5.405059624114232,0.2757665834093316,0.7586206896551724
10.357142857142858,8.346938775510203,0.9666666666666667,38.166666666666664,11.833333333333332,5.406674249183283,0.2857841394419356,0.805911330049261
10.357142857142858,8.83673469387755,0.9666666666666667,38.855000000000004,11.144999999999998,5.19293867371506,0.2952838337188742,0.8532019704433497
10.357142857142858,9.326530612244898,0.9666666666666667,39.74166666666667,10.258333333333331,5.591759382207513,0.3043730767386234,0.9004926108374384
10.357142857142858,9.816326530612244,0.9333333333333333,41.68333333333333,8.316666666666665,6.992598714470121,0.31323597197693215,0.947783251231527
10.357142857142858,10.306122448979592,0.8666666666666667,42.905,7.094999999999998,8.001921644205222,0.32167255734380473,0.9950738916256157
10.357142857142858,10.795918367346939,0.8,43.93500000000001,6.064999999999998,7.99273538693214,0.3297043495311757,1.0423645320197044
10.357142857142858,11.285714285714285,0.7666666666666667,44.69666666666667,5.303333333333331,7.967963151371197,0.3373907671575823,1.089655172413793
10.357142857142858,11.775510204081632,0.7666666666666667,45.18833333333334,4.811666666666664,7.911892874058312,0.3448673144704504,1.1369458128078818
10.357142857142858,12.26530612244898,0.6333333333333333,46.10333333333334,3.896666666666664,8.392011116217176,0.35211833226513345,1.1842364532019707
10.357142857142858,12.755102040816325,0.6,46.580000000000005,3.419999999999997,8.55448662277932,0.35921041874992177,1.231527093596059
10.357142857142858,13.244897959183673,0.6,47.795,2.2049999999999974,8.198237300028964,0.3661418759811451,1.2788177339901476
10.357142857142858,13.73469387755102,0.6,48.50666666666667,1.4933333333333314,8.172575390031415,0.37280369406739705,1.3261083743842363
10.357142857142858,14.224489795918368,0.6,49.25666666666667,0.7433333333333306,8.308914337701669,0.3794037098834098,1.373399014778325
10.357142857142858,14.714285714285714,0.5333333333333333,50.46166666666667,-0.4616666666666703,8.58349140575347,0.3859124788271059,1.4206896551724137
10.357142857142858,15.204081632653061,0.4666666666666667,50.79333333333334,-0.7933333333333359,8.475194365926358,0.3922027040534186,1.4679802955665024
10.357142857142858,15.693877551020408,0.4,52.553333333333335,-2.553333333333336,8.751442574023827,0.39827604484050344,1.5152709359605911
10.357142857142858,16.183673469387756,0.3333333333333333,54.03333333333333,-4.033333333333336,8.70511476021458,0.4041461068607019,1.5625615763546798
10.357142857142858,16.6734693877551,0.3,54.974137931034484,-4.974137931034486,9.15486424852204,0.40984403119029705,1.609852216748768
10.357142857142858,17.163265306122447,0.26666666666666666,55.19827586206897,-5.198275862068969,9.087358593502104,0.4153425621232409,1.6571428571428568
10.357142857142858,17.653061224489797,0.23333333333333334,55.27142857142858,-5.271428571428574,9.236596180125503,0.42069956659698277,1.7044334975369457
10.357142857142858,18.142857142857142,0.23333333333333334,56.64642857142858,-6.646428571428574,10.036423744905433,0.4259184069279025,1.7517241379310344
10.357142857142858,18.632653061224488,0.23333333333333334,58.53035714285715,-8.530357142857145,10.647920500212047,0.43100606403268354,1.799014778325123
10.357142857142858,19.122448979591837,0.23333333333333334,59.17857142857143,-9.178571428571432,10.438997651004238,0.43604397360438546,1.8463054187192118
10.357142857142858,19.612244897959183,0.23333333333333334,59.01346153846154,-9.013461538461542,10.35484966276486,0.44094114348597396,1.8935960591133003
10.357142857142858,20.10204081632653,0.2,59.598076923076924,-9.598076923076926,10.406665948028031,0.44573533517092295,1.9408866995073888
10.357142857142858,20.591836734693878,0.2,59.728,-9.728000000000003,10.273094713863005,0.4504186021514762,1.9881773399014777
10.357142857142858,21.081632653061224,0.2,60.616666666666674,-10.61666666666667,10.042850221909623,0.4550361626489355,2.035467980295566
10.357142857142858,21.57142857142857,0.13333333333333333,61.8125,-11.812500000000002,9.727105226477018,0.45956125887171634,2.082758620689655
10.357142857142858,22.06122448979592,0.13333333333333333,61.90652173913044,-11.906521739130438,9.99117001461138,0.4639945849226972,2.1300492610837436
10.357142857142858,22.551020408163264,0.1,62.42826086956522,-12.428260869565221,9.644933032508886,0.46829955791362426,2.1773399014778323
10.357142857142858,23.04081632653061,0.1,63.11363636363637,-13.113636363636369,9.821904356834535,0.47249534166146684,2.2246305418719214
10.357142857142858,23.53061224489796,0.06666666666666667,63.58409090909092,-13.58409090909091,9.819506659652564,0.4765698876990207,2.2719211822660097
10.357142857142858,24.020408163265305,0.06666666666666667,64.33863636363637,-14.338636363636367,9.447649390421358,0.4805368063783316,2.3192118226600984
10.357142857142858,24.51020408163265,0.03333333333333333,66.31666666666668,-16.31666666666667,8.258334174234736,0.4844335000533001,2.3665024630541867
10.357142857142858,25.0,0.03333333333333333,67.1547619047619,-17.15476190476191,8.101649596870764,0.488244434254432,2.413793103448276
10.591836734693878,1.0,1.0,10.108333333333333,39.891666666666666,0.17374343616147098,0.06638996235710576,0.09441233140655106
10.591836734693878,1.489795918367347,1.0,10.953333333333335,39.04666666666667,1.3170587223662118,0.08729941982333621,0.14065510597302505
10.591836734693878,1.9795918367346939,1.0,13.921666666666669,36.07833333333333,3.5781348284510917,0.10627234090644298,0.18689788053949902
10.591836734693878,2.4693877551020407,1.0,17.873333333333335,32.126666666666665,4.515676398208064,0.12376182959840433,0.233140655105973
10.591836734693878,2.9591836734693877,1.0,21.283333333333335,28.716666666666665,5.0900737297914125,0.14067192711166887,0.279383429672447
10.591836734693878,3.4489795918367347,1.0,24.038333333333338,25.961666666666662,5.077803002611793,0.1572244697358123,0.32562620423892097
10.591836734693878,3.9387755102040813,1.0,26.026666666666667,23.973333333333333,5.515756948293107,0.1727958922404567,0.37186897880539493
10.591836734693878,4.428571428571429,1.0,27.645,22.355,4.50607540074968,0.18748558538275742,0.41811175337186895
10.591836734693878,4.918367346938775,1.0,29.84,20.16,3.9335076914403877,0.201476287655273,0.4643545279383429
10.591836734693878,5.408163265306122,1.0,30.853333333333335,19.146666666666665,4.041144710934347,0.21470794578183827,0.5105973025048169
10.591836734693878,5.8979591836734695,1.0,32.135000000000005,17.865,4.124927376581189,0.2273307018252865,0.5568400770712909
10.591836734693878,6.387755102040816,1.0,33.555,16.445,4.418346351606971,0.2392816370061703,0.6030828516377649
10.591836734693878,6.877551020408163,1.0,34.44500000000001,15.555,4.115453425389689,0.2505934017157947,0.649325626204239
10.591836734693878,7.36734693877551,1.0,36.580000000000005,13.419999999999998,4.773771732259948,0.26130070858852683,0.6955684007707129
10.591836734693878,7.857142857142857,0.9666666666666667,37.81666666666667,12.18333333333333,5.3885948096872625,0.27160064737575956,0.7418111753371869
10.591836734693878,8.346938775510203,0.9666666666666667,38.233333333333334,11.766666666666664,5.3954535991174914,0.2814412072828867,0.7880539499036607
10.591836734693878,8.83673469387755,0.9666666666666667,39.016666666666666,10.98333333333333,5.142391992283246,0.2907749712309744,0.8342967244701348
10.591836734693878,9.326530612244898,0.9666666666666667,39.75833333333333,10.241666666666665,5.582362670814729,0.2997598744829098,0.8805394990366089
10.591836734693878,9.816326530612244,0.9333333333333333,41.74666666666667,8.253333333333332,6.992026657672953,0.30850455918782377,0.9267822736030827
10.591836734693878,10.306122448979592,0.8666666666666667,43.11000000000001,6.889999999999998,8.091070002978805,0.31680258295811137,0.9730250481695568
10.591836734693878,10.795918367346939,0.8,43.99166666666667,6.00833333333333,7.975426519059627,0.3247084625837265,1.0192678227360308
10.591836734693878,11.285714285714285,0.7666666666666667,44.775,5.224999999999998,7.957448798409598,0.33233258056151926,1.0655105973025047
10.591836734693878,11.775510204081632,0.7666666666666667,45.23166666666667,4.768333333333331,7.888746713682959,0.3397455582858095,1.1117533718689787
10.591836734693878,12.26530612244898,0.6333333333333333,46.11000000000001,3.889999999999998,8.396729658951589,0.3469228768695327,1.1579961464354527
10.591836734693878,12.755102040816325,0.6,46.730000000000004,3.269999999999997,8.455334981842672,0.3539602403590861,1.2042389210019266
10.591836734693878,13.244897959183673,0.6,47.87166666666667,2.1283333333333307,8.147748613651773,0.3608222052938987,1.2504816955684006
10.591836734693878,13.73469387755102,0.6,48.51833333333333,1.4816666666666645,8.170220139410981,0.3675005692625514,1.2967244701348748
10.591836734693878,14.224489795918368,0.6,49.403333333333336,0.5966666666666638,8.243157385259662,0.3740477468011163,1.3429672447013488
10.591836734693878,14.714285714285714,0.5333333333333333,50.49,-0.49000000000000316,8.566146278751345,0.38047356430407836,1.3892100192678225
10.591836734693878,15.204081632653061,0.43333333333333335,51.31833333333334,-1.3183333333333362,8.41883646778249,0.38666038940827363,1.4354527938342967
10.591836734693878,15.693877551020408,0.4,52.61000000000001,-2.6100000000000025,8.74369132180651,0.39265780008079154,1.4816955684007707
10.591836734693878,16.183673469387756,0.3333333333333333,54.25166666666667,-4.25166666666667,8.795262080090124,0.39847883408143375,1.5279383429672444
10.591836734693878,16.6734693877551,0.3,55.008620689655174,-5.008620689655175,9.109816810192777,0.40409720007068367,1.5741811175337186
10.591836734693878,17.163265306122447,0.26666666666666666,55.225862068965526,-5.225862068965521,9.078001478157976,0.40958794253033687,1.6204238921001926
10.591836734693878,17.653061224489797,0.23333333333333334,55.300000000000004,-5.300000000000003,9.23019401104232,0.41493064576797695,1.6666666666666667
10.591836734693878,18.142857142857142,0.23333333333333334,56.90357142857143,-6.903571428571432,9.715641537036577,0.4201076160128648,1.7129094412331405
10.591836734693878,18.632653061224488,0.23333333333333334,58.55535714285715,-8.555357142857146,10.62266391996912,0.42518324824927617,1.7591522157996144
10.591836734693878,19.122448979591837,0.23333333333333334,59.21964285714286,-9.21964285714286,10.464006555858909,0.4301677433508263,1.8053949903660886
10.591836734693878,19.612244897959183,0.23333333333333334,59.03076923076924,-9.030769230769234,10.336286343973612,0.4349889289654385,1.8516377649325624
10.591836734693878,20.10204081632653,0.2,59.61538461538461,-9.615384615384617,10.395900819368844,0.43976396079086744,1.8978805394990366
10.591836734693878,20.591836734693878,0.2,59.732,-9.732000000000003,10.277117381185576,0.44447904952400646,1.9441233140655105
10.591836734693878,21.081632653061224,0.2,60.643750000000004,-10.643750000000004,10.023399931941867,0.4490861041520812,1.9903660886319845
10.591836734693878,21.57142857142857,0.13333333333333333,61.84375,-11.843750000000005,9.745180665110944,0.45360259456813573,2.0366088631984582
10.591836734693878,22.06122448979592,0.1,61.93695652173914,-11.936956521739134,9.958358953335548,0.4579921453703219,2.0828516377649327
10.591836734693878,22.551020408163264,0.1,62.6108695652174,-12.610869565217394,9.653967113454863,0.46224960295752004,2.129094412331406
10.591836734693878,23.04081632653061,0.1,63.122727272727275,-13.122727272727277,9.817316179572552,0.46638468271371664,2.17533718689788
10.591836734693878,23.53061224489796,0.06666666666666667,63.58409090909092,-13.58409090909091,9.819506659652564,0.4704335756667229,2.2215799614643545
10.591836734693878,24.020408163265305,0.06666666666666667,64.34772727272728,-14.347727272727276,9.438818999883097,0.4743790826244678,2.2678227360308285
10.591836734693878,24.51020408163265,0.03333333333333333,66.31666666666668,-16.31666666666667,8.258334174234736,0.4782830214216375,2.314065510597302
10.591836734693878,25.0,0.03333333333333333,67.1547619047619,-17.15476190476191,8.101649596870764,0.48211226979790717,2.3603082851637764
10.826530612244898,1.0,1.0,10.095,39.905,0.11696595437458966,0.06580478219394059,0.09236569274269556
10.826530612244898,1.489795918367347,1.0,10.866666666666667,39.13333333333333,1.2916397846665044,0.08640117667688416,0.13760603204524038
10.826530612244898,1.9795918367346939,1.0,13.361666666666668,36.638333333333335,3.4635462027884927,0.10507832236496184,0.1828463713477851
10.826530612244898,2.4693877551020407,1.0,17.17666666666667,32.82333333333333,4.316782273337666,0.1222121894945822,0.22808671065032984
10.826530612244898,2.9591836734693877,1.0,21.278333333333332,28.721666666666668,5.094768840706112,0.13878347476858563,0.27332704995287466
10.826530612244898,3.4489795918367347,1.0,24.013333333333335,25.986666666666665,5.088491635685058,0.15505987430131762,0.3185673892554194
10.826530612244898,3.9387755102040813,1.0,25.885,24.115,5.639380468541338,0.17037497562647141,0.3638077285579642
10.826530612244898,4.428571428571429,1.0,27.673333333333336,22.326666666666664,4.529153329824182,0.1848204939014089,0.40904806786050896
10.826530612244898,4.918367346938775,1.0,28.968333333333337,21.031666666666663,5.052457294489849,0.19855833547858712,0.4542884071630537
10.826530612244898,5.408163265306122,1.0,31.005000000000003,18.994999999999997,4.081504751250788,0.21158606546606545,0.4995287464655984
10.826530612244898,5.8979591836734695,1.0,32.275,17.725,4.227654236669265,0.22399191724282855,0.5447690857681432
10.826530612244898,6.387755102040816,1.0,33.575,16.424999999999997,4.429480976834411,0.2357956115012376,0.590009425070688
10.826530612244898,6.877551020408163,1.0,35.03,14.969999999999999,4.459696912540599,0.24692577963776,0.6352497643732328
10.826530612244898,7.36734693877551,1.0,36.62166666666667,13.378333333333332,4.780305922495304,0.25746789682347104,0.6804901036757776
10.826530612244898,7.857142857142857,0.9666666666666667,37.83166666666667,12.16833333333333,5.389365059738154,0.2675705518879135,0.7257304429783222
10.826530612244898,8.346938775510203,0.9666666666666667,38.30166666666666,11.69833333333333,5.421723280778293,0.27723290803843553,0.770970782280867
10.826530612244898,8.83673469387755,0.9666666666666667,39.18500000000001,10.814999999999998,5.266241707720785,0.2864525520318327,0.8162111215834119
10.826530612244898,9.326530612244898,0.9666666666666667,39.79333333333334,10.206666666666665,5.587343044672537,0.29531240524288976,0.8614514608859568
10.826530612244898,9.816326530612244,0.9333333333333333,41.903333333333336,8.096666666666664,7.120210832471927,0.30391226410155775,0.9066918001885013
10.826530612244898,10.306122448979592,0.8666666666666667,43.138333333333335,6.861666666666664,8.089570588038068,0.31208098536089507,0.9519321394910462
10.826530612244898,10.795918367346939,0.8,44.095000000000006,5.904999999999998,7.946234740537442,0.3199095878031724,0.9971724787935909
10.826530612244898,11.285714285714285,0.7666666666666667,44.785000000000004,5.214999999999998,7.951427436370283,0.32747471223715485,1.0424128180961356
10.826530612244898,11.775510204081632,0.7666666666666667,45.370000000000005,4.629999999999997,7.914125302921659,0.33478941719960925,1.0876531573986805
10.826530612244898,12.26530612244898,0.6333333333333333,46.13333333333333,3.8666666666666645,8.401460600983917,0.34189540362173826,1.1328934967012252
10.826530612244898,12.755102040816325,0.6,46.91166666666667,3.0883333333333307,8.467795822523946,0.34892709953373924,1.1781338360037699
10.826530612244898,13.244897959183673,0.6,47.98833333333334,2.0116666666666645,8.187455536423972,0.35578953636148075,1.2233741753063148
10.826530612244898,13.73469387755102,0.6,48.67,1.3299999999999976,8.278041164263524,0.36238588389583554,1.2686145146088594
10.826530612244898,14.224489795918368,0.6,49.45,0.5499999999999969,8.21860798684177,0.3688223193205886,1.3138548539114043
10.826530612244898,14.714285714285714,0.5333333333333333,50.498333333333335,-0.4983333333333363,8.562221385684401,0.3751687244758279,1.359095193213949
10.826530612244898,15.204081632653061,0.43333333333333335,51.43333333333333,-1.433333333333336,8.423318755132962,0.38127157736403106,1.404335532516494
10.826530612244898,15.693877551020408,0.4,52.620000000000005,-2.6200000000000028,8.732170011139743,0.38720866163855455,1.4495758718190386
10.826530612244898,16.183673469387756,0.3333333333333333,54.260000000000005,-4.260000000000003,8.792486996647018,0.3929982127201032,1.4948162111215835
10.826530612244898,16.6734693877551,0.3,55.02758620689656,-5.027586206896554,9.11126251843305,0.39857576234272935,1.5400565504241281
10.826530612244898,17.163265306122447,0.23333333333333334,55.262068965517244,-5.262068965517244,9.075660691931683,0.4040434633157746,1.5852968897266728
10.826530612244898,17.653061224489797,0.23333333333333334,55.33214285714286,-5.33214285714286,9.19784812077858,0.40932119823399243,1.6305372290292177
10.826530612244898,18.142857142857142,0.23333333333333334,57.098214285714285,-7.098214285714289,9.671909326831752,0.4144806474009488,1.6757775683317624
10.826530612244898,18.632653061224488,0.23333333333333334,58.70714285714286,-8.707142857142859,10.435708944006686,0.41950160967302463,1.7210179076343073
10.826530612244898,19.122448979591837,0.23333333333333334,59.51607142857143,-9.516071428571433,10.525384250674112,0.42440639345873804,1.7662582469368522
10.826530612244898,19.612244897959183,0.23333333333333334,59.167307692307695,-9.167307692307695,10.401614704532102,0.42923094017608804,1.8114985862393966
10.826530612244898,20.10204081632653,0.2,59.625,-9.625000000000002,10.389814724045852,0.4340336108526294,1.8567389255419413
10.826530612244898,20.591836734693878,0.2,60.02400000000001,-10.024000000000003,9.814594999285502,0.4387387566092285,1.9019792648444862
10.826530612244898,21.081632653061224,0.2,60.65416666666667,-10.65416666666667,10.018514563445573,0.4433347761833369,1.9472196041470309
10.826530612244898,21.57142857142857,0.13333333333333333,61.85208333333333,-11.852083333333338,9.744859058996704,0.4477910631550623,1.9924599434495756
10.826530612244898,22.06122448979592,0.1,61.94782608695653,-11.947826086956525,9.947092748647599,0.45211151274935724,2.0377002827521205
10.826530612244898,22.551020408163264,0.1,62.61304347826088,-12.613043478260874,9.655217823814047,0.4563409929488034,2.0829406220546653
10.826530612244898,23.04081632653061,0.1,63.35681818181819,-13.356818181818186,9.719093817431471,0.4605059452900234,2.12818096135721
10.826530612244898,23.53061224489796,0.06666666666666667,63.58409090909092,-13.58409090909091,9.819506659652564,0.46455815941167206,2.1734213006597547
10.826530612244898,24.020408163265305,0.06666666666666667,64.35681818181818,-14.356818181818186,9.443003147386877,0.46851671784372934,2.2186616399622996
10.826530612244898,24.51020408163265,0.03333333333333333,66.31666666666668,-16.31666666666667,8.258334174234736,0.4724301423650503,2.263901979264844
10.826530612244898,25.0,0.03333333333333333,67.17857142857143,-17.17857142857143,8.072384583079701,0.4762506678784208,2.3091423185673894
11.061224489795919,1.0,1.0,10.088333333333335,39.91166666666667,0.11347438821870447,0.06523714338598442,0.09040590405904059
11.061224489795919,1.489795918367347,1.0,10.821666666666667,39.178333333333335,1.283830699262102,0.08554081030972266,0.13468634686346864
11.061224489795919,1.9795918367346939,1.0,13.121666666666668,36.87833333333333,3.294265742408951,0.1039454681580161,0.17896678966789667
11.061224489795919,2.4693877551020407,1.0,17.02,32.98,4.256811985026127,0.12076534704662413,0.2232472324723247
11.061224489795919,2.9591836734693877,1.0,20.668333333333337,29.331666666666667,5.172981587609523,0.13700156237068759,0.26752767527675275
11.061224489795919,3.4489795918367347,1.0,23.948333333333334,26.051666666666666,5.199593540701596,0.15297854984294965,0.3118081180811808
11.061224489795919,3.9387755102040813,1.0,25.835,24.165,5.669627944978642,0.16806713552939137,0.3560885608856088
11.061224489795919,4.428571428571429,1.0,27.018333333333334,22.981666666666666,5.538758159914818,0.18230883087856795,0.4003690036900369
11.061224489795919,4.918367346938775,1.0,28.966666666666665,21.033333333333335,5.0633799079225765,0.1957881392177625,0.4446494464944649
11.061224489795919,5.408163265306122,1.0,30.541666666666668,19.458333333333332,5.371686361638782,0.2086118952206992,0.4889298892988929
11.061224489795919,5.8979591836734695,1.0,32.29666666666667,17.70333333333333,4.235969402817872,0.22080625910322965,0.533210332103321
11.061224489795919,6.387755102040816,1.0,33.72666666666667,16.27333333333333,4.443219036047948,0.23242036220038692,0.577490774907749
11.061224489795919,6.877551020408163,1.0,34.735,15.264999999999997,4.73723602667355,0.2433798953662198,0.6217712177121771
11.061224489795919,7.36734693877551,0.9666666666666667,37.151666666666664,12.848333333333331,5.663882598708595,0.25375776809814427,0.6660516605166051
11.061224489795919,7.857142857142857,0.9666666666666667,37.973333333333336,12.026666666666666,5.432338248910382,0.26367307000045004,0.7103321033210331
11.061224489795919,8.346938775510203,0.9666666666666667,38.46333333333334,11.536666666666665,5.426911443546132,0.27318183561078385,0.7546125461254611
11.061224489795919,8.83673469387755,0.9666666666666667,39.27333333333333,10.726666666666665,5.236159643869919,0.2822725580793331,0.7988929889298892
11.061224489795919,9.326530612244898,0.9666666666666667,39.855000000000004,10.144999999999998,5.610755527217962,0.29099638762615504,0.8431734317343174
11.061224489795919,9.816326530612244,0.9333333333333333,42.07833333333334,7.921666666666664,7.089899120596138,0.2994552644589405,0.8874538745387451
11.061224489795919,10.306122448979592,0.8666666666666667,43.16833333333334,6.831666666666664,8.08539000971477,0.3075260261975884,0.9317343173431734
11.061224489795919,10.795918367346939,0.8,44.373333333333335,5.626666666666663,7.875833106817131,0.31527577878635565,0.9760147601476015
11.061224489795919,11.285714285714285,0.7666666666666667,44.93333333333333,5.066666666666665,7.865083612389958,0.3227707041074203,1.0202952029520294
11.061224489795919,11.775510204081632,0.7666666666666667,45.465,4.534999999999997,7.898397371269868,0.33006339117824024,1.0645756457564575
11.061224489795919,12.26530612244898,0.6333333333333333,46.2,3.799999999999997,8.364415596792286,0.33712670785529647,1.1088560885608856
11.061224489795919,12.755102040816325,0.6,47.045,2.954999999999997,8.510990359326682,0.3441305315961708,1.1531365313653135
11.061224489795919,13.244897959183673,0.6,48.13333333333333,1.8666666666666645,8.28336860234403,0.3508952946613338,1.1974169741697416
11.061224489795919,13.73469387755102,0.6,48.89666666666667,1.1033333333333308,8.232944055202363,0.35740735414420294,1.2416974169741697
11.061224489795919,14.224489795918368,0.6,49.575,0.42499999999999694,8.12955177540346,0.3637538033874747,1.2859778597785978
11.061224489795919,14.714285714285714,0.5333333333333333,50.535000000000004,-0.5350000000000027,8.536414393037349,0.370005460377078,1.3302583025830257
11.061224489795919,15.204081632653061,0.43333333333333335,51.61666666666667,-1.6166666666666694,8.273986377479277,0.37606378402063184,1.3745387453874538
11.061224489795919,15.693877551020408,0.4,52.63,-2.630000000000002,8.72526652097625,0.3819853050793737,1.418819188191882
11.061224489795919,16.183673469387756,0.3333333333333333,54.34166666666667,-4.3416666666666694,8.845065674239462,0.3876897382806728,1.46309963099631
11.061224489795919,16.6734693877551,0.3,55.05172413793103,-5.051724137931037,9.10233960072335,0.3932493659981351,1.507380073800738
11.061224489795919,17.163265306122447,0.23333333333333334,55.29137931034483,-5.29137931034483,9.061684140275915,0.3986366338105149,1.5516605166051656
11.061224489795919,17.653061224489797,0.23333333333333334,55.57857142857143,-5.578571428571432,9.166691197658375,0.4038798679100764,1.595940959409594
11.061224489795919,18.142857142857142,0.23333333333333334,57.739285714285714,-7.739285714285718,10.110998385905734,0.4089698554678699,1.640221402214022
11.061224489795919,18.632653061224488,0.23333333333333334,58.737500000000004,-8.737500000000002,10.42817253440925,0.41394654067059194,1.68450184501845
11.061224489795919,19.122448979591837,0.23333333333333334,58.90555555555556,-8.905555555555559,10.181179217379992,0.41884271337279894,1.7287822878228782
11.061224489795919,19.612244897959183,0.23333333333333334,59.34615384615385,-9.34615384615385,10.428297301831428,0.42371448851573584,1.7730627306273061
11.061224489795919,20.10204081632653,0.2,59.99038461538461,-9.990384615384617,10.299883681195329,0.4285020808540836,1.817343173431734
11.061224489795919,20.591836734693878,0.2,60.074000000000005,-10.074000000000003,9.756388078245624,0.43316535262457695,1.8616236162361623
11.061224489795919,21.081632653061224,0.2,60.81041666666667,-10.81041666666667,10.032880499796079,0.4376919276497277,1.9059040590405902
11.061224489795919,21.57142857142857,0.13333333333333333,61.854166666666664,-11.85416666666667,9.742197732886902,0.4421448173795002,1.9501845018450181
11.061224489795919,22.06122448979592,0.1,62.20434782608696,-12.204347826086961,9.778535317951604,0.44649847860360964,1.9944649446494465
11.061224489795919,22.551020408163264,0.1,62.67608695652175,-12.676086956521742,9.627504037500834,0.4507433558831918,2.0387453874538743
11.061224489795919,23.04081632653061,0.1,63.36363636363637,-13.363636363636367,9.7100117921828,0.4548744354664162,2.0830258302583022
11.061224489795919,23.53061224489796,0.06666666666666667,63.65909090909091,-13.659090909090912,9.805873317310985,0.45892076708032914,2.1273062730627306
11.061224489795919,24.020408163265305,0.03333333333333333,66.00714285714287,-16.00714285714286,8.22915982519306,0.4628633162618725,2.1715867158671585
11.061224489795919,24.51020408163265,0.03333333333333333,66.32619047619048,-16.326190476190476,8.262530167079863,0.4667322158450638,2.2158671586715863
11.061224489795919,25.0,0.03333333333333333,67.20952380952382,-17.209523809523812,8.030124828538144,0.47049459801737076,2.2601476014760147
11.295918367346939,1.0,1.0,10.083333333333334,39.916666666666664,0.10199166069132695,0.06470555798709211,0.08852755194218608
11.295918367346939,1.489795918367347,1.0,10.753333333333334,39.24666666666667,1.2068720851378814,0.08471444735384127,0.13188798554652215
11.295918367346939,1.9795918367346939,1.0,12.901666666666667,37.098333333333336,2.8245989441692942,0.10285033263411322,0.17524841915085818
11.295918367346939,2.4693877551020407,1.0,16.693333333333335,33.306666666666665,4.494320809669676,0.11938971949915517,0.2186088527551942
11.295918367346939,2.9591836734693877,1.0,20.098333333333336,29.901666666666664,5.278673477130492,0.13534483344338577,0.26196928635953026
11.295918367346939,3.4489795918367347,1.0,23.868333333333336,26.131666666666664,5.283733713390846,0.15101362251579706,0.3053297199638663
11.295918367346939,3.9387755102040813,1.0,25.668333333333337,24.331666666666663,5.708289243893832,0.16588899641350915,0.3486901535682023
11.295918367346939,4.428571428571429,1.0,27.02,22.98,5.5443913878864075,0.1798996468011182,0.39205058717253843
11.295918367346939,4.918367346938775,1.0,29.055000000000003,20.944999999999997,5.180473117789333,0.19311797141262718,0.43541102077687444
11.295918367346939,5.408163265306122,1.0,30.718333333333337,19.281666666666663,5.410055824387445,0.20575572931287653,0.47877145438121044
11.295918367346939,5.8979591836734695,1.0,32.416666666666664,17.583333333333332,4.350947842302501,0.21773992083555588,0.5221318879855466
11.295918367346939,6.387755102040816,1.0,33.75666666666667,16.243333333333332,4.471552483108681,0.22915173711226222,0.5654923215898825
11.295918367346939,6.877551020408163,1.0,34.916666666666664,15.083333333333332,4.630173403569941,0.23994545243992135,0.6088527551942186
11.295918367346939,7.36734693877551,0.9666666666666667,37.29333333333333,12.706666666666665,5.663825521697317,0.2501613971296466,0.6522131887985546
11.295918367346939,7.857142857142857,0.9666666666666667,37.983333333333334,12.016666666666664,5.433442633411593,0.25991129897459675,0.6955736224028907
11.295918367346939,8.346938775510203,0.9666666666666667,38.69166666666667,11.308333333333332,5.371429581324364,0.26929088751484087,0.7389340560072266
11.295918367346939,8.83673469387755,0.9666666666666667,39.29,10.709999999999999,5.249784888860719,0.2782183104397581,0.7822944896115628
11.295918367346939,9.326530612244898,0.9666666666666667,39.913333333333334,10.086666666666664,5.623211337583397,0.2868237132656313,0.8256549232158988
11.295918367346939,9.816326530612244,0.8666666666666667,42.16166666666667,7.83833333333333,7.137331232781395,0.295136502471859,0.8690153568202348
11.295918367346939,10.306122448979592,0.8666666666666667,43.43833333333334,6.561666666666665,7.96139048820915,0.30312456325813025,0.9123757904245708
11.295918367346939,10.795918367346939,0.7666666666666667,44.635000000000005,5.3649999999999975,7.918824690745377,0.31081344248524234,0.955736224028907
11.295918367346939,11.285714285714285,0.7666666666666667,44.951666666666675,5.048333333333331,7.855488783200477,0.3182887360964779,0.9990966576332428
11.295918367346939,11.775510204081632,0.7333333333333333,45.48833333333334,4.511666666666664,7.895848792936676,0.3255454623513464,1.042457091237579
11.295918367346939,12.26530612244898,0.6333333333333333,46.21833333333334,3.7816666666666645,8.353901456219715,0.332552266619479,1.085817524841915
11.295918367346939,12.755102040816325,0.6,47.07166666666667,2.92833333333333,8.490122895553938,0.33946369331881765,1.129177958446251
11.295918367346939,13.244897959183673,0.6,48.22833333333334,1.7716666666666643,8.194822622613131,0.3461394676564372,1.1725383920505872
11.295918367346939,13.73469387755102,0.6,49.04333333333334,0.9566666666666641,8.209915507706407,0.35257171817463395,1.215898825654923
11.295918367346939,14.224489795918368,0.5666666666666667,50.306666666666665,-0.30666666666666986,8.56371387905381,0.35884673658521304,1.2592592592592593
11.295918367346939,14.714285714285714,0.5,50.608333333333334,-0.6083333333333364,8.481918733535405,0.3650388237288217,1.3026196928635951
11.295918367346939,15.204081632653061,0.43333333333333335,51.68333333333333,-1.683333333333336,8.263936330718002,0.3710490996612751,1.3459801264679312
11.295918367346939,15.693877551020408,0.36666666666666664,53.115,-3.1150000000000024,8.411867130470478,0.37689135585254707,1.3893405600722675
11.295918367346939,16.183673469387756,0.3333333333333333,54.36666666666667,-4.36666666666667,8.845945236459288,0.38255578750055036,1.4327009936766035
11.295918367346939,16.6734693877551,0.3,55.067241379310346,-5.067241379310348,9.082462259192447,0.38804311924963886,1.4760614272809394
11.295918367346939,17.163265306122447,0.23333333333333334,55.30517241379311,-5.305172413793106,9.06949700160207,0.39337117037117764,1.5194218608852756
11.295918367346939,17.653061224489797,0.23333333333333334,55.59107142857143,-5.591071428571432,9.160766318942132,0.39857194566648413,1.5627822944896117
11.295918367346939,18.142857142857142,0.23333333333333334,57.744642857142864,-7.744642857142861,10.10788415495286,0.4036137970171739,1.6061427280939475
11.295918367346939,18.632653061224488,0.23333333333333334,58.76071428571429,-8.760714285714288,10.454560914516875,0.4086030697353595,1.6495031616982834
11.295918367346939,19.122448979591837,0.23333333333333334,58.916666666666664,-8.91666666666667,10.17611267777481,0.4134932155592782,1.6928635953026197
11.295918367346939,19.612244897959183,0.2,59.46153846153846,-9.461538461538465,10.315854862223565,0.418358779016178,1.7362240289069557
11.295918367346939,20.10204081632653,0.2,60.00384615384616,-10.003846153846156,10.284531326967924,0.4231186195402908,1.7795844625112915
11.295918367346939,20.591836734693878,0.2,60.09400000000001,-10.094000000000003,9.77214706875277,0.42778043905585594,1.8229448961156278
11.295918367346939,21.081632653061224,0.2,60.81458333333334,-10.814583333333339,10.035604866485722,0.43232982231603767,1.8663053297199637
11.295918367346939,21.57142857142857,0.13333333333333333,61.86041666666667,-11.860416666666671,9.748266057263129,0.436779681081373,1.9096657633242997
11.295918367346939,22.06122448979592,0.1,62.20652173913044,-12.206521739130437,9.777482297557558,0.44109786290085906,1.953026196928636
11.295918367346939,22.551020408163264,0.1,62.68913043478261,-12.689130434782612,9.621448063875302,0.4453180676983173,1.9963866305329718
11.295918367346939,23.04081632653061,0.1,63.38863636363637,-13.388636363636367,9.706023311745062,0.4494315375007638,2.0397470641373077
11.295918367346939,23.53061224489796,0.06666666666666667,63.679545454545455,-13.679545454545456,9.805315117091066,0.45342724780693194,2.083107497741644
11.295918367346939,24.020408163265305,0.03333333333333333,66.01190476190476,-16.011904761904766,8.222346148787231,0.45733391975145615,2.12646793134598
11.295918367346939,24.51020408163265,0.03333333333333333,66.32619047619048,-16.326190476190476,8.262530167079863,0.46118497824061344,2.1698283649503156
11.295918367346939,25.0,0.03333333333333333,67.20952380952382,-17.209523809523812,8.030124828538144,0.4649355518305237,2.2131887985546523
11.53061224489796,1.0,1.0,10.083333333333334,39.916666666666664,0.10199166069132695,0.06419857874938223,0.08672566371681416
11.53061224489796,1.489795918367347,1.0,10.65,39.35,1.1433465700785341,0.08391264699793442,0.12920353982300886
11.53061224489796,1.9795918367346939,1.0,12.786666666666667,37.21333333333334,2.8084826352754413,0.10178812207461108,0.17168141592920352
11.53061224489796,2.4693877551020407,1.0,16.651666666666667,33.348333333333336,4.496406291721187,0.11810958118004004,0.2141592920353982
11.53061224489796,2.9591836734693877,1.0,19.711666666666666,30.288333333333334,5.430972532031273,0.13376468973028308,0.25663716814159293
11.53061224489796,3.4489795918367347,1.0,23.32,26.68,5.945348805057036,0.1491239539997546,0.2991150442477876
11.53061224489796,3.9387755102040813,1.0,25.651666666666667,24.348333333333333,5.80819105516798,0.16377909828334375,0.3415929203539823
11.53061224489796,4.428571428571429,1.0,26.92666666666667,23.07333333333333,5.580287554902732,0.17756600775171077,0.384070796460177
11.53061224489796,4.918367346938775,1.0,29.103333333333335,20.896666666666665,5.259145291337966,0.19056779800324225,0.4265486725663717
11.53061224489796,5.408163265306122,1.0,30.853333333333335,19.146666666666665,5.461225916014383,0.20299527867736686,0.4690265486725663
11.53061224489796,5.8979591836734695,1.0,32.153333333333336,17.846666666666668,5.8872148636324395,0.21477041076773418,0.511504424778761
11.53061224489796,6.387755102040816,1.0,33.85,16.15,4.508440360341769,0.22598444028420406,0.5539823008849557
11.53061224489796,6.877551020408163,1.0,34.931666666666665,15.068333333333332,4.628164962438163,0.2366161787765274,0.5964601769911504
11.53061224489796,7.36734693877551,0.9666666666666667,37.416666666666664,12.583333333333332,5.703422041941641,0.24667644584774645,0.6389380530973451
11.53061224489796,7.857142857142857,0.9666666666666667,38.02166666666667,11.978333333333332,5.425445847456056,0.25631996064005114,0.6814159292035398
11.53061224489796,8.346938775510203,0.9666666666666667,38.723333333333336,11.276666666666666,5.361303452766284,0.2655156759812721,0.7238938053097345
11.53061224489796,8.83673469387755,0.9666666666666667,39.553333333333335,10.446666666666664,5.481786981062575,0.27428474157366445,0.7663716814159292
11.53061224489796,9.326530612244898,0.9333333333333333,41.145,8.854999999999997,6.741960090512919,0.2827805862219001,0.8088495575221241
11.53061224489796,9.816326530612244,0.8666666666666667,42.27166666666667,7.72833333333333,7.100761048737266,0.2909737443829906,0.8513274336283185
11.53061224489796,10.306122448979592,0.8333333333333334,43.765,6.234999999999998,8.062751198973693,0.2989160963897685,0.8938053097345132
11.53061224489796,10.795918367346939,0.7666666666666667,44.68500000000001,5.314999999999998,7.904430774070261,0.30659582133822033,0.936283185840708
11.53061224489796,11.285714285714285,0.7666666666666667,45.12166666666667,4.87833333333333,7.909222937259032,0.3139979803230665,0.9787610619469026
11.53061224489796,11.775510204081632,0.6666666666666666,45.976666666666674,4.023333333333331,8.284579914987608,0.32114481625402724,1.0212389380530973
11.53061224489796,12.26530612244898,0.6333333333333333,46.25333333333334,3.7466666666666644,8.341151964324473,0.32810692316350354,1.063716814159292
11.53061224489796,12.755102040816325,0.6,47.52166666666667,2.4783333333333304,8.012669744647011,0.3349320111407947,1.1061946902654867
11.53061224489796,13.244897959183673,0.6,48.431666666666665,1.5683333333333307,8.096439014322513,0.34152151166629363,1.1486725663716812
11.53061224489796,13.73469387755102,0.6,49.10333333333334,0.8966666666666647,8.196771161333244,0.3478894375265406,1.191150442477876
11.53061224489796,14.224489795918368,0.5666666666666667,50.4,-0.4000000000000033,8.555347188585708,0.3541457240144719,1.2336283185840708
11.53061224489796,14.714285714285714,0.4666666666666667,50.733333333333334,-0.7333333333333366,8.468657563010813,0.360229368767626,1.2761061946902654
11.53061224489796,15.204081632653061,0.43333333333333335,51.781666666666666,-1.7816666666666694,8.314450272467406,0.36616394532537044,1.3185840707964602
11.53061224489796,15.693877551020408,0.36666666666666664,53.21666666666667,-3.216666666666669,8.340939057912848,0.37195877710202124,1.3610619469026548
11.53061224489796,16.183673469387756,0.3,54.91833333333334,-4.9183333333333366,8.942435479155026,0.37753567726871556,1.4035398230088496
11.53061224489796,16.6734693877551,0.26666666666666666,55.10517241379311,-5.105172413793106,9.063657264312575,0.3829555577256483,1.4460176991150442
11.53061224489796,17.163265306122447,0.23333333333333334,55.33275862068966,-5.332758620689658,9.065931871002293,0.3882864082486414,1.4884955752212388
11.53061224489796,17.653061224489797,0.23333333333333334,55.64107142857143,-5.641071428571432,9.124753203881518,0.39343931194952947,1.5309734513274336
11.53061224489796,18.142857142857142,0.23333333333333334,57.77321428571429,-7.773214285714289,10.096520138906472,0.39845329939113633,1.5734513274336281
11.53061224489796,18.632653061224488,0.23333333333333334,59.080357142857146,-9.080357142857144,10.391648527879688,0.4034226963416026,1.615929203539823
11.53061224489796,19.122448979591837,0.23333333333333334,58.927777777777784,-8.92777777777778,10.167125882861328,0.40836223507247404,1.6584070796460177
11.53061224489796,19.612244897959183,0.2,59.53653846153846,-9.536538461538465,10.341910439491416,0.4132263825018042,1.7008849557522123
11.53061224489796,20.10204081632653,0.2,60.05769230769231,-10.05769230769231,10.316246335830607,0.4179746869356355,1.743362831858407
11.53061224489796,20.591836734693878,0.2,60.108000000000004,-10.108000000000004,9.771127536437815,0.42263906397233286,1.7858407079646017
11.53061224489796,21.081632653061224,0.2,60.831250000000004,-10.831250000000004,10.030755016231437,0.42716040904300134,1.8283185840707963
11.53061224489796,21.57142857142857,0.13333333333333333,61.87291666666667,-11.87291666666667,9.75319322477055,0.43156402954340783,1.8707964601769909
11.53061224489796,22.06122448979592,0.1,62.23478260869565,-12.234782608695657,9.767751146020917,0.4358729910949475,1.9132743362831859
11.53061224489796,22.551020408163264,0.1,62.69130434782609,-12.69130434782609,9.622767181083823,0.4400834604531772,1.9557522123893805
11.53061224489796,23.04081632653061,0.06666666666666667,63.41136363636363,-13.411363636363639,9.679789104085229,0.44417245964640784,1.998230088495575
11.53061224489796,23.53061224489796,0.06666666666666667,63.686363636363645,-13.68636363636364,9.797961180268235,0.4481478202079095,2.04070796460177
11.53061224489796,24.020408163265305,0.03333333333333333,66.01666666666668,-16.01666666666667,8.224617518969094,0.4520340372932467,2.0831858407079644
11.53061224489796,24.51020408163265,0.03333333333333333,66.5904761904762,-16.590476190476192,8.082320506012167,0.45586472354047886,2.125663716814159
11.53061224489796,25.0,0.03333333333333333,67.2357142857143,-17.235714285714288,7.9696477785587065,0.4596309273354248,2.168141592920354
11.76530612244898,1.0,1.0,10.073333333333334,39.92666666666667,0.06914918072835342,0.0637238719326453,0.08499566348655681
11.76530612244898,1.489795918367347,1.0,10.533333333333333,39.46666666666667,0.9232003306838189,0.08313633598437646,0.1266261925411969
11.76530612244898,1.9795918367346939,1.0,12.751666666666667,37.248333333333335,2.8152443188314313,0.10076195089606327,0.16825672159583693
11.76530612244898,2.4693877551020407,1.0,16.335,33.665,4.48597719335602,0.11688375643438516,0.209887250650477
11.76530612244898,2.9591836734693877,1.0,19.498333333333335,30.501666666666665,5.497561894295434,0.13223270377901558,0.2515177797051171
11.76530612244898,3.4489795918367347,1.0,23.315,26.685,5.945414779185027,0.1472938411452384,0.29314830875975717
11.76530612244898,3.9387755102040813,1.0,25.648333333333333,24.351666666666667,5.819741719196903,0.16173462285905268,0.3347788378143972
11.76530612244898,4.428571428571429,1.0,26.748333333333335,23.251666666666665,5.726834645549955,0.17530527042997537,0.3764093668690373
11.76530612244898,4.918367346938775,1.0,28.490000000000002,21.509999999999998,6.3303919364416545,0.18812390175800758,0.41803989592367735
11.76530612244898,5.408163265306122,1.0,30.860000000000003,19.139999999999997,5.476035565739267,0.2003196922571486,0.4596704249783174
11.76530612244898,5.8979591836734695,1.0,32.17,17.83,5.913523367730076,0.21190442474399446,0.5013009540329575
11.76530612244898,6.387755102040816,1.0,33.416666666666664,16.583333333333332,5.998654063597322,0.2229143531429789,0.5429314830875975
11.76530612244898,6.877551020408163,1.0,35.513333333333335,14.486666666666666,5.240096296386385,0.23338826185693531,0.5845620121422376
11.76530612244898,7.36734693877551,0.9666666666666667,37.43500000000001,12.564999999999998,5.703222773134502,0.2433335685524404,0.6261925411968777
11.76530612244898,7.857142857142857,0.9666666666666667,38.080000000000005,11.919999999999998,5.429891724328491,0.25283523865146834,0.6678230702515177
11.76530612244898,8.346938775510203,0.9666666666666667,38.74666666666667,11.25333333333333,5.358395496680941,0.2618519360161204,0.7094535993061578
11.76530612244898,8.83673469387755,0.9666666666666667,39.723333333333336,10.276666666666666,5.579994026281151,0.27047798108012844,0.7510841283607979
11.76530612244898,9.326530612244898,0.9333333333333333,41.59166666666667,8.408333333333331,6.810983565274312,0.2788683409459817,0.792714657415438
11.76530612244898,9.816326530612244,0.8666666666666667,42.63,7.369999999999998,6.949306589075311,0.2869909143129835,0.8343451864700779
11.76530612244898,10.306122448979592,0.8333333333333334,43.79333333333334,6.206666666666664,8.049831154079905,0.2949262191154222,0.8759757155247182
11.76530612244898,10.795918367346939,0.7666666666666667,44.748333333333335,5.251666666666664,7.904107218373258,0.3025041127501425,0.9176062445793582
11.76530612244898,11.285714285714285,0.7666666666666667,45.186666666666675,4.813333333333331,7.892488062461163,0.30982182672895475,0.9592367736339982
11.76530612244898,11.775510204081632,0.6666666666666666,46.016666666666666,3.983333333333331,8.270026199071763,0.3168698176888041,1.0008673026886383
11.76530612244898,12.26530612244898,0.6,46.675,3.324999999999998,8.460208585510454,0.3237906077991358,1.0424978317432785
11.76530612244898,12.755102040816325,0.6,47.545,2.4549999999999974,7.998516565050004,0.3305138802041415,1.0841283607979184
11.76530612244898,13.244897959183673,0.6,48.46000000000001,1.5399999999999971,8.088683026516016,0.3370664831476476,1.1257588898525586
11.76530612244898,13.73469387755102,0.6,49.34166666666667,0.6583333333333312,8.180718324135759,0.3433929417365998,1.1673894189071985
11.76530612244898,14.224489795918368,0.5333333333333333,50.44833333333334,-0.44833333333333697,8.556057375689573,0.34956979113022313,1.2090199479618386
11.76530612244898,14.714285714285714,0.4666666666666667,50.86166666666667,-0.86166666666667,8.357958042708647,0.3555293892854976,1.2506504770164786
11.76530612244898,15.204081632653061,0.4,52.516666666666666,-2.5166666666666697,8.715061609109526,0.3614292026864069,1.2922810060711187
11.76530612244898,15.693877551020408,0.3333333333333333,53.845000000000006,-3.845000000000003,8.33553206625625,0.36713545871954434,1.3339115351257589
11.76530612244898,16.183673469387756,0.3,54.97833333333334,-4.978333333333337,8.90267959790694,0.3726685346172135,1.3755420641803988
11.76530612244898,16.6734693877551,0.26666666666666666,55.139655172413796,-5.139655172413796,9.05596073737333,0.37808662542411997,1.417172593235039
11.76530612244898,17.163265306122447,0.23333333333333334,55.20357142857143,-5.203571428571432,9.199184027536724,0.38334858298995567,1.458803122289679
11.76530612244898,17.653061224489797,0.23333333333333334,55.69285714285714,-5.6928571428571475,9.089184805211104,0.38845593425643293,1.5004336513443193
11.76530612244898,18.142857142857142,0.23333333333333334,57.80535714285715,-7.805357142857146,10.048432154152895,0.3935239132462419,1.5420641803989592
11.76530612244898,18.632653061224488,0.23333333333333334,59.107142857142854,-9.10714285714286,10.37545817181739,0.3985366805027385,1.5836947094535991
11.76530612244898,19.122448979591837,0.23333333333333334,58.986538461538466,-8.986538461538466,10.336726345340749,0.4034309486859143,1.6253252385082395
11.76530612244898,19.612244897959183,0.2,59.54615384615385,-9.54615384615385,10.341691574176085,0.40828926223760503,1.6669557675628794
11.76530612244898,20.10204081632653,0.2,60.17884615384616,-10.178846153846157,10.376176300322996,0.41303166149639675,1.7085862966175194
11.76530612244898,20.591836734693878,0.2,60.522000000000006,-10.522000000000002,9.826506245863786,0.4176562186536448,1.7502168256721595
11.76530612244898,21.081632653061224,0.13333333333333333,61.69583333333333,-11.695833333333338,9.699696506532595,0.4221958657955745,1.7918473547268
11.76530612244898,21.57142857142857,0.13333333333333333,61.810869565217395,-11.810869565217395,9.951232866993042,0.42659960820216636,1.8334778837814396
11.76530612244898,22.06122448979592,0.1,62.39782608695653,-12.397826086956526,9.637916106579803,0.4308731291027334,1.8751084128360798
11.76530612244898,22.551020408163264,0.1,62.70217391304348,-12.702173913043483,9.629316957047815,0.43502325099261685,1.9167389418907197
11.76530612244898,23.04081632653061,0.06666666666666667,63.434090909090905,-13.434090909090912,9.673348097732939,0.4390838260827995,1.9583694709453596
11.76530612244898,23.53061224489796,0.06666666666666667,64.25909090909092,-14.259090909090911,9.426717809397324,0.4430723696240568,2.0
11.76530612244898,24.020408163265305,0.03333333333333333,66.01666666666668,-16.01666666666667,8.224617518969094,0.4469623314605022,2.04163052905464
11.76530612244898,24.51020408163265,0.03333333333333333,66.75952380952381,-16.759523809523813,7.932569240914622,0.45077705795928374,2.08326105810928
11.76530612244898,25.0,0.03333333333333333,67.2547619047619,-17.25476190476191,7.964168267338165,0.4545036238901846,2.12489158716392
12.0,1.0,1.0,10.066666666666666,39.93333333333333,0.05773502691896263,0.06326244900221868,0.08333333333333333
12.0,1.489795918367347,1.0,10.528333333333334,39.47166666666667,0.9252849825057018,0.08238381915642957,0.12414965986394559
12.0,1.9795918367346939,1.0,12.605,37.394999999999996,2.8713012188997475,0.09980527886925489,0.1649659863945578
12.0,2.4693877551020407,1.0,16.193333333333335,33.806666666666665,4.549511783836194,0.11570079631165826,0.20578231292517005
12.0,2.9591836734693877,1.0,19.345000000000002,30.654999999999998,5.7026060285838955,0.1307477022568469,0.2465986394557823
12.0,3.4489795918367347,1.0,23.030000000000005,26.970000000000002,6.101449799447049,0.14552071366944935,0.28741496598639454
12.0,3.9387755102040813,1.0,25.358333333333334,24.641666666666666,6.079503203009462,0.15975288852538128,0.3282312925170068
12.0,4.428571428571429,1.0,26.720000000000002,23.279999999999998,5.815579551277875,0.17312430591180977,0.3690476190476191
12.0,4.918367346938775,1.0,28.50166666666667,21.49833333333333,6.341631511676239,0.1857541902918839,0.4098639455782313
12.0,5.408163265306122,1.0,31.035000000000004,18.964999999999996,5.6385855098352575,0.19772540254845009,0.4506802721088435
12.0,5.8979591836734695,1.0,32.29333333333334,17.706666666666663,6.085550060613247,0.2091290050397588,0.4914965986394558
12.0,6.387755102040816,1.0,33.43,16.57,6.0086948493914605,0.21995342687851202,0.532312925170068
12.0,6.877551020408163,1.0,35.083333333333336,14.916666666666664,6.736843286826878,0.23026329721630626,0.5731292517006802
12.0,7.36734693877551,0.9666666666666667,37.54333333333334,12.456666666666665,5.721944047101555,0.24009704164002474,0.6139455782312925
12.0,7.857142857142857,0.9666666666666667,38.145,11.854999999999999,5.419351500839854,0.24945252760938483,0.6547619047619048
12.0,8.346938775510203,0.9666666666666667,38.83500000000001,11.164999999999997,5.344561367118591,0.2583039675565636,0.695578231292517
12.0,8.83673469387755,0.9666666666666667,39.75666666666667,10.243333333333332,5.607626170169318,0.2668165481123614,0.7363945578231292
12.0,9.326530612244898,0.9333333333333333,41.65166666666667,8.348333333333331,6.775736164780374,0.27516231229619315,0.7772108843537414
12.0,9.816326530612244,0.8666666666666667,42.690000000000005,7.309999999999998,6.935632631562892,0.28324057051883245,0.8180272108843537
12.0,10.306122448979592,0.8333333333333334,44.11166666666667,5.888333333333332,8.011722912269775,0.2910430978567456,0.858843537414966
12.0,10.795918367346939,0.7666666666666667,44.778333333333336,5.221666666666664,7.940616706412729,0.2985205108376175,0.8996598639455783
12.0,11.285714285714285,0.7666666666666667,45.223333333333336,4.776666666666665,7.876708718105873,0.30577085098958473,0.9404761904761904
12.0,11.775510204081632,0.6333333333333333,46.123333333333335,3.8766666666666643,8.295914380121028,0.312732874697979,0.9812925170068026
12.0,12.26530612244898,0.6,46.855000000000004,3.144999999999998,8.38927219316637,0.3195806014123742,1.022108843537415
12.0,12.755102040816325,0.6,47.61,2.389999999999998,7.997277554009369,0.32627931300203045,1.0629251700680271
12.0,13.244897959183673,0.6,48.50166666666667,1.4983333333333309,8.091220053491499,0.3327506985927143,1.1037414965986394
12.0,13.73469387755102,0.6,49.36666666666667,0.6333333333333308,8.17218087354196,0.33900179306706496,1.1445578231292517
12.0,14.224489795918368,0.5333333333333333,50.49333333333334,-0.49333333333333657,8.533349721607827,0.34510419882118604,1.185374149659864
12.0,14.714285714285714,0.43333333333333335,51.395,-1.3950000000000027,8.269088158044832,0.35098270286203015,1.226190476190476
12.0,15.204081632653061,0.4,52.55833333333333,-2.5583333333333362,8.71231869977429,0.3568247747630293,1.2670068027210883
12.0,15.693877551020408,0.3333333333333333,53.951666666666675,-3.9516666666666698,8.377571487190574,0.3624824819798695,1.3078231292517006
12.0,16.183673469387756,0.3,55.035000000000004,-5.035000000000003,8.892811413022667,0.3679571541460612,1.348639455782313
12.0,16.6734693877551,0.26666666666666666,55.15862068965518,-5.1586206896551765,9.0514508403499,0.37337098755167547,1.3894557823129252
12.0,17.163265306122447,0.23333333333333334,55.267857142857146,-5.267857142857147,9.164587787356794,0.3786174507215092,1.430272108843537
12.0,17.653061224489797,0.23333333333333334,56.31071428571429,-6.3107142857142895,8.892218374457952,0.3837448495079579,1.4710884353741498
12.0,18.142857142857142,0.23333333333333334,58.03750000000001,-8.037500000000003,9.876577464253872,0.38880464612999577,1.5119047619047619
12.0,18.632653061224488,0.23333333333333334,59.15714285714286,-9.15714285714286,10.389575565117203,0.3937865830111816,1.552721088435374
12.0,19.122448979591837,0.23333333333333334,59.050000000000004,-9.050000000000002,10.277013184773093,0.39871042603270274,1.5935374149659864
12.0,19.612244897959183,0.2,59.58653846153846,-9.586538461538463,10.378030234031002,0.40357446148656434,1.6343537414965985
12.0,20.10204081632653,0.2,60.25961538461539,-10.259615384615387,10.404335819558778,0.4083166244632127,1.6751700680272108
12.0,20.591836734693878,0.2,60.538000000000004,-10.538000000000004,9.820718744912039,0.4129302137377545,1.715986394557823
12.0,21.081632653061224,0.13333333333333333,61.73541666666667,-11.735416666666671,9.72830338627257,0.4174039563412408,1.7568027210884354
12.0,21.57142857142857,0.13333333333333333,61.82826086956523,-11.82826086956522,9.933527091336103,0.4217517296137668,1.7976190476190474
12.0,22.06122448979592,0.1,62.426086956521736,-12.426086956521742,9.596553234995099,0.42600749768245794,1.83843537414966
12.0,22.551020408163264,0.1,63.619565217391305,-13.61956521739131,10.000792458719038,0.4301810615597644,1.879251700680272
12.0,23.04081632653061,0.06666666666666667,63.434090909090905,-13.434090909090912,9.673348097732939,0.43423569555215596,1.920068027210884
12.0,23.53061224489796,0.06666666666666667,64.26818181818182,-14.268181818181823,9.425238982122941,0.4381761644477046,1.9608843537414964
12.0,24.020408163265305,0.03333333333333333,66.01904761904763,-16.01904761904762,8.223874941146605,0.44202250370704343,2.001700680272109
12.0,24.51020408163265,0.03333333333333333,66.7904761904762,-16.790476190476195,7.950843022089217,0.44580006686153795,2.0425170068027207
12.0,25.0,0.03333333333333333,67.26428571428572,-17.264285714285716,7.951055635215096,0.44947546497889607,2.0833333333333335
